name	lambda_nm	value
cie-x	360.000000000000	0.000129900000000000
cie-x	361.000000000000	0.000145847000000000
cie-x	362.000000000000	0.000163802100000000
cie-x	363.000000000000	0.000184003700000000
cie-x	364.000000000000	0.000206690200000000
cie-x	365.000000000000	0.000232100000000000
cie-x	366.000000000000	0.000260728000000000
cie-x	367.000000000000	0.000293075000000000
cie-x	368.000000000000	0.000329388000000000
cie-x	369.000000000000	0.000369914000000000
cie-x	370.000000000000	0.000414900000000000
cie-x	371.000000000000	0.000464158700000000
cie-x	372.000000000000	0.000518986000000000
cie-x	373.000000000000	0.000581854000000000
cie-x	374.000000000000	0.000655234700000000
cie-x	375.000000000000	0.000741600000000000
cie-x	376.000000000000	0.000845029600000000
cie-x	377.000000000000	0.000964526800000000
cie-x	378.000000000000	0.00109494900000000
cie-x	379.000000000000	0.00123115400000000
cie-x	380.000000000000	0.00136800000000000
cie-x	381.000000000000	0.00150205000000000
cie-x	382.000000000000	0.00164232800000000
cie-x	383.000000000000	0.00180238200000000
cie-x	384.000000000000	0.00199575700000000
cie-x	385.000000000000	0.00223600000000000
cie-x	386.000000000000	0.00253538500000000
cie-x	387.000000000000	0.00289260300000000
cie-x	388.000000000000	0.00330082900000000
cie-x	389.000000000000	0.00375323600000000
cie-x	390.000000000000	0.00424300000000000
cie-x	391.000000000000	0.00476238900000000
cie-x	392.000000000000	0.00533004800000000
cie-x	393.000000000000	0.00597871200000000
cie-x	394.000000000000	0.00674111700000000
cie-x	395.000000000000	0.00765000000000000
cie-x	396.000000000000	0.00875137300000000
cie-x	397.000000000000	0.0100288800000000
cie-x	398.000000000000	0.0114217000000000
cie-x	399.000000000000	0.0128690100000000
cie-x	400.000000000000	0.0143100000000000
cie-x	401.000000000000	0.0157044300000000
cie-x	402.000000000000	0.0171474400000000
cie-x	403.000000000000	0.0187812200000000
cie-x	404.000000000000	0.0207480100000000
cie-x	405.000000000000	0.0231900000000000
cie-x	406.000000000000	0.0262073600000000
cie-x	407.000000000000	0.0297824800000000
cie-x	408.000000000000	0.0338809200000000
cie-x	409.000000000000	0.0384682400000000
cie-x	410.000000000000	0.0435100000000000
cie-x	411.000000000000	0.0489956000000000
cie-x	412.000000000000	0.0550226000000000
cie-x	413.000000000000	0.0617188000000000
cie-x	414.000000000000	0.0692120000000000
cie-x	415.000000000000	0.0776300000000000
cie-x	416.000000000000	0.0869581100000000
cie-x	417.000000000000	0.0971767200000000
cie-x	418.000000000000	0.108406300000000
cie-x	419.000000000000	0.120767200000000
cie-x	420.000000000000	0.134380000000000
cie-x	421.000000000000	0.149358200000000
cie-x	422.000000000000	0.165395700000000
cie-x	423.000000000000	0.181983100000000
cie-x	424.000000000000	0.198611000000000
cie-x	425.000000000000	0.214770000000000
cie-x	426.000000000000	0.230186800000000
cie-x	427.000000000000	0.244879700000000
cie-x	428.000000000000	0.258777300000000
cie-x	429.000000000000	0.271807900000000
cie-x	430.000000000000	0.283900000000000
cie-x	431.000000000000	0.294943800000000
cie-x	432.000000000000	0.304896500000000
cie-x	433.000000000000	0.313787300000000
cie-x	434.000000000000	0.321645400000000
cie-x	435.000000000000	0.328500000000000
cie-x	436.000000000000	0.334351300000000
cie-x	437.000000000000	0.339210100000000
cie-x	438.000000000000	0.343121300000000
cie-x	439.000000000000	0.346129600000000
cie-x	440.000000000000	0.348280000000000
cie-x	441.000000000000	0.349599900000000
cie-x	442.000000000000	0.350147400000000
cie-x	443.000000000000	0.350013000000000
cie-x	444.000000000000	0.349287000000000
cie-x	445.000000000000	0.348060000000000
cie-x	446.000000000000	0.346373300000000
cie-x	447.000000000000	0.344262400000000
cie-x	448.000000000000	0.341808800000000
cie-x	449.000000000000	0.339094100000000
cie-x	450.000000000000	0.336200000000000
cie-x	451.000000000000	0.333197700000000
cie-x	452.000000000000	0.330041100000000
cie-x	453.000000000000	0.326635700000000
cie-x	454.000000000000	0.322886800000000
cie-x	455.000000000000	0.318700000000000
cie-x	456.000000000000	0.314025100000000
cie-x	457.000000000000	0.308884000000000
cie-x	458.000000000000	0.303290400000000
cie-x	459.000000000000	0.297257900000000
cie-x	460.000000000000	0.290800000000000
cie-x	461.000000000000	0.283970100000000
cie-x	462.000000000000	0.276721400000000
cie-x	463.000000000000	0.268917800000000
cie-x	464.000000000000	0.260422700000000
cie-x	465.000000000000	0.251100000000000
cie-x	466.000000000000	0.240847500000000
cie-x	467.000000000000	0.229851200000000
cie-x	468.000000000000	0.218407200000000
cie-x	469.000000000000	0.206811500000000
cie-x	470.000000000000	0.195360000000000
cie-x	471.000000000000	0.184213600000000
cie-x	472.000000000000	0.173327300000000
cie-x	473.000000000000	0.162688100000000
cie-x	474.000000000000	0.152283300000000
cie-x	475.000000000000	0.142100000000000
cie-x	476.000000000000	0.132178600000000
cie-x	477.000000000000	0.122569600000000
cie-x	478.000000000000	0.113275200000000
cie-x	479.000000000000	0.104297900000000
cie-x	480.000000000000	0.0956400000000000
cie-x	481.000000000000	0.0872995500000000
cie-x	482.000000000000	0.0793080400000000
cie-x	483.000000000000	0.0717177600000000
cie-x	484.000000000000	0.0645809900000000
cie-x	485.000000000000	0.0579500100000000
cie-x	486.000000000000	0.0518621100000000
cie-x	487.000000000000	0.0462815200000000
cie-x	488.000000000000	0.0411508800000000
cie-x	489.000000000000	0.0364128300000000
cie-x	490.000000000000	0.0320100000000000
cie-x	491.000000000000	0.0279172000000000
cie-x	492.000000000000	0.0241444000000000
cie-x	493.000000000000	0.0206870000000000
cie-x	494.000000000000	0.0175404000000000
cie-x	495.000000000000	0.0147000000000000
cie-x	496.000000000000	0.0121617900000000
cie-x	497.000000000000	0.00991996000000000
cie-x	498.000000000000	0.00796724000000000
cie-x	499.000000000000	0.00629634600000000
cie-x	500.000000000000	0.00490000000000000
cie-x	501.000000000000	0.00377717300000000
cie-x	502.000000000000	0.00294532000000000
cie-x	503.000000000000	0.00242488000000000
cie-x	504.000000000000	0.00223629300000000
cie-x	505.000000000000	0.00240000000000000
cie-x	506.000000000000	0.00292552000000000
cie-x	507.000000000000	0.00383656000000000
cie-x	508.000000000000	0.00517484000000000
cie-x	509.000000000000	0.00698208000000000
cie-x	510.000000000000	0.00930000000000000
cie-x	511.000000000000	0.0121494900000000
cie-x	512.000000000000	0.0155358800000000
cie-x	513.000000000000	0.0194775200000000
cie-x	514.000000000000	0.0239927700000000
cie-x	515.000000000000	0.0291000000000000
cie-x	516.000000000000	0.0348148500000000
cie-x	517.000000000000	0.0411201600000000
cie-x	518.000000000000	0.0479850400000000
cie-x	519.000000000000	0.0553786100000000
cie-x	520.000000000000	0.0632700000000000
cie-x	521.000000000000	0.0716350100000000
cie-x	522.000000000000	0.0804622400000000
cie-x	523.000000000000	0.0897399600000000
cie-x	524.000000000000	0.0994564500000000
cie-x	525.000000000000	0.109600000000000
cie-x	526.000000000000	0.120167400000000
cie-x	527.000000000000	0.131114500000000
cie-x	528.000000000000	0.142367900000000
cie-x	529.000000000000	0.153854200000000
cie-x	530.000000000000	0.165500000000000
cie-x	531.000000000000	0.177257100000000
cie-x	532.000000000000	0.189140000000000
cie-x	533.000000000000	0.201169400000000
cie-x	534.000000000000	0.213365800000000
cie-x	535.000000000000	0.225749900000000
cie-x	536.000000000000	0.238320900000000
cie-x	537.000000000000	0.251066800000000
cie-x	538.000000000000	0.263992200000000
cie-x	539.000000000000	0.277101700000000
cie-x	540.000000000000	0.290400000000000
cie-x	541.000000000000	0.303891200000000
cie-x	542.000000000000	0.317572600000000
cie-x	543.000000000000	0.331438400000000
cie-x	544.000000000000	0.345482800000000
cie-x	545.000000000000	0.359700000000000
cie-x	546.000000000000	0.374083900000000
cie-x	547.000000000000	0.388639600000000
cie-x	548.000000000000	0.403378400000000
cie-x	549.000000000000	0.418311500000000
cie-x	550.000000000000	0.433449900000000
cie-x	551.000000000000	0.448795300000000
cie-x	552.000000000000	0.464336000000000
cie-x	553.000000000000	0.480064000000000
cie-x	554.000000000000	0.495971300000000
cie-x	555.000000000000	0.512050100000000
cie-x	556.000000000000	0.528295900000000
cie-x	557.000000000000	0.544691600000000
cie-x	558.000000000000	0.561209400000000
cie-x	559.000000000000	0.577821500000000
cie-x	560.000000000000	0.594500000000000
cie-x	561.000000000000	0.611220900000000
cie-x	562.000000000000	0.627975800000000
cie-x	563.000000000000	0.644760200000000
cie-x	564.000000000000	0.661569700000000
cie-x	565.000000000000	0.678400000000000
cie-x	566.000000000000	0.695239200000000
cie-x	567.000000000000	0.712058600000000
cie-x	568.000000000000	0.728828400000000
cie-x	569.000000000000	0.745518800000000
cie-x	570.000000000000	0.762100000000000
cie-x	571.000000000000	0.778543200000000
cie-x	572.000000000000	0.794825600000000
cie-x	573.000000000000	0.810926400000000
cie-x	574.000000000000	0.826824800000000
cie-x	575.000000000000	0.842500000000000
cie-x	576.000000000000	0.857932500000000
cie-x	577.000000000000	0.873081600000000
cie-x	578.000000000000	0.887894400000000
cie-x	579.000000000000	0.902318100000000
cie-x	580.000000000000	0.916300000000000
cie-x	581.000000000000	0.929799500000000
cie-x	582.000000000000	0.942798400000000
cie-x	583.000000000000	0.955277600000000
cie-x	584.000000000000	0.967217900000000
cie-x	585.000000000000	0.978600000000000
cie-x	586.000000000000	0.989385600000000
cie-x	587.000000000000	0.999548800000000
cie-x	588.000000000000	1.00908920000000
cie-x	589.000000000000	1.01800640000000
cie-x	590.000000000000	1.02630000000000
cie-x	591.000000000000	1.03398270000000
cie-x	592.000000000000	1.04098600000000
cie-x	593.000000000000	1.04718800000000
cie-x	594.000000000000	1.05246670000000
cie-x	595.000000000000	1.05670000000000
cie-x	596.000000000000	1.05979440000000
cie-x	597.000000000000	1.06179920000000
cie-x	598.000000000000	1.06280680000000
cie-x	599.000000000000	1.06290960000000
cie-x	600.000000000000	1.06220000000000
cie-x	601.000000000000	1.06073520000000
cie-x	602.000000000000	1.05844360000000
cie-x	603.000000000000	1.05522440000000
cie-x	604.000000000000	1.05097680000000
cie-x	605.000000000000	1.04560000000000
cie-x	606.000000000000	1.03903690000000
cie-x	607.000000000000	1.03136080000000
cie-x	608.000000000000	1.02266620000000
cie-x	609.000000000000	1.01304770000000
cie-x	610.000000000000	1.00260000000000
cie-x	611.000000000000	0.991367500000000
cie-x	612.000000000000	0.979331400000000
cie-x	613.000000000000	0.966491600000000
cie-x	614.000000000000	0.952847900000000
cie-x	615.000000000000	0.938400000000000
cie-x	616.000000000000	0.923194000000000
cie-x	617.000000000000	0.907244000000000
cie-x	618.000000000000	0.890502000000000
cie-x	619.000000000000	0.872920000000000
cie-x	620.000000000000	0.854449900000000
cie-x	621.000000000000	0.835084000000000
cie-x	622.000000000000	0.814946000000000
cie-x	623.000000000000	0.794186000000000
cie-x	624.000000000000	0.772954000000000
cie-x	625.000000000000	0.751400000000000
cie-x	626.000000000000	0.729583600000000
cie-x	627.000000000000	0.707588800000000
cie-x	628.000000000000	0.685602200000000
cie-x	629.000000000000	0.663810400000000
cie-x	630.000000000000	0.642400000000000
cie-x	631.000000000000	0.621514900000000
cie-x	632.000000000000	0.601113800000000
cie-x	633.000000000000	0.581105200000000
cie-x	634.000000000000	0.561397700000000
cie-x	635.000000000000	0.541900000000000
cie-x	636.000000000000	0.522599500000000
cie-x	637.000000000000	0.503546400000000
cie-x	638.000000000000	0.484743600000000
cie-x	639.000000000000	0.466193900000000
cie-x	640.000000000000	0.447900000000000
cie-x	641.000000000000	0.429861300000000
cie-x	642.000000000000	0.412098000000000
cie-x	643.000000000000	0.394644000000000
cie-x	644.000000000000	0.377533300000000
cie-x	645.000000000000	0.360800000000000
cie-x	646.000000000000	0.344456300000000
cie-x	647.000000000000	0.328516800000000
cie-x	648.000000000000	0.313019200000000
cie-x	649.000000000000	0.298001100000000
cie-x	650.000000000000	0.283500000000000
cie-x	651.000000000000	0.269544800000000
cie-x	652.000000000000	0.256118400000000
cie-x	653.000000000000	0.243189600000000
cie-x	654.000000000000	0.230727200000000
cie-x	655.000000000000	0.218700000000000
cie-x	656.000000000000	0.207097100000000
cie-x	657.000000000000	0.195923200000000
cie-x	658.000000000000	0.185170800000000
cie-x	659.000000000000	0.174832300000000
cie-x	660.000000000000	0.164900000000000
cie-x	661.000000000000	0.155366700000000
cie-x	662.000000000000	0.146230000000000
cie-x	663.000000000000	0.137490000000000
cie-x	664.000000000000	0.129146700000000
cie-x	665.000000000000	0.121200000000000
cie-x	666.000000000000	0.113639700000000
cie-x	667.000000000000	0.106465000000000
cie-x	668.000000000000	0.0996904400000000
cie-x	669.000000000000	0.0933306100000000
cie-x	670.000000000000	0.0874000000000000
cie-x	671.000000000000	0.0819009600000000
cie-x	672.000000000000	0.0768042800000000
cie-x	673.000000000000	0.0720771200000000
cie-x	674.000000000000	0.0676866400000000
cie-x	675.000000000000	0.0636000000000000
cie-x	676.000000000000	0.0598068500000000
cie-x	677.000000000000	0.0562821600000000
cie-x	678.000000000000	0.0529710400000000
cie-x	679.000000000000	0.0498186100000000
cie-x	680.000000000000	0.0467700000000000
cie-x	681.000000000000	0.0437840500000000
cie-x	682.000000000000	0.0408753600000000
cie-x	683.000000000000	0.0380726400000000
cie-x	684.000000000000	0.0354046100000000
cie-x	685.000000000000	0.0329000000000000
cie-x	686.000000000000	0.0305641900000000
cie-x	687.000000000000	0.0283805600000000
cie-x	688.000000000000	0.0263448400000000
cie-x	689.000000000000	0.0244527500000000
cie-x	690.000000000000	0.0227000000000000
cie-x	691.000000000000	0.0210842900000000
cie-x	692.000000000000	0.0195998800000000
cie-x	693.000000000000	0.0182373200000000
cie-x	694.000000000000	0.0169871700000000
cie-x	695.000000000000	0.0158400000000000
cie-x	696.000000000000	0.0147906400000000
cie-x	697.000000000000	0.0138313200000000
cie-x	698.000000000000	0.0129486800000000
cie-x	699.000000000000	0.0121292000000000
cie-x	700.000000000000	0.0113591600000000
cie-x	701.000000000000	0.0106293500000000
cie-x	702.000000000000	0.00993884600000000
cie-x	703.000000000000	0.00928842200000000
cie-x	704.000000000000	0.00867885400000000
cie-x	705.000000000000	0.00811091600000000
cie-x	706.000000000000	0.00758238800000000
cie-x	707.000000000000	0.00708874600000000
cie-x	708.000000000000	0.00662731300000000
cie-x	709.000000000000	0.00619540800000000
cie-x	710.000000000000	0.00579034600000000
cie-x	711.000000000000	0.00540982600000000
cie-x	712.000000000000	0.00505258300000000
cie-x	713.000000000000	0.00471751200000000
cie-x	714.000000000000	0.00440350700000000
cie-x	715.000000000000	0.00410945700000000
cie-x	716.000000000000	0.00383391300000000
cie-x	717.000000000000	0.00357574800000000
cie-x	718.000000000000	0.00333434200000000
cie-x	719.000000000000	0.00310907500000000
cie-x	720.000000000000	0.00289932700000000
cie-x	721.000000000000	0.00270434800000000
cie-x	722.000000000000	0.00252302000000000
cie-x	723.000000000000	0.00235416800000000
cie-x	724.000000000000	0.00219661600000000
cie-x	725.000000000000	0.00204919000000000
cie-x	726.000000000000	0.00191096000000000
cie-x	727.000000000000	0.00178143800000000
cie-x	728.000000000000	0.00166011000000000
cie-x	729.000000000000	0.00154645900000000
cie-x	730.000000000000	0.00143997100000000
cie-x	731.000000000000	0.00134004200000000
cie-x	732.000000000000	0.00124627500000000
cie-x	733.000000000000	0.00115847100000000
cie-x	734.000000000000	0.00107643000000000
cie-x	735.000000000000	0.000999949300000000
cie-x	736.000000000000	0.000928735800000000
cie-x	737.000000000000	0.000862433200000000
cie-x	738.000000000000	0.000800750300000000
cie-x	739.000000000000	0.000743396000000000
cie-x	740.000000000000	0.000690078600000000
cie-x	741.000000000000	0.000640515600000000
cie-x	742.000000000000	0.000594502100000000
cie-x	743.000000000000	0.000551864600000000
cie-x	744.000000000000	0.000512429000000000
cie-x	745.000000000000	0.000476021300000000
cie-x	746.000000000000	0.000442453600000000
cie-x	747.000000000000	0.000411511700000000
cie-x	748.000000000000	0.000382981400000000
cie-x	749.000000000000	0.000356649100000000
cie-x	750.000000000000	0.000332301100000000
cie-x	751.000000000000	0.000309758600000000
cie-x	752.000000000000	0.000288887100000000
cie-x	753.000000000000	0.000269539400000000
cie-x	754.000000000000	0.000251568200000000
cie-x	755.000000000000	0.000234826100000000
cie-x	756.000000000000	0.000219171000000000
cie-x	757.000000000000	0.000204525800000000
cie-x	758.000000000000	0.000190840500000000
cie-x	759.000000000000	0.000178065400000000
cie-x	760.000000000000	0.000166150500000000
cie-x	761.000000000000	0.000155023600000000
cie-x	762.000000000000	0.000144621900000000
cie-x	763.000000000000	0.000134909800000000
cie-x	764.000000000000	0.000125852000000000
cie-x	765.000000000000	0.000117413000000000
cie-x	766.000000000000	0.000109551500000000
cie-x	767.000000000000	0.000102224500000000
cie-x	768.000000000000	0.0000953944500000000
cie-x	769.000000000000	0.0000890239000000000
cie-x	770.000000000000	0.0000830752700000000
cie-x	771.000000000000	0.0000775126900000000
cie-x	772.000000000000	0.0000723130400000000
cie-x	773.000000000000	0.0000674577800000000
cie-x	774.000000000000	0.0000629284400000000
cie-x	775.000000000000	0.0000587065200000000
cie-x	776.000000000000	0.0000547702800000000
cie-x	777.000000000000	0.0000510991800000000
cie-x	778.000000000000	0.0000476765400000000
cie-x	779.000000000000	0.0000444856700000000
cie-x	780.000000000000	0.0000415099400000000
cie-x	781.000000000000	0.0000387332400000000
cie-x	782.000000000000	0.0000361420300000000
cie-x	783.000000000000	0.0000337235200000000
cie-x	784.000000000000	0.0000314648700000000
cie-x	785.000000000000	0.0000293532600000000
cie-x	786.000000000000	0.0000273757300000000
cie-x	787.000000000000	0.0000255243300000000
cie-x	788.000000000000	0.0000237937600000000
cie-x	789.000000000000	0.0000221787000000000
cie-x	790.000000000000	0.0000206738300000000
cie-x	791.000000000000	0.0000192722600000000
cie-x	792.000000000000	0.0000179664000000000
cie-x	793.000000000000	0.0000167499100000000
cie-x	794.000000000000	0.0000156164800000000
cie-x	795.000000000000	0.0000145597700000000
cie-x	796.000000000000	0.0000135738700000000
cie-x	797.000000000000	0.0000126543600000000
cie-x	798.000000000000	0.0000117972300000000
cie-x	799.000000000000	0.0000109984400000000
cie-x	800.000000000000	0.0000102539800000000
cie-x	801.000000000000	0.00000955964600000000
cie-x	802.000000000000	0.00000891204400000000
cie-x	803.000000000000	0.00000830835800000000
cie-x	804.000000000000	0.00000774576900000000
cie-x	805.000000000000	0.00000722145600000000
cie-x	806.000000000000	0.00000673247500000000
cie-x	807.000000000000	0.00000627642300000000
cie-x	808.000000000000	0.00000585130400000000
cie-x	809.000000000000	0.00000545511800000000
cie-x	810.000000000000	0.00000508586800000000
cie-x	811.000000000000	0.00000474146600000000
cie-x	812.000000000000	0.00000442023600000000
cie-x	813.000000000000	0.00000412078300000000
cie-x	814.000000000000	0.00000384171600000000
cie-x	815.000000000000	0.00000358165200000000
cie-x	816.000000000000	0.00000333912700000000
cie-x	817.000000000000	0.00000311294900000000
cie-x	818.000000000000	0.00000290212100000000
cie-x	819.000000000000	0.00000270564500000000
cie-x	820.000000000000	0.00000252252500000000
cie-x	821.000000000000	0.00000235172600000000
cie-x	822.000000000000	0.00000219241500000000
cie-x	823.000000000000	0.00000204390200000000
cie-x	824.000000000000	0.00000190549700000000
cie-x	825.000000000000	0.00000177650900000000
cie-x	826.000000000000	0.00000165621500000000
cie-x	827.000000000000	0.00000154402200000000
cie-x	828.000000000000	0.00000143944000000000
cie-x	829.000000000000	0.00000134197700000000
cie-x	830.000000000000	0.00000125114100000000
cie-y	360.000000000000	0.00000391700000000000
cie-y	361.000000000000	0.00000439358100000000
cie-y	362.000000000000	0.00000492960400000000
cie-y	363.000000000000	0.00000553213600000000
cie-y	364.000000000000	0.00000620824500000000
cie-y	365.000000000000	0.00000696500000000000
cie-y	366.000000000000	0.00000781321900000000
cie-y	367.000000000000	0.00000876733600000000
cie-y	368.000000000000	0.00000983984400000000
cie-y	369.000000000000	0.0000110432300000000
cie-y	370.000000000000	0.0000123900000000000
cie-y	371.000000000000	0.0000138864100000000
cie-y	372.000000000000	0.0000155572800000000
cie-y	373.000000000000	0.0000174429600000000
cie-y	374.000000000000	0.0000195837500000000
cie-y	375.000000000000	0.0000220200000000000
cie-y	376.000000000000	0.0000248396500000000
cie-y	377.000000000000	0.0000280412600000000
cie-y	378.000000000000	0.0000315310400000000
cie-y	379.000000000000	0.0000352152100000000
cie-y	380.000000000000	0.0000390000000000000
cie-y	381.000000000000	0.0000428264000000000
cie-y	382.000000000000	0.0000469146000000000
cie-y	383.000000000000	0.0000515896000000000
cie-y	384.000000000000	0.0000571764000000000
cie-y	385.000000000000	0.0000640000000000000
cie-y	386.000000000000	0.0000723442100000000
cie-y	387.000000000000	0.0000822122400000000
cie-y	388.000000000000	0.0000935081600000000
cie-y	389.000000000000	0.000106136100000000
cie-y	390.000000000000	0.000120000000000000
cie-y	391.000000000000	0.000134984000000000
cie-y	392.000000000000	0.000151492000000000
cie-y	393.000000000000	0.000170208000000000
cie-y	394.000000000000	0.000191816000000000
cie-y	395.000000000000	0.000217000000000000
cie-y	396.000000000000	0.000246906700000000
cie-y	397.000000000000	0.000281240000000000
cie-y	398.000000000000	0.000318520000000000
cie-y	399.000000000000	0.000357266700000000
cie-y	400.000000000000	0.000396000000000000
cie-y	401.000000000000	0.000433714700000000
cie-y	402.000000000000	0.000473024000000000
cie-y	403.000000000000	0.000517876000000000
cie-y	404.000000000000	0.000572218700000000
cie-y	405.000000000000	0.000640000000000000
cie-y	406.000000000000	0.000724560000000000
cie-y	407.000000000000	0.000825500000000000
cie-y	408.000000000000	0.000941160000000000
cie-y	409.000000000000	0.00106988000000000
cie-y	410.000000000000	0.00121000000000000
cie-y	411.000000000000	0.00136209100000000
cie-y	412.000000000000	0.00153075200000000
cie-y	413.000000000000	0.00172036800000000
cie-y	414.000000000000	0.00193532300000000
cie-y	415.000000000000	0.00218000000000000
cie-y	416.000000000000	0.00245480000000000
cie-y	417.000000000000	0.00276400000000000
cie-y	418.000000000000	0.00311780000000000
cie-y	419.000000000000	0.00352640000000000
cie-y	420.000000000000	0.00400000000000000
cie-y	421.000000000000	0.00454624000000000
cie-y	422.000000000000	0.00515932000000000
cie-y	423.000000000000	0.00582928000000000
cie-y	424.000000000000	0.00654616000000000
cie-y	425.000000000000	0.00730000000000000
cie-y	426.000000000000	0.00808650700000000
cie-y	427.000000000000	0.00890872000000000
cie-y	428.000000000000	0.00976768000000000
cie-y	429.000000000000	0.0106644300000000
cie-y	430.000000000000	0.0116000000000000
cie-y	431.000000000000	0.0125731700000000
cie-y	432.000000000000	0.0135827200000000
cie-y	433.000000000000	0.0146296800000000
cie-y	434.000000000000	0.0157150900000000
cie-y	435.000000000000	0.0168400000000000
cie-y	436.000000000000	0.0180073600000000
cie-y	437.000000000000	0.0192144800000000
cie-y	438.000000000000	0.0204539200000000
cie-y	439.000000000000	0.0217182400000000
cie-y	440.000000000000	0.0230000000000000
cie-y	441.000000000000	0.0242946100000000
cie-y	442.000000000000	0.0256102400000000
cie-y	443.000000000000	0.0269585700000000
cie-y	444.000000000000	0.0283512500000000
cie-y	445.000000000000	0.0298000000000000
cie-y	446.000000000000	0.0313108300000000
cie-y	447.000000000000	0.0328836800000000
cie-y	448.000000000000	0.0345211200000000
cie-y	449.000000000000	0.0362257100000000
cie-y	450.000000000000	0.0380000000000000
cie-y	451.000000000000	0.0398466700000000
cie-y	452.000000000000	0.0417680000000000
cie-y	453.000000000000	0.0437660000000000
cie-y	454.000000000000	0.0458426700000000
cie-y	455.000000000000	0.0480000000000000
cie-y	456.000000000000	0.0502436800000000
cie-y	457.000000000000	0.0525730400000000
cie-y	458.000000000000	0.0549805600000000
cie-y	459.000000000000	0.0574587200000000
cie-y	460.000000000000	0.0600000000000000
cie-y	461.000000000000	0.0626019700000000
cie-y	462.000000000000	0.0652775200000000
cie-y	463.000000000000	0.0680420800000000
cie-y	464.000000000000	0.0709110900000000
cie-y	465.000000000000	0.0739000000000000
cie-y	466.000000000000	0.0770160000000000
cie-y	467.000000000000	0.0802664000000000
cie-y	468.000000000000	0.0836668000000000
cie-y	469.000000000000	0.0872328000000000
cie-y	470.000000000000	0.0909800000000000
cie-y	471.000000000000	0.0949175500000000
cie-y	472.000000000000	0.0990458400000000
cie-y	473.000000000000	0.103367400000000
cie-y	474.000000000000	0.107884600000000
cie-y	475.000000000000	0.112600000000000
cie-y	476.000000000000	0.117532000000000
cie-y	477.000000000000	0.122674400000000
cie-y	478.000000000000	0.127992800000000
cie-y	479.000000000000	0.133452800000000
cie-y	480.000000000000	0.139020000000000
cie-y	481.000000000000	0.144676400000000
cie-y	482.000000000000	0.150469300000000
cie-y	483.000000000000	0.156461900000000
cie-y	484.000000000000	0.162717700000000
cie-y	485.000000000000	0.169300000000000
cie-y	486.000000000000	0.176243100000000
cie-y	487.000000000000	0.183558100000000
cie-y	488.000000000000	0.191273500000000
cie-y	489.000000000000	0.199418000000000
cie-y	490.000000000000	0.208020000000000
cie-y	491.000000000000	0.217119900000000
cie-y	492.000000000000	0.226734500000000
cie-y	493.000000000000	0.236857100000000
cie-y	494.000000000000	0.247481200000000
cie-y	495.000000000000	0.258600000000000
cie-y	496.000000000000	0.270184900000000
cie-y	497.000000000000	0.282293900000000
cie-y	498.000000000000	0.295050500000000
cie-y	499.000000000000	0.308578000000000
cie-y	500.000000000000	0.323000000000000
cie-y	501.000000000000	0.338402100000000
cie-y	502.000000000000	0.354685800000000
cie-y	503.000000000000	0.371698600000000
cie-y	504.000000000000	0.389287500000000
cie-y	505.000000000000	0.407300000000000
cie-y	506.000000000000	0.425629900000000
cie-y	507.000000000000	0.444309600000000
cie-y	508.000000000000	0.463394400000000
cie-y	509.000000000000	0.482939500000000
cie-y	510.000000000000	0.503000000000000
cie-y	511.000000000000	0.523569300000000
cie-y	512.000000000000	0.544512000000000
cie-y	513.000000000000	0.565690000000000
cie-y	514.000000000000	0.586965300000000
cie-y	515.000000000000	0.608200000000000
cie-y	516.000000000000	0.629345600000000
cie-y	517.000000000000	0.650306800000000
cie-y	518.000000000000	0.670875200000000
cie-y	519.000000000000	0.690842400000000
cie-y	520.000000000000	0.710000000000000
cie-y	521.000000000000	0.728185200000000
cie-y	522.000000000000	0.745463600000000
cie-y	523.000000000000	0.761969400000000
cie-y	524.000000000000	0.777836800000000
cie-y	525.000000000000	0.793200000000000
cie-y	526.000000000000	0.808110400000000
cie-y	527.000000000000	0.822496200000000
cie-y	528.000000000000	0.836306800000000
cie-y	529.000000000000	0.849491600000000
cie-y	530.000000000000	0.862000000000000
cie-y	531.000000000000	0.873810800000000
cie-y	532.000000000000	0.884962400000000
cie-y	533.000000000000	0.895493600000000
cie-y	534.000000000000	0.905443200000000
cie-y	535.000000000000	0.914850100000000
cie-y	536.000000000000	0.923734800000000
cie-y	537.000000000000	0.932092400000000
cie-y	538.000000000000	0.939922600000000
cie-y	539.000000000000	0.947225200000000
cie-y	540.000000000000	0.954000000000000
cie-y	541.000000000000	0.960256100000000
cie-y	542.000000000000	0.966007400000000
cie-y	543.000000000000	0.971260600000000
cie-y	544.000000000000	0.976022500000000
cie-y	545.000000000000	0.980300000000000
cie-y	546.000000000000	0.984092400000000
cie-y	547.000000000000	0.987481200000000
cie-y	548.000000000000	0.990312800000000
cie-y	549.000000000000	0.992811600000000
cie-y	550.000000000000	0.994950100000000
cie-y	551.000000000000	0.996710800000000
cie-y	552.000000000000	0.998098300000000
cie-y	553.000000000000	0.999112000000000
cie-y	554.000000000000	0.999748200000000
cie-y	555.000000000000	1.00000000000000
cie-y	556.000000000000	0.999856700000000
cie-y	557.000000000000	0.999304600000000
cie-y	558.000000000000	0.998325500000000
cie-y	559.000000000000	0.996898700000000
cie-y	560.000000000000	0.995000000000000
cie-y	561.000000000000	0.992600500000000
cie-y	562.000000000000	0.989742600000000
cie-y	563.000000000000	0.986444400000000
cie-y	564.000000000000	0.982724100000000
cie-y	565.000000000000	0.978600000000000
cie-y	566.000000000000	0.974083700000000
cie-y	567.000000000000	0.969171200000000
cie-y	568.000000000000	0.963856800000000
cie-y	569.000000000000	0.958134900000000
cie-y	570.000000000000	0.952000000000000
cie-y	571.000000000000	0.945450400000000
cie-y	572.000000000000	0.938499200000000
cie-y	573.000000000000	0.931162800000000
cie-y	574.000000000000	0.923457600000000
cie-y	575.000000000000	0.915400000000000
cie-y	576.000000000000	0.907006400000000
cie-y	577.000000000000	0.898277200000000
cie-y	578.000000000000	0.889204800000000
cie-y	579.000000000000	0.879781600000000
cie-y	580.000000000000	0.870000000000000
cie-y	581.000000000000	0.859861300000000
cie-y	582.000000000000	0.849392000000000
cie-y	583.000000000000	0.838622000000000
cie-y	584.000000000000	0.827581300000000
cie-y	585.000000000000	0.816300000000000
cie-y	586.000000000000	0.804794700000000
cie-y	587.000000000000	0.793082000000000
cie-y	588.000000000000	0.781192000000000
cie-y	589.000000000000	0.769154700000000
cie-y	590.000000000000	0.757000000000000
cie-y	591.000000000000	0.744754100000000
cie-y	592.000000000000	0.732422400000000
cie-y	593.000000000000	0.720003600000000
cie-y	594.000000000000	0.707496500000000
cie-y	595.000000000000	0.694900000000000
cie-y	596.000000000000	0.682219200000000
cie-y	597.000000000000	0.669471600000000
cie-y	598.000000000000	0.656674400000000
cie-y	599.000000000000	0.643844800000000
cie-y	600.000000000000	0.631000000000000
cie-y	601.000000000000	0.618155500000000
cie-y	602.000000000000	0.605314400000000
cie-y	603.000000000000	0.592475600000000
cie-y	604.000000000000	0.579637900000000
cie-y	605.000000000000	0.566800000000000
cie-y	606.000000000000	0.553961100000000
cie-y	607.000000000000	0.541137200000000
cie-y	608.000000000000	0.528352800000000
cie-y	609.000000000000	0.515632300000000
cie-y	610.000000000000	0.503000000000000
cie-y	611.000000000000	0.490468800000000
cie-y	612.000000000000	0.478030400000000
cie-y	613.000000000000	0.465677600000000
cie-y	614.000000000000	0.453403200000000
cie-y	615.000000000000	0.441200000000000
cie-y	616.000000000000	0.429080000000000
cie-y	617.000000000000	0.417036000000000
cie-y	618.000000000000	0.405032000000000
cie-y	619.000000000000	0.393032000000000
cie-y	620.000000000000	0.381000000000000
cie-y	621.000000000000	0.368918400000000
cie-y	622.000000000000	0.356827200000000
cie-y	623.000000000000	0.344776800000000
cie-y	624.000000000000	0.332817600000000
cie-y	625.000000000000	0.321000000000000
cie-y	626.000000000000	0.309338100000000
cie-y	627.000000000000	0.297850400000000
cie-y	628.000000000000	0.286593600000000
cie-y	629.000000000000	0.275624500000000
cie-y	630.000000000000	0.265000000000000
cie-y	631.000000000000	0.254763200000000
cie-y	632.000000000000	0.244889600000000
cie-y	633.000000000000	0.235334400000000
cie-y	634.000000000000	0.226052800000000
cie-y	635.000000000000	0.217000000000000
cie-y	636.000000000000	0.208161600000000
cie-y	637.000000000000	0.199548800000000
cie-y	638.000000000000	0.191155200000000
cie-y	639.000000000000	0.182974400000000
cie-y	640.000000000000	0.175000000000000
cie-y	641.000000000000	0.167223500000000
cie-y	642.000000000000	0.159646400000000
cie-y	643.000000000000	0.152277600000000
cie-y	644.000000000000	0.145125900000000
cie-y	645.000000000000	0.138200000000000
cie-y	646.000000000000	0.131500300000000
cie-y	647.000000000000	0.125024800000000
cie-y	648.000000000000	0.118779200000000
cie-y	649.000000000000	0.112769100000000
cie-y	650.000000000000	0.107000000000000
cie-y	651.000000000000	0.101476200000000
cie-y	652.000000000000	0.0961886400000000
cie-y	653.000000000000	0.0911229600000000
cie-y	654.000000000000	0.0862648500000000
cie-y	655.000000000000	0.0816000000000000
cie-y	656.000000000000	0.0771206400000000
cie-y	657.000000000000	0.0728255200000000
cie-y	658.000000000000	0.0687100800000000
cie-y	659.000000000000	0.0647697600000000
cie-y	660.000000000000	0.0610000000000000
cie-y	661.000000000000	0.0573962100000000
cie-y	662.000000000000	0.0539550400000000
cie-y	663.000000000000	0.0506737600000000
cie-y	664.000000000000	0.0475496500000000
cie-y	665.000000000000	0.0445800000000000
cie-y	666.000000000000	0.0417587200000000
cie-y	667.000000000000	0.0390849600000000
cie-y	668.000000000000	0.0365638400000000
cie-y	669.000000000000	0.0342004800000000
cie-y	670.000000000000	0.0320000000000000
cie-y	671.000000000000	0.0299626100000000
cie-y	672.000000000000	0.0280766400000000
cie-y	673.000000000000	0.0263293600000000
cie-y	674.000000000000	0.0247080500000000
cie-y	675.000000000000	0.0232000000000000
cie-y	676.000000000000	0.0218007700000000
cie-y	677.000000000000	0.0205011200000000
cie-y	678.000000000000	0.0192810800000000
cie-y	679.000000000000	0.0181206900000000
cie-y	680.000000000000	0.0170000000000000
cie-y	681.000000000000	0.0159037900000000
cie-y	682.000000000000	0.0148371800000000
cie-y	683.000000000000	0.0138106800000000
cie-y	684.000000000000	0.0128347800000000
cie-y	685.000000000000	0.0119200000000000
cie-y	686.000000000000	0.0110683100000000
cie-y	687.000000000000	0.0102733900000000
cie-y	688.000000000000	0.00953331100000000
cie-y	689.000000000000	0.00884615700000000
cie-y	690.000000000000	0.00821000000000000
cie-y	691.000000000000	0.00762378100000000
cie-y	692.000000000000	0.00708542400000000
cie-y	693.000000000000	0.00659147600000000
cie-y	694.000000000000	0.00613848500000000
cie-y	695.000000000000	0.00572300000000000
cie-y	696.000000000000	0.00534305900000000
cie-y	697.000000000000	0.00499579600000000
cie-y	698.000000000000	0.00467640400000000
cie-y	699.000000000000	0.00438007500000000
cie-y	700.000000000000	0.00410200000000000
cie-y	701.000000000000	0.00383845300000000
cie-y	702.000000000000	0.00358909900000000
cie-y	703.000000000000	0.00335421900000000
cie-y	704.000000000000	0.00313409300000000
cie-y	705.000000000000	0.00292900000000000
cie-y	706.000000000000	0.00273813900000000
cie-y	707.000000000000	0.00255987600000000
cie-y	708.000000000000	0.00239324400000000
cie-y	709.000000000000	0.00223727500000000
cie-y	710.000000000000	0.00209100000000000
cie-y	711.000000000000	0.00195358700000000
cie-y	712.000000000000	0.00182458000000000
cie-y	713.000000000000	0.00170358000000000
cie-y	714.000000000000	0.00159018700000000
cie-y	715.000000000000	0.00148400000000000
cie-y	716.000000000000	0.00138449600000000
cie-y	717.000000000000	0.00129126800000000
cie-y	718.000000000000	0.00120409200000000
cie-y	719.000000000000	0.00112274400000000
cie-y	720.000000000000	0.00104700000000000
cie-y	721.000000000000	0.000976589600000000
cie-y	722.000000000000	0.000911108800000000
cie-y	723.000000000000	0.000850133200000000
cie-y	724.000000000000	0.000793238400000000
cie-y	725.000000000000	0.000740000000000000
cie-y	726.000000000000	0.000690082700000000
cie-y	727.000000000000	0.000643310000000000
cie-y	728.000000000000	0.000599496000000000
cie-y	729.000000000000	0.000558454700000000
cie-y	730.000000000000	0.000520000000000000
cie-y	731.000000000000	0.000483913600000000
cie-y	732.000000000000	0.000450052800000000
cie-y	733.000000000000	0.000418345200000000
cie-y	734.000000000000	0.000388718400000000
cie-y	735.000000000000	0.000361100000000000
cie-y	736.000000000000	0.000335383500000000
cie-y	737.000000000000	0.000311440400000000
cie-y	738.000000000000	0.000289165600000000
cie-y	739.000000000000	0.000268453900000000
cie-y	740.000000000000	0.000249200000000000
cie-y	741.000000000000	0.000231301900000000
cie-y	742.000000000000	0.000214685600000000
cie-y	743.000000000000	0.000199288400000000
cie-y	744.000000000000	0.000185047500000000
cie-y	745.000000000000	0.000171900000000000
cie-y	746.000000000000	0.000159778100000000
cie-y	747.000000000000	0.000148604400000000
cie-y	748.000000000000	0.000138301600000000
cie-y	749.000000000000	0.000128792500000000
cie-y	750.000000000000	0.000120000000000000
cie-y	751.000000000000	0.000111859500000000
cie-y	752.000000000000	0.000104322400000000
cie-y	753.000000000000	0.0000973356000000000
cie-y	754.000000000000	0.0000908458700000000
cie-y	755.000000000000	0.0000848000000000000
cie-y	756.000000000000	0.0000791466700000000
cie-y	757.000000000000	0.0000738580000000000
cie-y	758.000000000000	0.0000689160000000000
cie-y	759.000000000000	0.0000643026700000000
cie-y	760.000000000000	0.0000600000000000000
cie-y	761.000000000000	0.0000559818700000000
cie-y	762.000000000000	0.0000522256000000000
cie-y	763.000000000000	0.0000487184000000000
cie-y	764.000000000000	0.0000454474700000000
cie-y	765.000000000000	0.0000424000000000000
cie-y	766.000000000000	0.0000395610400000000
cie-y	767.000000000000	0.0000369151200000000
cie-y	768.000000000000	0.0000344486800000000
cie-y	769.000000000000	0.0000321481600000000
cie-y	770.000000000000	0.0000300000000000000
cie-y	771.000000000000	0.0000279912500000000
cie-y	772.000000000000	0.0000261135600000000
cie-y	773.000000000000	0.0000243602400000000
cie-y	774.000000000000	0.0000227246100000000
cie-y	775.000000000000	0.0000212000000000000
cie-y	776.000000000000	0.0000197785500000000
cie-y	777.000000000000	0.0000184528500000000
cie-y	778.000000000000	0.0000172168700000000
cie-y	779.000000000000	0.0000160645900000000
cie-y	780.000000000000	0.0000149900000000000
cie-y	781.000000000000	0.0000139872800000000
cie-y	782.000000000000	0.0000130515500000000
cie-y	783.000000000000	0.0000121781800000000
cie-y	784.000000000000	0.0000113625400000000
cie-y	785.000000000000	0.0000106000000000000
cie-y	786.000000000000	0.00000988587700000000
cie-y	787.000000000000	0.00000921730400000000
cie-y	788.000000000000	0.00000859236200000000
cie-y	789.000000000000	0.00000800913300000000
cie-y	790.000000000000	0.00000746570000000000
cie-y	791.000000000000	0.00000695956700000000
cie-y	792.000000000000	0.00000648799500000000
cie-y	793.000000000000	0.00000604869900000000
cie-y	794.000000000000	0.00000563939600000000
cie-y	795.000000000000	0.00000525780000000000
cie-y	796.000000000000	0.00000490177100000000
cie-y	797.000000000000	0.00000456972000000000
cie-y	798.000000000000	0.00000426019400000000
cie-y	799.000000000000	0.00000397173900000000
cie-y	800.000000000000	0.00000370290000000000
cie-y	801.000000000000	0.00000345216300000000
cie-y	802.000000000000	0.00000321830200000000
cie-y	803.000000000000	0.00000300030000000000
cie-y	804.000000000000	0.00000279713900000000
cie-y	805.000000000000	0.00000260780000000000
cie-y	806.000000000000	0.00000243122000000000
cie-y	807.000000000000	0.00000226653100000000
cie-y	808.000000000000	0.00000211301300000000
cie-y	809.000000000000	0.00000196994300000000
cie-y	810.000000000000	0.00000183660000000000
cie-y	811.000000000000	0.00000171223000000000
cie-y	812.000000000000	0.00000159622800000000
cie-y	813.000000000000	0.00000148809000000000
cie-y	814.000000000000	0.00000138731400000000
cie-y	815.000000000000	0.00000129340000000000
cie-y	816.000000000000	0.00000120582000000000
cie-y	817.000000000000	0.00000112414300000000
cie-y	818.000000000000	0.00000104800900000000
cie-y	819.000000000000	0.000000977057800000000
cie-y	820.000000000000	0.000000910930000000000
cie-y	821.000000000000	0.000000849251300000000
cie-y	822.000000000000	0.000000791721200000000
cie-y	823.000000000000	0.000000738090400000000
cie-y	824.000000000000	0.000000688109800000000
cie-y	825.000000000000	0.000000641530000000000
cie-y	826.000000000000	0.000000598089500000000
cie-y	827.000000000000	0.000000557574600000000
cie-y	828.000000000000	0.000000519808000000000
cie-y	829.000000000000	0.000000484612300000000
cie-y	830.000000000000	0.000000451810000000000
cie-z	360.000000000000	0.000606100000000000
cie-z	361.000000000000	0.000680879200000000
cie-z	362.000000000000	0.000765145600000000
cie-z	363.000000000000	0.000860012400000000
cie-z	364.000000000000	0.000966592800000000
cie-z	365.000000000000	0.00108600000000000
cie-z	366.000000000000	0.00122058600000000
cie-z	367.000000000000	0.00137272900000000
cie-z	368.000000000000	0.00154357900000000
cie-z	369.000000000000	0.00173428600000000
cie-z	370.000000000000	0.00194600000000000
cie-z	371.000000000000	0.00217777700000000
cie-z	372.000000000000	0.00243580900000000
cie-z	373.000000000000	0.00273195300000000
cie-z	374.000000000000	0.00307806400000000
cie-z	375.000000000000	0.00348600000000000
cie-z	376.000000000000	0.00397522700000000
cie-z	377.000000000000	0.00454088000000000
cie-z	378.000000000000	0.00515832000000000
cie-z	379.000000000000	0.00580290700000000
cie-z	380.000000000000	0.00645000100000000
cie-z	381.000000000000	0.00708321600000000
cie-z	382.000000000000	0.00774548800000000
cie-z	383.000000000000	0.00850115200000000
cie-z	384.000000000000	0.00941454400000000
cie-z	385.000000000000	0.0105499900000000
cie-z	386.000000000000	0.0119658000000000
cie-z	387.000000000000	0.0136558700000000
cie-z	388.000000000000	0.0155880500000000
cie-z	389.000000000000	0.0177301500000000
cie-z	390.000000000000	0.0200500100000000
cie-z	391.000000000000	0.0225113600000000
cie-z	392.000000000000	0.0252028800000000
cie-z	393.000000000000	0.0282797200000000
cie-z	394.000000000000	0.0318970400000000
cie-z	395.000000000000	0.0362100000000000
cie-z	396.000000000000	0.0414377100000000
cie-z	397.000000000000	0.0475037200000000
cie-z	398.000000000000	0.0541198800000000
cie-z	399.000000000000	0.0609980300000000
cie-z	400.000000000000	0.0678500100000000
cie-z	401.000000000000	0.0744863200000000
cie-z	402.000000000000	0.0813615600000000
cie-z	403.000000000000	0.0891536400000000
cie-z	404.000000000000	0.0985404800000000
cie-z	405.000000000000	0.110200000000000
cie-z	406.000000000000	0.124613300000000
cie-z	407.000000000000	0.141701700000000
cie-z	408.000000000000	0.161303500000000
cie-z	409.000000000000	0.183256800000000
cie-z	410.000000000000	0.207400000000000
cie-z	411.000000000000	0.233692100000000
cie-z	412.000000000000	0.262611400000000
cie-z	413.000000000000	0.294774600000000
cie-z	414.000000000000	0.330798500000000
cie-z	415.000000000000	0.371300000000000
cie-z	416.000000000000	0.416209100000000
cie-z	417.000000000000	0.465464200000000
cie-z	418.000000000000	0.519694800000000
cie-z	419.000000000000	0.579530300000000
cie-z	420.000000000000	0.645600000000000
cie-z	421.000000000000	0.718483800000000
cie-z	422.000000000000	0.796713300000000
cie-z	423.000000000000	0.877845900000000
cie-z	424.000000000000	0.959439000000000
cie-z	425.000000000000	1.03905010000000
cie-z	426.000000000000	1.11536730000000
cie-z	427.000000000000	1.18849710000000
cie-z	428.000000000000	1.25812330000000
cie-z	429.000000000000	1.32392960000000
cie-z	430.000000000000	1.38560000000000
cie-z	431.000000000000	1.44263520000000
cie-z	432.000000000000	1.49480350000000
cie-z	433.000000000000	1.54219030000000
cie-z	434.000000000000	1.58488070000000
cie-z	435.000000000000	1.62296000000000
cie-z	436.000000000000	1.65640480000000
cie-z	437.000000000000	1.68529590000000
cie-z	438.000000000000	1.70987450000000
cie-z	439.000000000000	1.73038210000000
cie-z	440.000000000000	1.74706000000000
cie-z	441.000000000000	1.76004460000000
cie-z	442.000000000000	1.76962330000000
cie-z	443.000000000000	1.77626370000000
cie-z	444.000000000000	1.78043340000000
cie-z	445.000000000000	1.78260000000000
cie-z	446.000000000000	1.78296820000000
cie-z	447.000000000000	1.78169980000000
cie-z	448.000000000000	1.77919820000000
cie-z	449.000000000000	1.77586710000000
cie-z	450.000000000000	1.77211000000000
cie-z	451.000000000000	1.76825890000000
cie-z	452.000000000000	1.76403900000000
cie-z	453.000000000000	1.75894380000000
cie-z	454.000000000000	1.75246630000000
cie-z	455.000000000000	1.74410000000000
cie-z	456.000000000000	1.73355950000000
cie-z	457.000000000000	1.72085810000000
cie-z	458.000000000000	1.70593690000000
cie-z	459.000000000000	1.68873720000000
cie-z	460.000000000000	1.66920000000000
cie-z	461.000000000000	1.64752870000000
cie-z	462.000000000000	1.62341270000000
cie-z	463.000000000000	1.59602230000000
cie-z	464.000000000000	1.56452800000000
cie-z	465.000000000000	1.52810000000000
cie-z	466.000000000000	1.48611140000000
cie-z	467.000000000000	1.43952150000000
cie-z	468.000000000000	1.38987990000000
cie-z	469.000000000000	1.33873620000000
cie-z	470.000000000000	1.28764000000000
cie-z	471.000000000000	1.23742230000000
cie-z	472.000000000000	1.18782430000000
cie-z	473.000000000000	1.13876110000000
cie-z	474.000000000000	1.09014800000000
cie-z	475.000000000000	1.04190000000000
cie-z	476.000000000000	0.994197600000000
cie-z	477.000000000000	0.947347300000000
cie-z	478.000000000000	0.901453100000000
cie-z	479.000000000000	0.856619300000000
cie-z	480.000000000000	0.812950100000000
cie-z	481.000000000000	0.770517300000000
cie-z	482.000000000000	0.729444800000000
cie-z	483.000000000000	0.689913600000000
cie-z	484.000000000000	0.652104900000000
cie-z	485.000000000000	0.616200000000000
cie-z	486.000000000000	0.582328600000000
cie-z	487.000000000000	0.550416200000000
cie-z	488.000000000000	0.520337600000000
cie-z	489.000000000000	0.491967300000000
cie-z	490.000000000000	0.465180000000000
cie-z	491.000000000000	0.439924600000000
cie-z	492.000000000000	0.416183600000000
cie-z	493.000000000000	0.393882200000000
cie-z	494.000000000000	0.372945900000000
cie-z	495.000000000000	0.353300000000000
cie-z	496.000000000000	0.334857800000000
cie-z	497.000000000000	0.317552100000000
cie-z	498.000000000000	0.301337500000000
cie-z	499.000000000000	0.286168600000000
cie-z	500.000000000000	0.272000000000000
cie-z	501.000000000000	0.258817100000000
cie-z	502.000000000000	0.246483800000000
cie-z	503.000000000000	0.234771800000000
cie-z	504.000000000000	0.223453300000000
cie-z	505.000000000000	0.212300000000000
cie-z	506.000000000000	0.201169200000000
cie-z	507.000000000000	0.190119600000000
cie-z	508.000000000000	0.179225400000000
cie-z	509.000000000000	0.168560800000000
cie-z	510.000000000000	0.158200000000000
cie-z	511.000000000000	0.148138300000000
cie-z	512.000000000000	0.138375800000000
cie-z	513.000000000000	0.128994200000000
cie-z	514.000000000000	0.120075100000000
cie-z	515.000000000000	0.111700000000000
cie-z	516.000000000000	0.103904800000000
cie-z	517.000000000000	0.0966674800000000
cie-z	518.000000000000	0.0899827200000000
cie-z	519.000000000000	0.0838453100000000
cie-z	520.000000000000	0.0782499900000000
cie-z	521.000000000000	0.0732089900000000
cie-z	522.000000000000	0.0686781600000000
cie-z	523.000000000000	0.0645678400000000
cie-z	524.000000000000	0.0607883500000000
cie-z	525.000000000000	0.0572500100000000
cie-z	526.000000000000	0.0539043500000000
cie-z	527.000000000000	0.0507466400000000
cie-z	528.000000000000	0.0477527600000000
cie-z	529.000000000000	0.0448985900000000
cie-z	530.000000000000	0.0421600000000000
cie-z	531.000000000000	0.0395072800000000
cie-z	532.000000000000	0.0369356400000000
cie-z	533.000000000000	0.0344583600000000
cie-z	534.000000000000	0.0320887200000000
cie-z	535.000000000000	0.0298400000000000
cie-z	536.000000000000	0.0277118100000000
cie-z	537.000000000000	0.0256944400000000
cie-z	538.000000000000	0.0237871600000000
cie-z	539.000000000000	0.0219892500000000
cie-z	540.000000000000	0.0203000000000000
cie-z	541.000000000000	0.0187180500000000
cie-z	542.000000000000	0.0172403600000000
cie-z	543.000000000000	0.0158636400000000
cie-z	544.000000000000	0.0145846100000000
cie-z	545.000000000000	0.0134000000000000
cie-z	546.000000000000	0.0123072300000000
cie-z	547.000000000000	0.0113018800000000
cie-z	548.000000000000	0.0103779200000000
cie-z	549.000000000000	0.00952930600000000
cie-z	550.000000000000	0.00874999900000000
cie-z	551.000000000000	0.00803520000000000
cie-z	552.000000000000	0.00738160000000000
cie-z	553.000000000000	0.00678540000000000
cie-z	554.000000000000	0.00624280000000000
cie-z	555.000000000000	0.00574999900000000
cie-z	556.000000000000	0.00530360000000000
cie-z	557.000000000000	0.00489980000000000
cie-z	558.000000000000	0.00453420000000000
cie-z	559.000000000000	0.00420240000000000
cie-z	560.000000000000	0.00390000000000000
cie-z	561.000000000000	0.00362320000000000
cie-z	562.000000000000	0.00337060000000000
cie-z	563.000000000000	0.00314140000000000
cie-z	564.000000000000	0.00293480000000000
cie-z	565.000000000000	0.00274999900000000
cie-z	566.000000000000	0.00258520000000000
cie-z	567.000000000000	0.00243860000000000
cie-z	568.000000000000	0.00230940000000000
cie-z	569.000000000000	0.00219680000000000
cie-z	570.000000000000	0.00210000000000000
cie-z	571.000000000000	0.00201773300000000
cie-z	572.000000000000	0.00194820000000000
cie-z	573.000000000000	0.00188980000000000
cie-z	574.000000000000	0.00184093300000000
cie-z	575.000000000000	0.00180000000000000
cie-z	576.000000000000	0.00176626700000000
cie-z	577.000000000000	0.00173780000000000
cie-z	578.000000000000	0.00171120000000000
cie-z	579.000000000000	0.00168306700000000
cie-z	580.000000000000	0.00165000100000000
cie-z	581.000000000000	0.00161013300000000
cie-z	582.000000000000	0.00156440000000000
cie-z	583.000000000000	0.00151360000000000
cie-z	584.000000000000	0.00145853300000000
cie-z	585.000000000000	0.00140000000000000
cie-z	586.000000000000	0.00133666700000000
cie-z	587.000000000000	0.00127000000000000
cie-z	588.000000000000	0.00120500000000000
cie-z	589.000000000000	0.00114666700000000
cie-z	590.000000000000	0.00110000000000000
cie-z	591.000000000000	0.00106880000000000
cie-z	592.000000000000	0.00104940000000000
cie-z	593.000000000000	0.00103560000000000
cie-z	594.000000000000	0.00102120000000000
cie-z	595.000000000000	0.00100000000000000
cie-z	596.000000000000	0.000968640000000000
cie-z	597.000000000000	0.000929920000000000
cie-z	598.000000000000	0.000886880000000000
cie-z	599.000000000000	0.000842560000000000
cie-z	600.000000000000	0.000800000000000000
cie-z	601.000000000000	0.000760960000000000
cie-z	602.000000000000	0.000723680000000000
cie-z	603.000000000000	0.000685920000000000
cie-z	604.000000000000	0.000645440000000000
cie-z	605.000000000000	0.000600000000000000
cie-z	606.000000000000	0.000547866700000000
cie-z	607.000000000000	0.000491600000000000
cie-z	608.000000000000	0.000435400000000000
cie-z	609.000000000000	0.000383466700000000
cie-z	610.000000000000	0.000340000000000000
cie-z	611.000000000000	0.000307253300000000
cie-z	612.000000000000	0.000283160000000000
cie-z	613.000000000000	0.000265440000000000
cie-z	614.000000000000	0.000251813300000000
cie-z	615.000000000000	0.000240000000000000
cie-z	616.000000000000	0.000229546700000000
cie-z	617.000000000000	0.000220640000000000
cie-z	618.000000000000	0.000211960000000000
cie-z	619.000000000000	0.000202186700000000
cie-z	620.000000000000	0.000190000000000000
cie-z	621.000000000000	0.000174213300000000
cie-z	622.000000000000	0.000155640000000000
cie-z	623.000000000000	0.000135960000000000
cie-z	624.000000000000	0.000116853300000000
cie-z	625.000000000000	0.000100000000000000
cie-z	626.000000000000	0.0000861333300000000
cie-z	627.000000000000	0.0000746000000000000
cie-z	628.000000000000	0.0000650000000000000
cie-z	629.000000000000	0.0000569333300000000
cie-z	630.000000000000	0.0000499999900000000
cie-z	631.000000000000	0.0000441600000000000
cie-z	632.000000000000	0.0000394800000000000
cie-z	633.000000000000	0.0000357200000000000
cie-z	634.000000000000	0.0000326400000000000
cie-z	635.000000000000	0.0000300000000000000
cie-z	636.000000000000	0.0000276533300000000
cie-z	637.000000000000	0.0000255600000000000
cie-z	638.000000000000	0.0000236400000000000
cie-z	639.000000000000	0.0000218133300000000
cie-z	640.000000000000	0.0000200000000000000
cie-z	641.000000000000	0.0000181333300000000
cie-z	642.000000000000	0.0000162000000000000
cie-z	643.000000000000	0.0000142000000000000
cie-z	644.000000000000	0.0000121333300000000
cie-z	645.000000000000	0.0000100000000000000
cie-z	646.000000000000	0.00000773333300000000
cie-z	647.000000000000	0.00000540000000000000
cie-z	648.000000000000	0.00000320000000000000
cie-z	649.000000000000	0.00000133333300000000
cie-z	650.000000000000	0
cie-z	651.000000000000	0
cie-z	652.000000000000	0
cie-z	653.000000000000	0
cie-z	654.000000000000	0
cie-z	655.000000000000	0
cie-z	656.000000000000	0
cie-z	657.000000000000	0
cie-z	658.000000000000	0
cie-z	659.000000000000	0
cie-z	660.000000000000	0
cie-z	661.000000000000	0
cie-z	662.000000000000	0
cie-z	663.000000000000	0
cie-z	664.000000000000	0
cie-z	665.000000000000	0
cie-z	666.000000000000	0
cie-z	667.000000000000	0
cie-z	668.000000000000	0
cie-z	669.000000000000	0
cie-z	670.000000000000	0
cie-z	671.000000000000	0
cie-z	672.000000000000	0
cie-z	673.000000000000	0
cie-z	674.000000000000	0
cie-z	675.000000000000	0
cie-z	676.000000000000	0
cie-z	677.000000000000	0
cie-z	678.000000000000	0
cie-z	679.000000000000	0
cie-z	680.000000000000	0
cie-z	681.000000000000	0
cie-z	682.000000000000	0
cie-z	683.000000000000	0
cie-z	684.000000000000	0
cie-z	685.000000000000	0
cie-z	686.000000000000	0
cie-z	687.000000000000	0
cie-z	688.000000000000	0
cie-z	689.000000000000	0
cie-z	690.000000000000	0
cie-z	691.000000000000	0
cie-z	692.000000000000	0
cie-z	693.000000000000	0
cie-z	694.000000000000	0
cie-z	695.000000000000	0
cie-z	696.000000000000	0
cie-z	697.000000000000	0
cie-z	698.000000000000	0
cie-z	699.000000000000	0
cie-z	700.000000000000	0
cie-z	701.000000000000	0
cie-z	702.000000000000	0
cie-z	703.000000000000	0
cie-z	704.000000000000	0
cie-z	705.000000000000	0
cie-z	706.000000000000	0
cie-z	707.000000000000	0
cie-z	708.000000000000	0
cie-z	709.000000000000	0
cie-z	710.000000000000	0
cie-z	711.000000000000	0
cie-z	712.000000000000	0
cie-z	713.000000000000	0
cie-z	714.000000000000	0
cie-z	715.000000000000	0
cie-z	716.000000000000	0
cie-z	717.000000000000	0
cie-z	718.000000000000	0
cie-z	719.000000000000	0
cie-z	720.000000000000	0
cie-z	721.000000000000	0
cie-z	722.000000000000	0
cie-z	723.000000000000	0
cie-z	724.000000000000	0
cie-z	725.000000000000	0
cie-z	726.000000000000	0
cie-z	727.000000000000	0
cie-z	728.000000000000	0
cie-z	729.000000000000	0
cie-z	730.000000000000	0
cie-z	731.000000000000	0
cie-z	732.000000000000	0
cie-z	733.000000000000	0
cie-z	734.000000000000	0
cie-z	735.000000000000	0
cie-z	736.000000000000	0
cie-z	737.000000000000	0
cie-z	738.000000000000	0
cie-z	739.000000000000	0
cie-z	740.000000000000	0
cie-z	741.000000000000	0
cie-z	742.000000000000	0
cie-z	743.000000000000	0
cie-z	744.000000000000	0
cie-z	745.000000000000	0
cie-z	746.000000000000	0
cie-z	747.000000000000	0
cie-z	748.000000000000	0
cie-z	749.000000000000	0
cie-z	750.000000000000	0
cie-z	751.000000000000	0
cie-z	752.000000000000	0
cie-z	753.000000000000	0
cie-z	754.000000000000	0
cie-z	755.000000000000	0
cie-z	756.000000000000	0
cie-z	757.000000000000	0
cie-z	758.000000000000	0
cie-z	759.000000000000	0
cie-z	760.000000000000	0
cie-z	761.000000000000	0
cie-z	762.000000000000	0
cie-z	763.000000000000	0
cie-z	764.000000000000	0
cie-z	765.000000000000	0
cie-z	766.000000000000	0
cie-z	767.000000000000	0
cie-z	768.000000000000	0
cie-z	769.000000000000	0
cie-z	770.000000000000	0
cie-z	771.000000000000	0
cie-z	772.000000000000	0
cie-z	773.000000000000	0
cie-z	774.000000000000	0
cie-z	775.000000000000	0
cie-z	776.000000000000	0
cie-z	777.000000000000	0
cie-z	778.000000000000	0
cie-z	779.000000000000	0
cie-z	780.000000000000	0
cie-z	781.000000000000	0
cie-z	782.000000000000	0
cie-z	783.000000000000	0
cie-z	784.000000000000	0
cie-z	785.000000000000	0
cie-z	786.000000000000	0
cie-z	787.000000000000	0
cie-z	788.000000000000	0
cie-z	789.000000000000	0
cie-z	790.000000000000	0
cie-z	791.000000000000	0
cie-z	792.000000000000	0
cie-z	793.000000000000	0
cie-z	794.000000000000	0
cie-z	795.000000000000	0
cie-z	796.000000000000	0
cie-z	797.000000000000	0
cie-z	798.000000000000	0
cie-z	799.000000000000	0
cie-z	800.000000000000	0
cie-z	801.000000000000	0
cie-z	802.000000000000	0
cie-z	803.000000000000	0
cie-z	804.000000000000	0
cie-z	805.000000000000	0
cie-z	806.000000000000	0
cie-z	807.000000000000	0
cie-z	808.000000000000	0
cie-z	809.000000000000	0
cie-z	810.000000000000	0
cie-z	811.000000000000	0
cie-z	812.000000000000	0
cie-z	813.000000000000	0
cie-z	814.000000000000	0
cie-z	815.000000000000	0
cie-z	816.000000000000	0
cie-z	817.000000000000	0
cie-z	818.000000000000	0
cie-z	819.000000000000	0
cie-z	820.000000000000	0
cie-z	821.000000000000	0
cie-z	822.000000000000	0
cie-z	823.000000000000	0
cie-z	824.000000000000	0
cie-z	825.000000000000	0
cie-z	826.000000000000	0
cie-z	827.000000000000	0
cie-z	828.000000000000	0
cie-z	829.000000000000	0
cie-z	830.000000000000	0
stdillum-A	300.000000000000	0.00921507460888691
stdillum-A	305.000000000000	0.0111732716497693
stdillum-A	310.000000000000	0.0134459357621146
stdillum-A	315.000000000000	0.0160654218075884
stdillum-A	320.000000000000	0.0190651047123655
stdillum-A	325.000000000000	0.0224790526503456
stdillum-A	330.000000000000	0.0263415318662066
stdillum-A	335.000000000000	0.0306872047461835
stdillum-A	340.000000000000	0.0355505356057329
stdillum-A	345.000000000000	0.0409657906895328
stdillum-A	350.000000000000	0.0469663449237580
stdillum-A	355.000000000000	0.0535850780576372
stdillum-A	360.000000000000	0.0608534833449495
stdillum-A	365.000000000000	0.0688018656148034
stdillum-A	370.000000000000	0.0774590441654685
stdillum-A	375.000000000000	0.0868520556582081
stdillum-A	380.000000000000	0.0970061541172790
stdillum-A	385.000000000000	0.107944612859154
stdillum-A	390.000000000000	0.119687238961680
stdillum-A	395.000000000000	0.132254829856600
stdillum-A	400.000000000000	0.145661250498406
stdillum-A	405.000000000000	0.159922356452918
stdillum-A	410.000000000000	0.175048031451981
stdillum-A	415.000000000000	0.191046208230273
stdillum-A	420.000000000000	0.207924809618935
stdillum-A	425.000000000000	0.225684816068319
stdillum-A	430.000000000000	0.244329218447181
stdillum-A	435.000000000000	0.263855035790304
stdillum-A	440.000000000000	0.284258306682119
stdillum-A	445.000000000000	0.305532098645379
stdillum-A	450.000000000000	0.327667488591513
stdillum-A	455.000000000000	0.350652612080890
stdillum-A	460.000000000000	0.374473594255476
stdillum-A	465.000000000000	0.399114609260071
stdillum-A	470.000000000000	0.424557791110456
stdillum-A	475.000000000000	0.450783332728781
stdillum-A	480.000000000000	0.477769476040031
stdillum-A	485.000000000000	0.505494462969187
stdillum-A	490.000000000000	0.533931474732845
stdillum-A	495.000000000000	0.563054821551033
stdillum-A	500.000000000000	0.592836723997070
stdillum-A	505.000000000000	0.623249501679661
stdillum-A	510.000000000000	0.654262433821065
stdillum-A	515.000000000000	0.685844849161231
stdillum-A	520.000000000000	0.717965997211801
stdillum-A	525.000000000000	0.750592166326276
stdillum-A	530.000000000000	0.783692774376458
stdillum-A	535.000000000000	0.817233119361956
stdillum-A	540.000000000000	0.851179450022116
stdillum-A	545.000000000000	0.885499173810338
stdillum-A	550.000000000000	0.920157638243927
stdillum-A	555.000000000000	0.955120062094181
stdillum-A	560.000000000000	0.990353892428654
stdillum-A	565.000000000000	1.02582837875899
stdillum-A	570.000000000000	1.06150089625365
stdillum-A	575.000000000000	1.09734183333126
stdillum-A	580.000000000000	1.13332135062904
stdillum-A	585.000000000000	1.16940989598683
stdillum-A	590.000000000000	1.20556772650294
stdillum-A	595.000000000000	1.24176515136767
stdillum-A	600.000000000000	1.27798236350317
stdillum-A	605.000000000000	1.31416996405728
stdillum-A	610.000000000000	1.35030784884600
stdillum-A	615.000000000000	1.38637667625780
stdillum-A	620.000000000000	1.42232641361403
stdillum-A	625.000000000000	1.45814756342087
stdillum-A	630.000000000000	1.49381018728014
stdillum-A	635.000000000000	1.52928466370694
stdillum-A	640.000000000000	1.56455121533402
stdillum-A	645.000000000000	1.59958005231630
stdillum-A	650.000000000000	1.63436122159716
stdillum-A	655.000000000000	1.66884529461383
stdillum-A	660.000000000000	1.70304223432647
stdillum-A	665.000000000000	1.73691232754399
stdillum-A	670.000000000000	1.77044572024516
stdillum-A	675.000000000000	1.80361266219906
stdillum-A	680.000000000000	1.83640332909507
stdillum-A	685.000000000000	1.86880773816595
stdillum-A	690.000000000000	1.90079612927724
stdillum-A	695.000000000000	1.93235866821478
stdillum-A	700.000000000000	1.96348555047505
stdillum-A	705.000000000000	1.99416663483418
stdillum-A	710.000000000000	2.02437245826387
stdillum-A	715.000000000000	2.05410286230750
stdillum-A	720.000000000000	2.08335801532523
stdillum-A	725.000000000000	2.11210798882244
stdillum-A	730.000000000000	2.14035278279911
stdillum-A	735.000000000000	2.16808272149773
stdillum-A	740.000000000000	2.19528783205460
stdillum-A	745.000000000000	2.22196781736354
stdillum-A	750.000000000000	2.24810333581304
stdillum-A	755.000000000000	2.27370405325710
stdillum-A	760.000000000000	2.29875998692846
stdillum-A	765.000000000000	2.32326134222715
stdillum-A	770.000000000000	2.34721791375315
stdillum-A	775.000000000000	2.37061006278877
stdillum-A	780.000000000000	2.39343779923757
stdillum-A	785.000000000000	2.41571078895351
stdillum-A	790.000000000000	2.43741935617909
stdillum-A	795.000000000000	2.45856351081783
stdillum-A	800.000000000000	2.47914294586003
stdillum-A	805.000000000000	2.49915810696494
stdillum-A	810.000000000000	2.51860854847331
stdillum-A	815.000000000000	2.53749472594793
stdillum-A	820.000000000000	2.55581633237910
stdillum-A	825.000000000000	2.57358304352433
stdillum-A	830.000000000000	2.59078549063582
stdillum-D50	300.000000000000	0.000199934037398051
stdillum-D50	305.000000000000	0.0107943553732719
stdillum-D50	310.000000000000	0.0213887767091457
stdillum-D50	315.000000000000	0.0511602044654493
stdillum-D50	320.000000000000	0.0809316322217529
stdillum-D50	325.000000000000	0.117208205455273
stdillum-D50	330.000000000000	0.153485820011905
stdillum-D50	335.000000000000	0.170141793592750
stdillum-D50	340.000000000000	0.186798798083475
stdillum-D50	345.000000000000	0.202711246136284
stdillum-D50	350.000000000000	0.218624745925435
stdillum-D50	355.000000000000	0.233881160418031
stdillum-D50	360.000000000000	0.249137595737089
stdillum-D50	365.000000000000	0.264849089255851
stdillum-D50	370.000000000000	0.280560551534919
stdillum-D50	375.000000000000	0.267638773044958
stdillum-D50	380.000000000000	0.254718046291340
stdillum-D50	385.000000000000	0.282726514019962
stdillum-D50	390.000000000000	0.310734992161815
stdillum-D50	395.000000000000	0.411846424960322
stdillum-D50	400.000000000000	0.517162720482857
stdillum-D50	405.000000000000	0.553525692294934
stdillum-D50	410.000000000000	0.589888705759936
stdillum-D50	415.000000000000	0.608611695303775
stdillum-D50	420.000000000000	0.627334684847613
stdillum-D50	425.000000000000	0.616775678910759
stdillum-D50	430.000000000000	0.606216662560675
stdillum-D50	435.000000000000	0.697415730248076
stdillum-D50	440.000000000000	0.788614839588401
stdillum-D50	445.000000000000	0.853864135338513
stdillum-D50	450.000000000000	0.919113431088625
stdillum-D50	455.000000000000	0.936461874125352
stdillum-D50	460.000000000000	0.953810327575310
stdillum-D50	465.000000000000	0.957392489491923
stdillum-D50	470.000000000000	0.960974588929149
stdillum-D50	475.000000000000	0.980468167988690
stdillum-D50	480.000000000000	0.999961757461462
stdillum-D50	485.000000000000	0.982092611216087
stdillum-D50	490.000000000000	0.964223558689792
stdillum-D50	495.000000000000	0.983258976406758
stdillum-D50	500.000000000000	1.00229431081788
stdillum-D50	505.000000000000	1.00656377722774
stdillum-D50	510.000000000000	1.01083316033175
stdillum-D50	515.000000000000	1.01335320391438
stdillum-D50	520.000000000000	1.01587317460439
stdillum-D50	525.000000000000	1.04138555959518
stdillum-D50	530.000000000000	1.06689801747858
stdillum-D50	535.000000000000	1.05896312495612
stdillum-D50	540.000000000000	1.05102823243365
stdillum-D50	545.000000000000	1.05879652367152
stdillum-D50	550.000000000000	1.06656482532261
stdillum-D50	555.000000000000	1.05394392673247
stdillum-D50	560.000000000000	1.04132311144818
stdillum-D50	565.000000000000	1.02087878356143
stdillum-D50	570.000000000000	1.00043453898052
stdillum-D50	575.000000000000	0.996321271037377
stdillum-D50	580.000000000000	0.992209117309962
stdillum-D50	585.000000000000	0.964026769448190
stdillum-D50	590.000000000000	0.935844338280570
stdillum-D50	595.000000000000	0.945235010926072
stdillum-D50	600.000000000000	0.954626714481454
stdillum-D50	605.000000000000	0.955304636653469
stdillum-D50	610.000000000000	0.955983589735364
stdillum-D50	615.000000000000	0.947237464856156
stdillum-D50	620.000000000000	0.938491423282796
stdillum-D50	625.000000000000	0.916346625168276
stdillum-D50	630.000000000000	0.894201816640526
stdillum-D50	635.000000000000	0.902986480888089
stdillum-D50	640.000000000000	0.911771051416573
stdillum-D50	645.000000000000	0.896256388792338
stdillum-D50	650.000000000000	0.880741736581333
stdillum-D50	655.000000000000	0.886869933505437
stdillum-D50	660.000000000000	0.892999161339421
stdillum-D50	665.000000000000	0.907267381025715
stdillum-D50	670.000000000000	0.921535517406160
stdillum-D50	675.000000000000	0.903556032563896
stdillum-D50	680.000000000000	0.885576620614249
stdillum-D50	685.000000000000	0.833003278207178
stdillum-D50	690.000000000000	0.780431039602605
stdillum-D50	695.000000000000	0.795410472560787
stdillum-D50	700.000000000000	0.810390926015619
stdillum-D50	705.000000000000	0.819222460216429
stdillum-D50	710.000000000000	0.828054942021270
stdillum-D50	715.000000000000	0.756981494869135
stdillum-D50	720.000000000000	0.685909151519498
stdillum-D50	725.000000000000	0.730791187706333
stdillum-D50	730.000000000000	0.775673223893167
stdillum-D50	735.000000000000	0.804032659163272
stdillum-D50	740.000000000000	0.832392011127527
stdillum-D50	745.000000000000	0.768469392261093
stdillum-D50	750.000000000000	0.704547731411922
stdillum-D50	755.000000000000	0.610565207047620
stdillum-D50	760.000000000000	0.516583713593199
stdillum-D50	765.000000000000	0.629605831380144
stdillum-D50	770.000000000000	0.742627949167089
stdillum-D50	775.000000000000	0.722737605175623
stdillum-D50	780.000000000000	0.702847261184158
stdillum-D50	785.000000000000	0.708436094389456
stdillum-D50	790.000000000000	0.714024844288905
stdillum-D50	795.000000000000	0.686845269756996
stdillum-D50	800.000000000000	0.659665705638318
stdillum-D50	805.000000000000	0.617854479240989
stdillum-D50	810.000000000000	0.576044335819695
stdillum-D50	815.000000000000	0.606347869272717
stdillum-D50	820.000000000000	0.636651402725740
stdillum-D50	825.000000000000	0.653035601387728
stdillum-D50	830.000000000000	0.669419768810022
illum-acesD60	300.000000000000	0.000297028435087233
illum-acesD60	305.000000000000	0.0130826417700102
illum-acesD60	310.000000000000	0.0258682551049332
illum-acesD60	315.000000000000	0.0916426050850766
illum-acesD60	320.000000000000	0.157416955065220
illum-acesD60	325.000000000000	0.222639956157147
illum-acesD60	330.000000000000	0.287862957249073
illum-acesD60	335.000000000000	0.303656287821667
illum-acesD60	340.000000000000	0.319449618394262
illum-acesD60	345.000000000000	0.342451569389430
illum-acesD60	350.000000000000	0.365453520384599
illum-acesD60	355.000000000000	0.377404654243079
illum-acesD60	360.000000000000	0.389355788101558
illum-acesD60	365.000000000000	0.412314625338218
illum-acesD60	370.000000000000	0.435273462574879
illum-acesD60	375.000000000000	0.426647160328416
illum-acesD60	380.000000000000	0.418020858081954
illum-acesD60	385.000000000000	0.444448070385429
illum-acesD60	390.000000000000	0.470875282688904
illum-acesD60	395.000000000000	0.601186871390349
illum-acesD60	400.000000000000	0.731498460091794
illum-acesD60	405.000000000000	0.772756805322097
illum-acesD60	410.000000000000	0.814015150552401
illum-acesD60	415.000000000000	0.826645960133245
illum-acesD60	420.000000000000	0.839276769714089
illum-acesD60	425.000000000000	0.812923104410422
illum-acesD60	430.000000000000	0.786569439106755
illum-acesD60	435.000000000000	0.878077123488735
illum-acesD60	440.000000000000	0.969584807870716
illum-acesD60	445.000000000000	1.03189433332886
illum-acesD60	450.000000000000	1.09420385878701
illum-acesD60	455.000000000000	1.10240511009665
illum-acesD60	460.000000000000	1.11060636140629
illum-acesD60	465.000000000000	1.10155450100232
illum-acesD60	470.000000000000	1.09250264059834
illum-acesD60	475.000000000000	1.10228997100040
illum-acesD60	480.000000000000	1.11207730140245
illum-acesD60	485.000000000000	1.08182665955033
illum-acesD60	490.000000000000	1.05157601769821
illum-acesD60	495.000000000000	1.05936033360204
illum-acesD60	500.000000000000	1.06714464950587
illum-acesD60	505.000000000000	1.06310818726813
illum-acesD60	510.000000000000	1.05907172503038
illum-acesD60	515.000000000000	1.04950402118637
illum-acesD60	520.000000000000	1.03993631734237
illum-acesD60	525.000000000000	1.05787265532316
illum-acesD60	530.000000000000	1.07580899330396
illum-acesD60	535.000000000000	1.06190556701609
illum-acesD60	540.000000000000	1.04800214072822
illum-acesD60	545.000000000000	1.04916367610450
illum-acesD60	550.000000000000	1.05032521148078
illum-acesD60	555.000000000000	1.03238329407242
illum-acesD60	560.000000000000	1.01444137666405
illum-acesD60	565.000000000000	0.997975978679412
illum-acesD60	570.000000000000	0.981510580694778
illum-acesD60	575.000000000000	0.981321387378030
illum-acesD60	580.000000000000	0.981132194061282
illum-acesD60	585.000000000000	0.946486992165452
illum-acesD60	590.000000000000	0.911841790269621
illum-acesD60	595.000000000000	0.922300173642340
illum-acesD60	600.000000000000	0.932758557015057
illum-acesD60	605.000000000000	0.933181071848438
illum-acesD60	610.000000000000	0.933603586681819
illum-acesD60	615.000000000000	0.926193092425288
illum-acesD60	620.000000000000	0.918782598168757
illum-acesD60	625.000000000000	0.897858730333684
illum-acesD60	630.000000000000	0.876934862498612
illum-acesD60	635.000000000000	0.882108513519598
illum-acesD60	640.000000000000	0.887282164540585
illum-acesD60	645.000000000000	0.868927876712602
illum-acesD60	650.000000000000	0.850573588884620
illum-acesD60	655.000000000000	0.854236229475065
illum-acesD60	660.000000000000	0.857898870065511
illum-acesD60	665.000000000000	0.871843381229135
illum-acesD60	670.000000000000	0.885787892392759
illum-acesD60	675.000000000000	0.865387476308045
illum-acesD60	680.000000000000	0.844987060223331
illum-acesD60	685.000000000000	0.797960094104627
illum-acesD60	690.000000000000	0.750933127985924
illum-acesD60	695.000000000000	0.763218520278014
illum-acesD60	700.000000000000	0.775503912570104
illum-acesD60	705.000000000000	0.787963788778980
illum-acesD60	710.000000000000	0.800423664987856
illum-acesD60	715.000000000000	0.731673451229268
illum-acesD60	720.000000000000	0.662923237470681
illum-acesD60	725.000000000000	0.706668992956565
illum-acesD60	730.000000000000	0.750414748442448
illum-acesD60	735.000000000000	0.777875676508744
illum-acesD60	740.000000000000	0.805336604575040
illum-acesD60	745.000000000000	0.743469375557118
illum-acesD60	750.000000000000	0.681602146539196
illum-acesD60	755.000000000000	0.590262352205054
illum-acesD60	760.000000000000	0.498922557870911
illum-acesD60	765.000000000000	0.608383825737092
illum-acesD60	770.000000000000	0.717845093603273
illum-acesD60	775.000000000000	0.698989671735218
illum-acesD60	780.000000000000	0.680134249867163
illum-acesD60	785.000000000000	0.685223702253887
illum-acesD60	790.000000000000	0.690313154640610
illum-acesD60	795.000000000000	0.664084772846961
illum-acesD60	800.000000000000	0.637856391053312
illum-acesD60	805.000000000000	0.597363441841702
illum-acesD60	810.000000000000	0.556870492630092
illum-acesD60	815.000000000000	0.586414068842679
illum-acesD60	820.000000000000	0.615957645055266
illum-acesD60	825.000000000000	0.631480627000979
illum-acesD60	830.000000000000	0.647003608946692
stdillum-D65	300.000000000000	0.000344827406190946
stdillum-D65	305.000000000000	0.0168298021150613
stdillum-D65	310.000000000000	0.0333147768239317
stdillum-D65	315.000000000000	0.118972533704332
stdillum-D65	320.000000000000	0.204631301808797
stdillum-D65	325.000000000000	0.289662089656610
stdillum-D65	330.000000000000	0.374693919065209
stdillum-D65	335.000000000000	0.389332378406769
stdillum-D65	340.000000000000	0.403971869196876
stdillum-D65	345.000000000000	0.429064383147674
stdillum-D65	350.000000000000	0.454157928547018
stdillum-D65	355.000000000000	0.462887836013061
stdillum-D65	360.000000000000	0.471617733366863
stdillum-D65	365.000000000000	0.499177623924206
stdillum-D65	370.000000000000	0.526737514481549
stdillum-D65	375.000000000000	0.516050888449584
stdillum-D65	380.000000000000	0.505364262417619
stdillum-D65	385.000000000000	0.528989490249992
stdillum-D65	390.000000000000	0.552615759643152
stdillum-D65	395.000000000000	0.694726101068249
stdillum-D65	400.000000000000	0.836837443605171
stdillum-D65	405.000000000000	0.880982440278308
stdillum-D65	410.000000000000	0.925128448175510
stdillum-D65	415.000000000000	0.934966647104636
stdillum-D65	420.000000000000	0.944804856146001
stdillum-D65	425.000000000000	0.910678046173332
stdillum-D65	430.000000000000	0.876552247424728
stdillum-D65	435.000000000000	0.968485670965231
stdillum-D65	440.000000000000	1.06042009561756
stdillum-D65	445.000000000000	1.12181149849609
stdillum-D65	450.000000000000	1.18321308440095
stdillum-D65	455.000000000000	1.18727821525480
stdillum-D65	460.000000000000	1.19134325509848
stdillum-D65	465.000000000000	1.17641761823468
stdillum-D65	470.000000000000	1.16150207338705
stdillum-D65	475.000000000000	1.16687165294812
stdillum-D65	480.000000000000	1.17224124262143
stdillum-D65	485.000000000000	1.13628211486733
stdillum-D65	490.000000000000	1.10032298711322
stdillum-D65	495.000000000000	1.10306344477854
stdillum-D65	500.000000000000	1.10581392367434
stdillum-D65	505.000000000000	1.09796689571504
stdillum-D65	510.000000000000	1.09011978685781
stdillum-D65	515.000000000000	1.07489071198880
stdillum-D65	520.000000000000	1.05966170790547
stdillum-D65	525.000000000000	1.07431431427170
stdillum-D65	530.000000000000	1.08897711377651
stdillum-D65	535.000000000000	1.07237275395452
stdillum-D65	540.000000000000	1.05576847503045
stdillum-D65	545.000000000000	1.05394826160107
stdillum-D65	550.000000000000	1.05213817052459
stdillum-D65	555.000000000000	1.03168115824930
stdillum-D65	560.000000000000	1.01122406507609
stdillum-D65	565.000000000000	0.992689329075068
stdillum-D65	570.000000000000	0.974154593074048
stdillum-D65	575.000000000000	0.971392919927844
stdillum-D65	580.000000000000	0.968631327679565
stdillum-D65	585.000000000000	0.932720728568342
stdillum-D65	590.000000000000	0.896810129457119
stdillum-D65	595.000000000000	0.903487252071058
stdillum-D65	600.000000000000	0.910164384797236
stdillum-D65	605.000000000000	0.908105471927298
stdillum-D65	610.000000000000	0.906047641067108
stdillum-D65	615.000000000000	0.896439040561959
stdillum-D65	620.000000000000	0.886830359158884
stdillum-D65	625.000000000000	0.864531847187650
stdillum-D65	630.000000000000	0.842234336328241
stdillum-D65	635.000000000000	0.844310369221602
stdillum-D65	640.000000000000	0.846386483012887
stdillum-D65	645.000000000000	0.827818346280998
stdillum-D65	650.000000000000	0.809250280334793
stdillum-D65	655.000000000000	0.810199769170696
stdillum-D65	660.000000000000	0.811149338904524
stdillum-D65	665.000000000000	0.821581136472090
stdillum-D65	670.000000000000	0.832012934039655
stdillum-D65	675.000000000000	0.811820771459253
stdillum-D65	680.000000000000	0.791628699889017
stdillum-D65	685.000000000000	0.748333121318303
stdillum-D65	690.000000000000	0.705038543859414
stdillum-D65	695.000000000000	0.714583497921907
stdillum-D65	700.000000000000	0.724128451984401
stdillum-D65	705.000000000000	0.737981170002916
stdillum-D65	710.000000000000	0.751834970031180
stdillum-D65	715.000000000000	0.687394736708688
stdillum-D65	720.000000000000	0.622954473049473
stdillum-D65	725.000000000000	0.664827208799422
stdillum-D65	730.000000000000	0.706699974886093
stdillum-D65	735.000000000000	0.732998889258767
stdillum-D65	740.000000000000	0.759297793519201
stdillum-D65	745.000000000000	0.701180724051148
stdillum-D65	750.000000000000	0.643064696143882
stdillum-D65	755.000000000000	0.556227862115844
stdillum-D65	760.000000000000	0.469392019087390
stdillum-D65	765.000000000000	0.572472155384986
stdillum-D65	770.000000000000	0.675552251233619
stdillum-D65	775.000000000000	0.658247214256935
stdillum-D65	780.000000000000	0.640942136831288
stdillum-D65	785.000000000000	0.645599814650547
stdillum-D65	790.000000000000	0.650257532918769
stdillum-D65	795.000000000000	0.625724205651476
stdillum-D65	800.000000000000	0.601191919944971
stdillum-D65	805.000000000000	0.563306400234655
stdillum-D65	810.000000000000	0.525421911972885
stdillum-D65	815.000000000000	0.553137531036250
stdillum-D65	820.000000000000	0.580853180436336
stdillum-D65	825.000000000000	0.595373326562283
stdillum-D65	830.000000000000	0.609894514249016
stdillum-F1	359.000000000000	0.136509741629432
stdillum-F1	380.000000000000	0.136509741629432
stdillum-F1	385.000000000000	0.172279673928053
stdillum-F1	390.000000000000	0.214619593791727
stdillum-F1	395.000000000000	0.253309520563705
stdillum-F1	400.000000000000	0.377409285681370
stdillum-F1	405.000000000000	1.42276730714311
stdillum-F1	410.000000000000	0.447489153041934
stdillum-F1	415.000000000000	0.455519137843665
stdillum-F1	420.000000000000	0.511729031455784
stdillum-F1	425.000000000000	0.568668923686242
stdillum-F1	430.000000000000	0.624878817298361
stdillum-F1	435.000000000000	3.18790382028759
stdillum-F1	440.000000000000	1.23661773246648
stdillum-F1	445.000000000000	0.782558518859630
stdillum-F1	450.000000000000	0.828548431815000
stdillum-F1	455.000000000000	0.867968357205317
stdillum-F1	460.000000000000	0.903008290885599
stdillum-F1	465.000000000000	0.930748238382489
stdillum-F1	470.000000000000	0.948998203840969
stdillum-F1	475.000000000000	0.959948183116057
stdillum-F1	480.000000000000	0.965788172062771
stdillum-F1	485.000000000000	0.961408180352736
stdillum-F1	490.000000000000	0.958488185879379
stdillum-F1	495.000000000000	0.938048224565881
stdillum-F1	500.000000000000	0.913958270160687
stdillum-F1	505.000000000000	0.890598314373832
stdillum-F1	510.000000000000	0.863588365495282
stdillum-F1	515.000000000000	0.839498411090088
stdillum-F1	520.000000000000	0.819058449776590
stdillum-F1	525.000000000000	0.806648473264824
stdillum-F1	530.000000000000	0.805188476028145
stdillum-F1	535.000000000000	0.816138455303233
stdillum-F1	540.000000000000	0.841688406945106
stdillum-F1	545.000000000000	2.02501616727296
stdillum-F1	550.000000000000	1.24464757126849
stdillum-F1	555.000000000000	0.989148127849625
stdillum-F1	560.000000000000	1.04608802008008
stdillum-F1	565.000000000000	1.09572792612715
stdillum-F1	570.000000000000	1.13295785566245
stdillum-F1	575.000000000000	1.33516754594227
stdillum-F1	580.000000000000	1.42714722585329
stdillum-F1	585.000000000000	1.13003786118909
stdillum-F1	590.000000000000	1.08842793994376
stdillum-F1	595.000000000000	1.03294804494998
stdillum-F1	600.000000000000	0.965058173444432
stdillum-F1	605.000000000000	0.889868315755493
stdillum-F1	610.000000000000	0.811758463593198
stdillum-F1	615.000000000000	0.732188614194225
stdillum-F1	620.000000000000	0.653348763413590
stdillum-F1	625.000000000000	0.581078900198009
stdillum-F1	630.000000000000	0.512459030074123
stdillum-F1	635.000000000000	0.452599143370308
stdillum-F1	640.000000000000	0.395659251139850
stdillum-F1	645.000000000000	0.345289346474445
stdillum-F1	650.000000000000	0.302949426610771
stdillum-F1	655.000000000000	0.265719497075471
stdillum-F1	660.000000000000	0.233599557868546
stdillum-F1	665.000000000000	0.205129611753317
stdillum-F1	670.000000000000	0.180309658729784
stdillum-F1	675.000000000000	0.159139698797947
stdillum-F1	680.000000000000	0.140889733339467
stdillum-F1	685.000000000000	0.125559762354344
stdillum-F1	690.000000000000	0.121909769262648
stdillum-F1	695.000000000000	0.104389802422507
stdillum-F1	700.000000000000	0.0941698217657577
stdillum-F1	705.000000000000	0.0868698355823656
stdillum-F1	710.000000000000	0.0788398507806344
stdillum-F1	715.000000000000	0.0700798673605639
stdillum-F1	720.000000000000	0.0642398784138502
stdillum-F1	725.000000000000	0.0591298880854758
stdillum-F1	730.000000000000	0.0562098936121189
stdillum-F1	735.000000000000	0.0547498963754405
stdillum-F1	740.000000000000	0.0532898991387621
stdillum-F1	745.000000000000	0.0496399060470661
stdillum-F1	750.000000000000	0.0503699046654053
stdillum-F1	755.000000000000	0.0467199115737092
stdillum-F1	760.000000000000	0.0496399060470661
stdillum-F1	765.000000000000	0.0503699046654053
stdillum-F1	770.000000000000	0.0445299157186916
stdillum-F1	775.000000000000	0.0379599281536388
stdillum-F1	780.000000000000	0.0313899405885859
stdillum-F1	831.000000000000	0.0313899405885859
stdillum-F2	359.000000000000	0.0861458358702142
stdillum-F2	380.000000000000	0.0861458358702142
stdillum-F2	385.000000000000	0.108047319566031
stdillum-F2	390.000000000000	0.134329100001012
stdillum-F2	395.000000000000	0.156960633153356
stdillum-F2	400.000000000000	0.251137013045370
stdillum-F2	405.000000000000	1.14544759729124
stdillum-F2	410.000000000000	0.281069040762987
stdillum-F2	415.000000000000	0.273038496741187
stdillum-F2	420.000000000000	0.305890722284913
stdillum-F2	425.000000000000	0.337282848915584
stdillum-F2	430.000000000000	0.369405025002783
stdillum-F2	435.000000000000	2.55371299893228
stdillum-F2	440.000000000000	0.862188408158669
stdillum-F2	445.000000000000	0.457741009242579
stdillum-F2	450.000000000000	0.484022789677559
stdillum-F2	455.000000000000	0.505924273373376
stdillum-F2	460.000000000000	0.524905559243085
stdillum-F2	465.000000000000	0.540236597830157
stdillum-F2	470.000000000000	0.550457290221538
stdillum-F2	475.000000000000	0.556297685873756
stdillum-F2	480.000000000000	0.558487834243338
stdillum-F2	485.000000000000	0.556297685873756
stdillum-F2	490.000000000000	0.556297685873756
stdillum-F2	495.000000000000	0.543886845112793
stdillum-F2	500.000000000000	0.531476004351830
stdillum-F2	505.000000000000	0.521985361416976
stdillum-F2	510.000000000000	0.514684866851703
stdillum-F2	515.000000000000	0.513954817395176
stdillum-F2	520.000000000000	0.522715410873503
stdillum-F2	525.000000000000	0.545346944025847
stdillum-F2	530.000000000000	0.586959763047900
stdillum-F2	535.000000000000	0.648283917396188
stdillum-F2	540.000000000000	0.730779505983766
stdillum-F2	545.000000000000	1.81636297483482
stdillum-F2	550.000000000000	1.21480222265638
stdillum-F2	555.000000000000	1.06514215707324
stdillum-F2	560.000000000000	1.17975992174802
stdillum-F2	565.000000000000	1.28196677265689
stdillum-F2	570.000000000000	1.35935216105866
stdillum-F2	575.000000000000	1.56741611015904
stdillum-F2	580.000000000000	1.66378278443052
stdillum-F2	585.000000000000	1.40826547464599
stdillum-F2	590.000000000000	1.36227228587983
stdillum-F2	595.000000000000	1.29437768642279
stdillum-F2	600.000000000000	1.20750187410100
stdillum-F2	605.000000000000	1.11040522337793
stdillum-F2	610.000000000000	1.00746825000759
stdillum-F2	615.000000000000	0.902341128267667
stdillum-F2	620.000000000000	0.799404154897326
stdillum-F2	625.000000000000	0.704497725548785
stdillum-F2	630.000000000000	0.613241543482881
stdillum-F2	635.000000000000	0.534396202177939
stdillum-F2	640.000000000000	0.460661207068688
stdillum-F2	645.000000000000	0.396416854894291
stdillum-F2	650.000000000000	0.341663145654748
stdillum-F2	655.000000000000	0.293479881523950
stdillum-F2	660.000000000000	0.251867062501897
stdillum-F2	665.000000000000	0.216094639132063
stdillum-F2	670.000000000000	0.186162611414446
stdillum-F2	675.000000000000	0.159880830979465
stdillum-F2	680.000000000000	0.137979347283648
stdillum-F2	685.000000000000	0.119728110870467
stdillum-F2	690.000000000000	0.111697566848668
stdillum-F2	695.000000000000	0.0927162809789593
stdillum-F2	700.000000000000	0.0803054402179963
stdillum-F2	705.000000000000	0.0722748961961966
stdillum-F2	710.000000000000	0.0642443521743970
stdillum-F2	715.000000000000	0.0554837586960701
stdillum-F2	720.000000000000	0.0496433630438522
stdillum-F2	725.000000000000	0.0445330168481616
stdillum-F2	730.000000000000	0.0408827695655254
stdillum-F2	735.000000000000	0.0394226706524709
stdillum-F2	740.000000000000	0.0372325222828892
stdillum-F2	745.000000000000	0.0343123244567802
stdillum-F2	750.000000000000	0.0343123244567802
stdillum-F2	755.000000000000	0.0313921266306713
stdillum-F2	760.000000000000	0.0335822750002530
stdillum-F2	765.000000000000	0.0343123244567802
stdillum-F2	770.000000000000	0.0292019782610896
stdillum-F2	775.000000000000	0.0240916320653989
stdillum-F2	780.000000000000	0.0197113353262354
stdillum-F2	831.000000000000	0.0197113353262354
stdillum-F3	359.000000000000	0.0598691937847170
stdillum-F3	380.000000000000	0.0598691937847170
stdillum-F3	385.000000000000	0.0744714361712334
stdillum-F3	390.000000000000	0.0919941270350530
stdillum-F3	395.000000000000	0.105136145182918
stdillum-F3	400.000000000000	0.187638814666735
stdillum-F3	405.000000000000	1.04844100335187
stdillum-F3	410.000000000000	0.197130272217971
stdillum-F3	415.000000000000	0.178877469234825
stdillum-F3	420.000000000000	0.199320608575948
stdillum-F3	425.000000000000	0.219033635797745
stdillum-F3	430.000000000000	0.239476775138868
stdillum-F3	435.000000000000	2.32540710005273
stdillum-F3	440.000000000000	0.691416177001549
stdillum-F3	445.000000000000	0.293505071968979
stdillum-F3	450.000000000000	0.310297650713473
stdillum-F3	455.000000000000	0.324169780980663
stdillum-F3	460.000000000000	0.335121462770550
stdillum-F3	465.000000000000	0.344612920321786
stdillum-F3	470.000000000000	0.350453817276392
stdillum-F3	475.000000000000	0.354834489992347
stdillum-F3	480.000000000000	0.355564602111673
stdillum-F3	485.000000000000	0.354104377873022
stdillum-F3	490.000000000000	0.356294714230999
stdillum-F3	495.000000000000	0.348263480918415
stdillum-F3	500.000000000000	0.340962359725157
stdillum-F3	505.000000000000	0.337311799128528
stdillum-F3	510.000000000000	0.337311799128528
stdillum-F3	515.000000000000	0.345343032441112
stdillum-F3	520.000000000000	0.364325947543583
stdillum-F3	525.000000000000	0.400101441390548
stdillum-F3	530.000000000000	0.456320074578636
stdillum-F3	535.000000000000	0.535902295585150
stdillum-F3	540.000000000000	0.641038440768068
stdillum-F3	545.000000000000	1.73912706823410
stdillum-F3	550.000000000000	1.17840088758066
stdillum-F3	555.000000000000	1.06523358209637
stdillum-F3	560.000000000000	1.21417638142762
stdillum-F3	565.000000000000	1.34997730863344
stdillum-F3	570.000000000000	1.45657375106622
stdillum-F3	575.000000000000	1.68728918077318
stdillum-F3	580.000000000000	1.80264689562666
stdillum-F3	585.000000000000	1.56317004747658
stdillum-F3	590.000000000000	1.52228376879433
stdillum-F3	595.000000000000	1.45511345381635
stdillum-F3	600.000000000000	1.36311932678130
stdillum-F3	605.000000000000	1.25725299646785
stdillum-F3	610.000000000000	1.14262546674490
stdillum-F3	615.000000000000	1.02507741553345
stdillum-F3	620.000000000000	0.908989588560643
stdillum-F3	625.000000000000	0.799472770661770
stdillum-F3	630.000000000000	0.694336625478853
stdillum-F3	635.000000000000	0.603802722682451
stdillum-F3	640.000000000000	0.519109716840656
stdillum-F3	645.000000000000	0.444638280669423
stdillum-F3	650.000000000000	0.381118526288077
stdillum-F3	655.000000000000	0.324899893099989
stdillum-F3	660.000000000000	0.277442605343811
stdillum-F3	665.000000000000	0.235826214542239
stdillum-F3	670.000000000000	0.200780832814600
stdillum-F3	675.000000000000	0.170116123802916
stdillum-F3	680.000000000000	0.145292311745838
stdillum-F3	685.000000000000	0.124119060285389
stdillum-F3	690.000000000000	0.113167378495502
stdillum-F3	695.000000000000	0.0927242391543788
stdillum-F3	700.000000000000	0.0795822210065141
stdillum-F3	705.000000000000	0.0700907634552785
stdillum-F3	710.000000000000	0.0605993059040429
stdillum-F3	715.000000000000	0.0518379604721331
stdillum-F3	720.000000000000	0.0452669513982007
stdillum-F3	725.000000000000	0.0394260544435942
stdillum-F3	730.000000000000	0.0357754938469651
stdillum-F3	735.000000000000	0.0335851574889876
stdillum-F3	740.000000000000	0.0313948211310102
stdillum-F3	745.000000000000	0.0284743726537069
stdillum-F3	750.000000000000	0.0284743726537069
stdillum-F3	755.000000000000	0.0255539241764036
stdillum-F3	760.000000000000	0.0277442605343811
stdillum-F3	765.000000000000	0.0284743726537069
stdillum-F3	770.000000000000	0.0240936999377520
stdillum-F3	775.000000000000	0.0204431393411229
stdillum-F3	780.000000000000	0.0153323545058422
stdillum-F3	831.000000000000	0.0153323545058422
stdillum-F4	359.000000000000	0.0416146903430862
stdillum-F4	380.000000000000	0.0416146903430862
stdillum-F4	385.000000000000	0.0511057600704567
stdillum-F4	390.000000000000	0.0635171589447105
stdillum-F4	395.000000000000	0.0715480640986394
stdillum-F4	400.000000000000	0.146746539630883
stdillum-F4	405.000000000000	1.00386314424111
stdillum-F4	410.000000000000	0.142366045910558
stdillum-F4	415.000000000000	0.116083083588609
stdillum-F4	420.000000000000	0.128494482462863
stdillum-F4	425.000000000000	0.140905881337116
stdillum-F4	430.000000000000	0.153317280211370
stdillum-F4	435.000000000000	2.21068923719884
stdillum-F4	440.000000000000	0.586256076236810
stdillum-F4	445.000000000000	0.186170983113807
stdillum-F4	450.000000000000	0.197122217414619
stdillum-F4	455.000000000000	0.205883204855268
stdillum-F4	460.000000000000	0.212453945435756
stdillum-F4	465.000000000000	0.218294603729522
stdillum-F4	470.000000000000	0.221945015163126
stdillum-F4	475.000000000000	0.224865344310009
stdillum-F4	480.000000000000	0.225595426596730
stdillum-F4	485.000000000000	0.225595426596730
stdillum-F4	490.000000000000	0.229245838030334
stdillum-F4	495.000000000000	0.223405179736568
stdillum-F4	500.000000000000	0.219024686016243
stdillum-F4	505.000000000000	0.217564521442801
stdillum-F4	510.000000000000	0.219754768302964
stdillum-F4	515.000000000000	0.229245838030334
stdillum-F4	520.000000000000	0.248958059771796
stdillum-F4	525.000000000000	0.284732091821116
stdillum-F4	530.000000000000	0.342408592472060
stdillum-F4	535.000000000000	0.424177808584790
stdillum-F4	540.000000000000	0.534420233879633
stdillum-F4	545.000000000000	1.64925588570231
stdillum-F4	550.000000000000	1.10315433523514
stdillum-F4	555.000000000000	1.01335421396848
stdillum-F4	560.000000000000	1.19222437421508
stdillum-F4	565.000000000000	1.36379371159447
stdillum-F4	570.000000000000	1.50688976678352
stdillum-F4	575.000000000000	1.77263986516635
stdillum-F4	580.000000000000	1.91719608492885
stdillum-F4	585.000000000000	1.69963163649427
stdillum-F4	590.000000000000	1.67480883874577
stdillum-F4	595.000000000000	1.61640210979164
stdillum-F4	600.000000000000	1.52660206153321
stdillum-F4	605.000000000000	1.41854988309853
stdillum-F4	610.000000000000	1.29516597664272
stdillum-F4	615.000000000000	1.16813165875330
stdillum-F4	620.000000000000	1.05277865745141
stdillum-F4	625.000000000000	0.916983352121337
stdillum-F4	630.000000000000	0.797979939385845
stdillum-F4	635.000000000000	0.695038336958211
stdillum-F4	640.000000000000	0.597207310537622
stdillum-F4	645.000000000000	0.511787682991288
stdillum-F4	650.000000000000	0.438049372032486
stdillum-F4	655.000000000000	0.373072048514334
stdillum-F4	660.000000000000	0.318315877010273
stdillum-F4	665.000000000000	0.269400363799979
stdillum-F4	670.000000000000	0.228515755743613
stdillum-F4	675.000000000000	0.192741723694294
stdillum-F4	680.000000000000	0.163538432225461
stdillum-F4	685.000000000000	0.139445716763675
stdillum-F4	690.000000000000	0.124113988742538
stdillum-F4	695.000000000000	0.101481437854193
stdillum-F4	700.000000000000	0.0861497098330556
stdillum-F4	705.000000000000	0.0751984755322434
stdillum-F4	710.000000000000	0.0642472412314313
stdillum-F4	715.000000000000	0.0540260892173399
stdillum-F4	720.000000000000	0.0467252663501318
stdillum-F4	725.000000000000	0.0394244434829237
stdillum-F4	730.000000000000	0.0357740320493197
stdillum-F4	735.000000000000	0.0335837851891573
stdillum-F4	740.000000000000	0.0306634560422740
stdillum-F4	745.000000000000	0.0270130446086700
stdillum-F4	750.000000000000	0.0270130446086700
stdillum-F4	755.000000000000	0.0240927154617867
stdillum-F4	760.000000000000	0.0255528800352283
stdillum-F4	765.000000000000	0.0262829623219492
stdillum-F4	770.000000000000	0.0226325508883451
stdillum-F4	775.000000000000	0.0189821394547411
stdillum-F4	780.000000000000	0.0138715634476954
stdillum-F4	831.000000000000	0.0138715634476954
stdillum-F5	359.000000000000	0.136500671252373
stdillum-F5	380.000000000000	0.136500671252373
stdillum-F5	385.000000000000	0.171538276707527
stdillum-F5	390.000000000000	0.213145433185523
stdillum-F5	395.000000000000	0.251832789208923
stdillum-F5	400.000000000000	0.372274557961017
stdillum-F5	405.000000000000	1.38033566491036
stdillum-F5	410.000000000000	0.437970068189432
stdillum-F5	415.000000000000	0.445999519439571
stdillum-F5	420.000000000000	0.500015827849601
stdillum-F5	425.000000000000	0.553302186145982
stdillum-F5	430.000000000000	0.606588544442363
stdillum-F5	435.000000000000	2.97527651724352
stdillum-F5	440.000000000000	1.17229980952537
stdillum-F5	445.000000000000	0.753308517285822
stdillum-F5	450.000000000000	0.796375573991116
stdillum-F5	455.000000000000	0.832143129559920
stdillum-F5	460.000000000000	0.863530984446829
stdillum-F5	465.000000000000	0.888349288310897
stdillum-F5	470.000000000000	0.905138140924825
stdillum-F5	475.000000000000	0.915357442515912
stdillum-F5	480.000000000000	0.918277242970508
stdillum-F5	485.000000000000	0.913897542288614
stdillum-F5	490.000000000000	0.910247791720369
stdillum-F5	495.000000000000	0.890539138651844
stdillum-F5	500.000000000000	0.867910685128724
stdillum-F5	505.000000000000	0.847472081946550
stdillum-F5	510.000000000000	0.827033478764377
stdillum-F5	515.000000000000	0.810244626150448
stdillum-F5	520.000000000000	0.800025324559362
stdillum-F5	525.000000000000	0.800755274673011
stdillum-F5	530.000000000000	0.814624326832343
stdillum-F5	535.000000000000	0.842362431151007
stdillum-F5	540.000000000000	0.884699537742652
stdillum-F5	545.000000000000	2.02780148871208
stdillum-F5	550.000000000000	1.29420155149977
stdillum-F5	555.000000000000	1.05623781445018
stdillum-F5	560.000000000000	1.10952417274656
stdillum-F5	565.000000000000	1.15113132922456
stdillum-F5	570.000000000000	1.17521968297497
stdillum-F5	575.000000000000	1.35332758370035
stdillum-F5	580.000000000000	1.42340272161565
stdillum-F5	585.000000000000	1.12339322490589
stdillum-F5	590.000000000000	1.06864696638221
stdillum-F5	595.000000000000	1.00149155592650
stdillum-F5	600.000000000000	0.926306694220648
stdillum-F5	605.000000000000	0.844552281491954
stdillum-F5	610.000000000000	0.762797868763260
stdillum-F5	615.000000000000	0.682503356261864
stdillum-F5	620.000000000000	0.605128644215065
stdillum-F5	625.000000000000	0.534323483191106
stdillum-F5	630.000000000000	0.467898022849043
stdillum-F5	635.000000000000	0.410961913984417
stdillum-F5	640.000000000000	0.357675555688036
stdillum-F5	645.000000000000	0.310958748414496
stdillum-F5	650.000000000000	0.271541442277448
stdillum-F5	655.000000000000	0.237233786935942
stdillum-F5	660.000000000000	0.206575882162682
stdillum-F5	665.000000000000	0.181757578298614
stdillum-F5	670.000000000000	0.159859074889142
stdillum-F5	675.000000000000	0.140880371934267
stdillum-F5	680.000000000000	0.124821469433988
stdillum-F5	685.000000000000	0.110952417274656
stdillum-F5	690.000000000000	0.104382866251815
stdillum-F5	695.000000000000	0.0919737143197806
stdillum-F5	700.000000000000	0.0824843628423429
stdillum-F5	705.000000000000	0.0766447619331505
stdillum-F5	710.000000000000	0.0700752109103090
stdillum-F5	715.000000000000	0.0620457596601695
stdillum-F5	720.000000000000	0.0569361088646261
stdillum-F5	725.000000000000	0.0525564081827318
stdillum-F5	730.000000000000	0.0496366077281356
stdillum-F5	735.000000000000	0.0489066576144865
stdillum-F5	740.000000000000	0.0474467573871884
stdillum-F5	745.000000000000	0.0445269569325922
stdillum-F5	750.000000000000	0.0452569070462413
stdillum-F5	755.000000000000	0.0430670567052941
stdillum-F5	760.000000000000	0.0452569070462413
stdillum-F5	765.000000000000	0.0467168072735394
stdillum-F5	770.000000000000	0.0401472562506979
stdillum-F5	775.000000000000	0.0343076553415055
stdillum-F5	780.000000000000	0.0291980045459621
stdillum-F5	831.000000000000	0.0291980045459621
stdillum-F6	359.000000000000	0.0766643749917446
stdillum-F6	380.000000000000	0.0766643749917446
stdillum-F6	385.000000000000	0.0956479345135099
stdillum-F6	390.000000000000	0.119012315463375
stdillum-F6	395.000000000000	0.138726011889824
stdillum-F6	400.000000000000	0.227072577356501
stdillum-F6	405.000000000000	1.08060261893126
stdillum-F6	410.000000000000	0.250436958306366
stdillum-F6	415.000000000000	0.240945178545483
stdillum-F6	420.000000000000	0.268690380923448
stdillum-F6	425.000000000000	0.297165720206096
stdillum-F6	430.000000000000	0.324910922584060
stdillum-F6	435.000000000000	2.38097651918587
stdillum-F6	440.000000000000	0.784167035629845
stdillum-F6	445.000000000000	0.400115023766438
stdillum-F6	450.000000000000	0.422019130906937
stdillum-F6	455.000000000000	0.440272553524019
stdillum-F6	460.000000000000	0.456335565427051
stdillum-F6	465.000000000000	0.468017755901984
stdillum-F6	470.000000000000	0.476049261853500
stdillum-F6	475.000000000000	0.480430083281599
stdillum-F6	480.000000000000	0.481160220186283
stdillum-F6	485.000000000000	0.478969809472233
stdillum-F6	490.000000000000	0.478969809472233
stdillum-F6	495.000000000000	0.468747892806667
stdillum-F6	500.000000000000	0.458525976141101
stdillum-F6	505.000000000000	0.452684880903635
stdillum-F6	510.000000000000	0.451954743998952
stdillum-F6	515.000000000000	0.459986249950468
stdillum-F6	520.000000000000	0.481890357090966
stdillum-F6	525.000000000000	0.519857476134497
stdillum-F6	530.000000000000	0.579728702318526
stdillum-F6	535.000000000000	0.662234172547737
stdillum-F6	540.000000000000	0.765913613012763
stdillum-F6	545.000000000000	1.84140520059755
stdillum-F6	550.000000000000	1.27481896256332
stdillum-F6	555.000000000000	1.14120398201997
stdillum-F6	560.000000000000	1.25729567685092
stdillum-F6	565.000000000000	1.35294375739181
stdillum-F6	570.000000000000	1.41865600579962
stdillum-F6	575.000000000000	1.60411070657548
stdillum-F6	580.000000000000	1.68004501767623
stdillum-F6	585.000000000000	1.41719573199025
stdillum-F6	590.000000000000	1.35513402207848
stdillum-F6	595.000000000000	1.27189848795828
stdillum-F6	600.000000000000	1.17479027963540
stdillum-F6	605.000000000000	1.06892042845632
stdillum-F6	610.000000000000	0.960130029658516
stdillum-F6	615.000000000000	0.852799904670073
stdillum-F6	620.000000000000	0.748390327300364
stdillum-F6	625.000000000000	0.654202666596221
stdillum-F6	630.000000000000	0.565125964224860
stdillum-F6	635.000000000000	0.488461589233116
stdillum-F6	640.000000000000	0.416908172574154
stdillum-F6	645.000000000000	0.355576672580758
stdillum-F6	650.000000000000	0.303736952348245
stdillum-F6	655.000000000000	0.259198601162565
stdillum-F6	660.000000000000	0.220501345214351
stdillum-F6	665.000000000000	0.187645184503603
stdillum-F6	670.000000000000	0.160630119030322
stdillum-F6	675.000000000000	0.136535601175774
stdillum-F6	680.000000000000	0.116821904749325
stdillum-F6	685.000000000000	0.100028755941610
stdillum-F6	690.000000000000	0.0941876607041434
stdillum-F6	695.000000000000	0.0766643749917446
stdillum-F6	700.000000000000	0.0664424583261786
stdillum-F6	705.000000000000	0.0591410892793458
stdillum-F6	710.000000000000	0.0518397202325130
stdillum-F6	715.000000000000	0.0445383511856802
stdillum-F6	720.000000000000	0.0394273928528972
stdillum-F6	725.000000000000	0.0350465714247975
stdillum-F6	730.000000000000	0.0321260238060644
stdillum-F6	735.000000000000	0.0313958869013811
stdillum-F6	740.000000000000	0.0292054761873313
stdillum-F6	745.000000000000	0.0270150654732814
stdillum-F6	750.000000000000	0.0277452023779647
stdillum-F6	755.000000000000	0.0255547916639149
stdillum-F6	760.000000000000	0.0284753392826480
stdillum-F6	765.000000000000	0.0299356130920146
stdillum-F6	770.000000000000	0.0240945178545483
stdillum-F6	775.000000000000	0.0189835595217653
stdillum-F6	780.000000000000	0.0153328749983489
stdillum-F6	831.000000000000	0.0153328749983489
stdillum-F7	359.000000000000	0.186861552289924
stdillum-F7	380.000000000000	0.186861552289924
stdillum-F7	385.000000000000	0.232117084485140
stdillum-F7	390.000000000000	0.280292328434887
stdillum-F7	395.000000000000	0.330657356200530
stdillum-F7	400.000000000000	0.448905682258998
stdillum-F7	405.000000000000	1.41387049012398
stdillum-F7	410.000000000000	0.537956890772165
stdillum-F7	415.000000000000	0.514599196735924
stdillum-F7	420.000000000000	0.562774440685671
stdillum-F7	425.000000000000	0.613869396389947
stdillum-F7	430.000000000000	0.667884063848753
stdillum-F7	435.000000000000	3.22190184813114
stdillum-F7	440.000000000000	1.27883374848417
stdillum-F7	445.000000000000	0.828468210347907
stdillum-F7	450.000000000000	0.875913526359021
stdillum-F7	455.000000000000	0.918249346799706
stdillum-F7	460.000000000000	0.954745743731332
stdillum-F7	465.000000000000	0.981753077460735
stdillum-F7	470.000000000000	1.00073120386518
stdillum-F7	475.000000000000	1.01313997882193
stdillum-F7	480.000000000000	1.01824947439236
stdillum-F7	485.000000000000	1.01678961851510
stdillum-F7	490.000000000000	1.00876041119014
stdillum-F7	495.000000000000	0.995621708294753
stdillum-F7	500.000000000000	0.980293221583470
stdillum-F7	505.000000000000	0.967154518688085
stdillum-F7	510.000000000000	0.954745743731332
stdillum-F7	515.000000000000	0.943796824651845
stdillum-F7	520.000000000000	0.932847905572357
stdillum-F7	525.000000000000	0.919709202676971
stdillum-F7	530.000000000000	0.908030355658851
stdillum-F7	535.000000000000	0.900001148333894
stdillum-F7	540.000000000000	0.894891652763466
stdillum-F7	545.000000000000	2.15474727484319
stdillum-F7	550.000000000000	1.24452706237565
stdillum-F7	555.000000000000	0.908030355658851
stdillum-F7	560.000000000000	0.918249346799706
stdillum-F7	565.000000000000	0.928468337940562
stdillum-F7	570.000000000000	0.936497545265519
stdillum-F7	575.000000000000	1.12846859312587
stdillum-F7	580.000000000000	1.22262929720947
stdillum-F7	585.000000000000	0.936497545265519
stdillum-F7	590.000000000000	0.924818698247399
stdillum-F7	595.000000000000	0.908760283597484
stdillum-F7	600.000000000000	0.889782157193038
stdillum-F7	605.000000000000	0.867884319034063
stdillum-F7	610.000000000000	0.846716408813720
stdillum-F7	615.000000000000	0.828468210347907
stdillum-F7	620.000000000000	0.811679867759359
stdillum-F7	625.000000000000	0.799271092802606
stdillum-F7	630.000000000000	0.785402461968588
stdillum-F7	635.000000000000	0.760584912055083
stdillum-F7	640.000000000000	0.737957145957475
stdillum-F7	645.000000000000	0.732847650387047
stdillum-F7	650.000000000000	0.731387794509782
stdillum-F7	655.000000000000	0.737957145957475
stdillum-F7	660.000000000000	0.720438875430294
stdillum-F7	665.000000000000	0.631387666917127
stdillum-F7	670.000000000000	0.530657611385840
stdillum-F7	675.000000000000	0.470073592479341
stdillum-F7	680.000000000000	0.425547988222757
stdillum-F7	685.000000000000	0.394891014800192
stdillum-F7	690.000000000000	0.367883681070789
stdillum-F7	695.000000000000	0.333577067955060
stdillum-F7	700.000000000000	0.300730310716597
stdillum-F7	705.000000000000	0.275182832864459
stdillum-F7	710.000000000000	0.252555066766851
stdillum-F7	715.000000000000	0.224817805098815
stdillum-F7	720.000000000000	0.199270327246677
stdillum-F7	725.000000000000	0.180292200842232
stdillum-F7	730.000000000000	0.164233786192316
stdillum-F7	735.000000000000	0.150365155358299
stdillum-F7	740.000000000000	0.138686308340178
stdillum-F7	745.000000000000	0.127737389260690
stdillum-F7	750.000000000000	0.118248326058468
stdillum-F7	755.000000000000	0.112408902549408
stdillum-F7	760.000000000000	0.105839551101715
stdillum-F7	765.000000000000	0.0963504878994923
stdillum-F7	770.000000000000	0.0854015688200045
stdillum-F7	775.000000000000	0.0722628659246192
stdillum-F7	780.000000000000	0.0591241630292339
stdillum-F7	831.000000000000	0.0591241630292339
stdillum-F8	359.000000000000	0.0883209557137837
stdillum-F8	380.000000000000	0.0883209557137837
stdillum-F8	385.000000000000	0.109488788074938
stdillum-F8	390.000000000000	0.132116470943759
stdillum-F8	395.000000000000	0.155474079066413
stdillum-F8	400.000000000000	0.231386305465037
stdillum-F8	405.000000000000	0.954742232013463
stdillum-F8	410.000000000000	0.279561372218010
stdillum-F8	415.000000000000	0.251824212572358
stdillum-F8	420.000000000000	0.281751147979508
stdillum-F8	425.000000000000	0.322626962194152
stdillum-F8	430.000000000000	0.371531954200958
stdillum-F8	435.000000000000	2.48904496958522
stdillum-F8	440.000000000000	0.906567165260490
stdillum-F8	445.000000000000	0.560582594943685
stdillum-F8	450.000000000000	0.627735718296314
stdillum-F8	455.000000000000	0.690509290125945
stdillum-F8	460.000000000000	0.747443459924913
stdillum-F8	465.000000000000	0.791238975154889
stdillum-F8	470.000000000000	0.827005312592702
stdillum-F8	475.000000000000	0.854742472238353
stdillum-F8	480.000000000000	0.874450454091842
stdillum-F8	485.000000000000	0.888319033914667
stdillum-F8	490.000000000000	0.896348211706829
stdillum-F8	495.000000000000	0.899267912722161
stdillum-F8	500.000000000000	0.901457688483660
stdillum-F8	505.000000000000	0.908027015768156
stdillum-F8	510.000000000000	0.916056193560318
stdillum-F8	515.000000000000	0.925545221860146
stdillum-F8	520.000000000000	0.932114549144643
stdillum-F8	525.000000000000	0.928464922875478
stdillum-F8	530.000000000000	0.919705819829483
stdillum-F8	535.000000000000	0.907297090514323
stdillum-F8	540.000000000000	0.891968660183832
stdillum-F8	545.000000000000	2.11386346210762
stdillum-F8	550.000000000000	1.20510659407816
stdillum-F8	555.000000000000	0.860581874269016
stdillum-F8	560.000000000000	0.858392098507518
stdillum-F8	565.000000000000	0.859122023761350
stdillum-F8	570.000000000000	0.864231500538181
stdillum-F8	575.000000000000	1.06642079584990
stdillum-F8	580.000000000000	1.17590965691736
stdillum-F8	585.000000000000	0.900727763229827
stdillum-F8	590.000000000000	0.914596343052652
stdillum-F8	595.000000000000	0.928464922875478
stdillum-F8	600.000000000000	0.943063427952137
stdillum-F8	605.000000000000	0.957661933028795
stdillum-F8	610.000000000000	0.973720288613119
stdillum-F8	615.000000000000	0.993428270466608
stdillum-F8	620.000000000000	1.01240632706626
stdillum-F8	625.000000000000	1.02700483214292
stdillum-F8	630.000000000000	1.03649386044275
stdillum-F8	635.000000000000	1.03357415942742
stdillum-F8	640.000000000000	1.03138438366592
stdillum-F8	645.000000000000	1.04671281399641
stdillum-F8	650.000000000000	1.05839161805774
stdillum-F8	655.000000000000	1.05547191704241
stdillum-F8	660.000000000000	1.02189535536609
stdillum-F8	665.000000000000	0.918245969321817
stdillum-F8	670.000000000000	0.802187853962382
stdillum-F8	675.000000000000	0.728465403325257
stdillum-F8	680.000000000000	0.672991084033955
stdillum-F8	685.000000000000	0.629195568803980
stdillum-F8	690.000000000000	0.589049679843169
stdillum-F8	695.000000000000	0.539414762582530
stdillum-F8	700.000000000000	0.489779845321891
stdillum-F8	705.000000000000	0.449633956361081
stdillum-F8	710.000000000000	0.410947917907936
stdillum-F8	715.000000000000	0.367152402677960
stdillum-F8	720.000000000000	0.325546663209484
stdillum-F8	725.000000000000	0.293429952040835
stdillum-F8	730.000000000000	0.267152642902850
stdillum-F8	735.000000000000	0.245254885287862
stdillum-F8	740.000000000000	0.225546903434373
stdillum-F8	745.000000000000	0.208028697342383
stdillum-F8	750.000000000000	0.193430192265725
stdillum-F8	755.000000000000	0.183211238712064
stdillum-F8	760.000000000000	0.172992285158403
stdillum-F8	765.000000000000	0.156933929574078
stdillum-F8	770.000000000000	0.137955872974422
stdillum-F8	775.000000000000	0.117517965867101
stdillum-F8	780.000000000000	0.0963501335059458
stdillum-F8	831.000000000000	0.0963501335059458
stdillum-F9	359.000000000000	0.0657016340134002
stdillum-F9	380.000000000000	0.0657016340134002
stdillum-F9	385.000000000000	0.0817620334388981
stdillum-F9	390.000000000000	0.0992824691758048
stdillum-F9	395.000000000000	0.116802904912712
stdillum-F9	400.000000000000	0.189074702327452
stdillum-F9	405.000000000000	0.934423239301692
stdillum-F9	410.000000000000	0.222655537489856
stdillum-F9	415.000000000000	0.186884647860338
stdillum-F9	420.000000000000	0.208785192531472
stdillum-F9	425.000000000000	0.240905991382468
stdillum-F9	430.000000000000	0.278866935479099
stdillum-F9	435.000000000000	2.38131915090609
stdillum-F9	440.000000000000	0.786229553693689
stdillum-F9	445.000000000000	0.426330602931397
stdillum-F9	450.000000000000	0.479621928297822
stdillum-F9	455.000000000000	0.529263162885724
stdillum-F9	460.000000000000	0.573794270383695
stdillum-F9	465.000000000000	0.609565160013213
stdillum-F9	470.000000000000	0.638765886241391
stdillum-F9	475.000000000000	0.661396449068229
stdillum-F9	480.000000000000	0.679646902960840
stdillum-F9	485.000000000000	0.692057211607816
stdillum-F9	490.000000000000	0.701547447631974
stdillum-F9	495.000000000000	0.706657574721905
stdillum-F9	500.000000000000	0.711037683656131
stdillum-F9	505.000000000000	0.721257937835994
stdillum-F9	510.000000000000	0.732938228327265
stdillum-F9	515.000000000000	0.748998627752763
stdillum-F9	520.000000000000	0.765059027178260
stdillum-F9	525.000000000000	0.776009299513827
stdillum-F9	530.000000000000	0.785499535537985
stdillum-F9	535.000000000000	0.800099898652074
stdillum-F9	540.000000000000	0.816160298077572
stdillum-F9	545.000000000000	2.02288023645521
stdillum-F9	550.000000000000	1.18919964864436
stdillum-F9	555.000000000000	0.896462295205061
stdillum-F9	560.000000000000	0.930043130367466
stdillum-F9	565.000000000000	0.964353983685575
stdillum-F9	570.000000000000	0.996474782536570
stdillum-F9	575.000000000000	1.20964008400227
stdillum-F9	580.000000000000	1.32425286144605
stdillum-F9	585.000000000000	1.06217641654997
stdillum-F9	590.000000000000	1.06947659810701
stdillum-F9	595.000000000000	1.07020661626272
stdillum-F9	600.000000000000	1.06655652548420
stdillum-F9	605.000000000000	1.05852632577145
stdillum-F9	610.000000000000	1.05049612605870
stdillum-F9	615.000000000000	1.05122614421440
stdillum-F9	620.000000000000	1.05633627130433
stdillum-F9	625.000000000000	1.06728654363990
stdillum-F9	630.000000000000	1.07458672519695
stdillum-F9	635.000000000000	1.06217641654997
stdillum-F9	640.000000000000	1.05122614421440
stdillum-F9	645.000000000000	1.06436647101708
stdillum-F9	650.000000000000	1.08626701568822
stdillum-F9	655.000000000000	1.13225815949760
stdillum-F9	660.000000000000	1.12933808687478
stdillum-F9	665.000000000000	0.963623965529870
stdillum-F9	670.000000000000	0.771629190579601
stdillum-F9	675.000000000000	0.670156666936682
stdillum-F9	680.000000000000	0.602264978456169
stdillum-F9	685.000000000000	0.552623743868266
stdillum-F9	690.000000000000	0.513202763460226
stdillum-F9	695.000000000000	0.463561528872324
stdillum-F9	700.000000000000	0.417570385062944
stdillum-F9	705.000000000000	0.383259531744835
stdillum-F9	710.000000000000	0.350408714738135
stdillum-F9	715.000000000000	0.313177788797208
stdillum-F9	720.000000000000	0.277406899167690
stdillum-F9	725.000000000000	0.250396227406625
stdillum-F9	730.000000000000	0.227765664579787
stdillum-F9	735.000000000000	0.208785192531472
stdillum-F9	740.000000000000	0.192724793105974
stdillum-F9	745.000000000000	0.177394411836181
stdillum-F9	750.000000000000	0.164984103189205
stdillum-F9	755.000000000000	0.156223885320752
stdillum-F9	760.000000000000	0.147463667452298
stdillum-F9	765.000000000000	0.133593322493914
stdillum-F9	770.000000000000	0.117532923068416
stdillum-F9	775.000000000000	0.100742505487214
stdillum-F9	780.000000000000	0.0817620334388981
stdillum-F9	831.000000000000	0.0817620334388981
stdillum-F10	359.000000000000	0.0809556478237893
stdillum-F10	380.000000000000	0.0809556478237893
stdillum-F10	385.000000000000	0.0459478001162048
stdillum-F10	390.000000000000	0.0452184699556301
stdillum-F10	395.000000000000	0.0415718191527567
stdillum-F10	400.000000000000	0.107940863765052
stdillum-F10	405.000000000000	0.886865475258809
stdillum-F10	410.000000000000	0.154617994041832
stdillum-F10	415.000000000000	0.196919143355163
stdillum-F10	420.000000000000	0.272769480054930
stdillum-F10	425.000000000000	0.374875702535385
stdillum-F10	430.000000000000	0.492297858387908
stdillum-F10	435.000000000000	2.50816634928330
stdillum-F10	440.000000000000	1.08378461861397
stdillum-F10	445.000000000000	0.758503366997666
stdillum-F10	450.000000000000	0.784759252778354
stdillum-F10	455.000000000000	0.778195281333182
stdillum-F10	460.000000000000	0.737352792341000
stdillum-F10	465.000000000000	0.676089058852727
stdillum-F10	470.000000000000	0.604614703116408
stdillum-F10	475.000000000000	0.531681687058941
stdillum-F10	480.000000000000	0.576900157014571
stdillum-F10	485.000000000000	1.21360531426325
stdillum-F10	490.000000000000	1.22016935864144
stdillum-F10	495.000000000000	0.761420687639964
stdillum-F10	500.000000000000	0.433222115381359
stdillum-F10	505.000000000000	0.243596273631943
stdillum-F10	510.000000000000	0.171392587735049
stdillum-F10	515.000000000000	0.137114070188040
stdillum-F10	520.000000000000	0.115963495531374
stdillum-F10	525.000000000000	0.107211533604478
stdillum-F10	530.000000000000	0.131279428903442
stdillum-F10	535.000000000000	0.416447521688141
stdillum-F10	540.000000000000	2.98879499803503
stdillum-F10	545.000000000000	5.37443409914084
stdillum-F10	550.000000000000	2.45127874262451
stdillum-F10	555.000000000000	0.600968052313535
stdillum-F10	560.000000000000	0.246513594274241
stdillum-F10	565.000000000000	0.180144549661946
stdillum-F10	570.000000000000	0.156076654362981
stdillum-F10	575.000000000000	0.354454458039294
stdillum-F10	580.000000000000	0.835083033858007
stdillum-F10	585.000000000000	1.07867930748995
stdillum-F10	590.000000000000	0.886865475258809
stdillum-F10	595.000000000000	0.654209154035487
stdillum-F10	600.000000000000	0.475523264694690
stdillum-F10	605.000000000000	0.642539871466292
stdillum-F10	610.000000000000	3.21780459552247
stdillum-F10	615.000000000000	2.51983563185250
stdillum-F10	620.000000000000	0.881760164134786
stdillum-F10	625.000000000000	0.886136145098234
stdillum-F10	630.000000000000	0.767255328924562
stdillum-F10	635.000000000000	0.323093261134583
stdillum-F10	640.000000000000	0.142219381312062
stdillum-F10	645.000000000000	0.159723305165855
stdillum-F10	650.000000000000	0.232656321223322
stdillum-F10	655.000000000000	0.202024454479186
stdillum-F10	660.000000000000	0.167016606771601
stdillum-F10	665.000000000000	0.145866032114936
stdillum-F10	670.000000000000	0.110858184407351
stdillum-F10	675.000000000000	0.0984595716775816
stdillum-F10	680.000000000000	0.107211533604478
stdillum-F10	685.000000000000	0.130550098742867
stdillum-F10	690.000000000000	0.126903447939994
stdillum-F10	695.000000000000	0.0743916763786172
stdillum-F10	700.000000000000	0.0831436383055133
stdillum-F10	705.000000000000	0.242137613310793
stdillum-F10	710.000000000000	0.327469242098031
stdillum-F10	715.000000000000	0.149512682917809
stdillum-F10	720.000000000000	0.0357371778681592
stdillum-F10	725.000000000000	0.0175039238537923
stdillum-F10	730.000000000000	0.0153159333720682
stdillum-F10	735.000000000000	0.0153159333720682
stdillum-F10	740.000000000000	0.0175039238537923
stdillum-F10	745.000000000000	0.0175039238537923
stdillum-F10	750.000000000000	0.0153159333720682
stdillum-F10	755.000000000000	0.0123986127297695
stdillum-F10	760.000000000000	0.0153159333720682
stdillum-F10	765.000000000000	0.0160452635326429
stdillum-F10	770.000000000000	0.0123986127297695
stdillum-F10	775.000000000000	0.00875196192689614
stdillum-F10	780.000000000000	0.00656397144517211
stdillum-F10	831.000000000000	0.00656397144517211
stdillum-F11	359.000000000000	0.0664306006361057
stdillum-F11	380.000000000000	0.0664306006361057
stdillum-F11	385.000000000000	0.0459904158249962
stdillum-F11	390.000000000000	0.0335803036182512
stdillum-F11	395.000000000000	0.0270102442146803
stdillum-F11	400.000000000000	0.0941708514511828
stdillum-F11	405.000000000000	0.925648369303099
stdillum-F11	410.000000000000	0.116071049463086
stdillum-F11	415.000000000000	0.130671181471021
stdillum-F11	420.000000000000	0.179581623697604
stdillum-F11	425.000000000000	0.243092197932123
stdillum-F11	430.000000000000	0.327772963578148
stdillum-F11	435.000000000000	2.47764232874596
stdillum-F11	440.000000000000	0.885498006281277
stdillum-F11	445.000000000000	0.507354587275752
stdillum-F11	450.000000000000	0.524874745685274
stdillum-F11	455.000000000000	0.519764699482497
stdillum-F11	460.000000000000	0.490564435466626
stdillum-F11	465.000000000000	0.447494046043217
stdillum-F11	470.000000000000	0.398583603816634
stdillum-F11	475.000000000000	0.349673161590051
stdillum-F11	480.000000000000	0.413183735824569
stdillum-F11	485.000000000000	1.04317943196698
stdillum-F11	490.000000000000	1.09208987419356
stdillum-F11	495.000000000000	0.654815920555899
stdillum-F11	500.000000000000	0.344563115387273
stdillum-F11	505.000000000000	0.170091537892446
stdillum-F11	510.000000000000	0.107310970258325
stdillum-F11	515.000000000000	0.0803007260436442
stdillum-F11	520.000000000000	0.0649705874353121
stdillum-F11	525.000000000000	0.0605905478329315
stdillum-F11	530.000000000000	0.0861407788468183
stdillum-F11	535.000000000000	0.357703234194415
stdillum-F11	540.000000000000	2.89009613097080
stdillum-F11	545.000000000000	5.31736778528740
stdillum-F11	550.000000000000	2.38055159689451
stdillum-F11	555.000000000000	0.548964963498368
stdillum-F11	560.000000000000	0.206591867912285
stdillum-F11	565.000000000000	0.143081293677766
stdillum-F11	570.000000000000	0.121911102266260
stdillum-F11	575.000000000000	0.323392923975767
stdillum-F11	580.000000000000	0.823447445247552
stdillum-F11	585.000000000000	1.07748974218563
stdillum-F11	590.000000000000	0.929298402305083
stdillum-F11	595.000000000000	0.711026428786450
stdillum-F11	600.000000000000	0.535094838090829
stdillum-F11	605.000000000000	0.709566415585656
stdillum-F11	610.000000000000	4.03474648039292
stdillum-F11	615.000000000000	3.10836825049075
stdillum-F11	620.000000000000	0.962148699322937
stdillum-F11	625.000000000000	0.960688686122144
stdillum-F11	630.000000000000	0.894988092086435
stdillum-F11	635.000000000000	0.373033372802747
stdillum-F11	640.000000000000	0.151111366282130
stdillum-F11	645.000000000000	0.170821544492843
stdillum-F11	650.000000000000	0.261342362942042
stdillum-F11	655.000000000000	0.219731986719426
stdillum-F11	660.000000000000	0.181041636898398
stdillum-F11	665.000000000000	0.156221412484908
stdillum-F11	670.000000000000	0.112421016461102
stdillum-F11	675.000000000000	0.0970908778527698
stdillum-F11	680.000000000000	0.106580963657928
stdillum-F11	685.000000000000	0.141621280476973
stdillum-F11	690.000000000000	0.146001320079353
stdillum-F11	695.000000000000	0.0876007920476119
stdillum-F11	700.000000000000	0.0985508910535634
stdillum-F11	705.000000000000	0.299302706162674
stdillum-F11	710.000000000000	0.407343683021395
stdillum-F11	715.000000000000	0.183231656699588
stdillum-F11	720.000000000000	0.0416103762226156
stdillum-F11	725.000000000000	0.0197101782107127
stdillum-F11	730.000000000000	0.0167901518091256
stdillum-F11	735.000000000000	0.0153301386083321
stdillum-F11	740.000000000000	0.0175201584095224
stdillum-F11	745.000000000000	0.0175201584095224
stdillum-F11	750.000000000000	0.0146001320079353
stdillum-F11	755.000000000000	0.0175201584095224
stdillum-F11	760.000000000000	0.0233602112126965
stdillum-F11	765.000000000000	0.0189801716103159
stdillum-F11	770.000000000000	0.0116801056063483
stdillum-F11	775.000000000000	0.00876007920476119
stdillum-F11	780.000000000000	0.00657005940357089
stdillum-F11	831.000000000000	0.00657005940357089
stdillum-F12	359.000000000000	0.0700802288891211
stdillum-F12	380.000000000000	0.0700802288891211
stdillum-F12	385.000000000000	0.0467201525927474
stdillum-F12	390.000000000000	0.0328501072917755
stdillum-F12	395.000000000000	0.0240900786806354
stdillum-F12	400.000000000000	0.0868702837271397
stdillum-F12	405.000000000000	0.911042975558574
stdillum-F12	410.000000000000	0.0817602670373079
stdillum-F12	415.000000000000	0.0686202241205977
stdillum-F12	420.000000000000	0.0788402575002612
stdillum-F12	425.000000000000	0.100010326643850
stdillum-F12	430.000000000000	0.129940424398579
stdillum-F12	435.000000000000	2.12065685327994
stdillum-F12	440.000000000000	0.576701883566726
stdillum-F12	445.000000000000	0.193450631829345
stdillum-F12	450.000000000000	0.197830646134915
stdillum-F12	455.000000000000	0.193450631829345
stdillum-F12	460.000000000000	0.181770593681158
stdillum-F12	465.000000000000	0.170090555532971
stdillum-F12	470.000000000000	0.153300500694952
stdillum-F12	475.000000000000	0.139430455393980
stdillum-F12	480.000000000000	0.219730717662765
stdillum-F12	485.000000000000	0.790592582155397
stdillum-F12	490.000000000000	0.867242832502873
stdillum-F12	495.000000000000	0.502241640372034
stdillum-F12	500.000000000000	0.250390817801756
stdillum-F12	505.000000000000	0.108770355254990
stdillum-F12	510.000000000000	0.0671602193520744
stdillum-F12	515.000000000000	0.0518301692825791
stdillum-F12	520.000000000000	0.0438001430557007
stdillum-F12	525.000000000000	0.0459901502084857
stdillum-F12	530.000000000000	0.0803002622687846
stdillum-F12	535.000000000000	0.332881087223325
stdillum-F12	540.000000000000	2.51120834786065
stdillum-F12	545.000000000000	4.77421573907185
stdillum-F12	550.000000000000	2.15204702880343
stdillum-F12	555.000000000000	0.522681707131361
stdillum-F12	560.000000000000	0.224840734352597
stdillum-F12	565.000000000000	0.180310588912634
stdillum-F12	570.000000000000	0.165710541227401
stdillum-F12	575.000000000000	0.371571213589194
stdillum-F12	580.000000000000	0.873082851576967
stdillum-F12	585.000000000000	1.11836365268889
stdillum-F12	590.000000000000	1.04171340234141
stdillum-F12	595.000000000000	0.865782827734350
stdillum-F12	600.000000000000	0.677442212594837
stdillum-F12	605.000000000000	0.898632935026126
stdillum-F12	610.000000000000	5.00270626634504
stdillum-F12	615.000000000000	3.87047264135542
stdillum-F12	620.000000000000	1.07091349771188
stdillum-F12	625.000000000000	1.04974342856829
stdillum-F12	630.000000000000	1.07383350724893
stdillum-F12	635.000000000000	0.471581540233044
stdillum-F12	640.000000000000	0.187610612755251
stdillum-F12	645.000000000000	0.200750655671961
stdillum-F12	650.000000000000	0.305140996621381
stdillum-F12	655.000000000000	0.251120820186017
stdillum-F12	660.000000000000	0.205130669977531
stdillum-F12	665.000000000000	0.176660576991326
stdillum-F12	670.000000000000	0.119720391018915
stdillum-F12	675.000000000000	0.0992803242595882
stdillum-F12	680.000000000000	0.108770355254990
stdillum-F12	685.000000000000	0.156220510231999
stdillum-F12	690.000000000000	0.170820557917233
stdillum-F12	695.000000000000	0.103660338565158
stdillum-F12	700.000000000000	0.117530383866130
stdillum-F12	705.000000000000	0.367921201667886
stdillum-F12	710.000000000000	0.509541664214651
stdillum-F12	715.000000000000	0.232870760579475
stdillum-F12	720.000000000000	0.0518301692825791
stdillum-F12	725.000000000000	0.0219000715278503
stdillum-F12	730.000000000000	0.0189800619908036
stdillum-F12	735.000000000000	0.0167900548380186
stdillum-F12	740.000000000000	0.0204400667593270
stdillum-F12	745.000000000000	0.0204400667593270
stdillum-F12	750.000000000000	0.0153300500694952
stdillum-F12	755.000000000000	0.0124100405324485
stdillum-F12	760.000000000000	0.0153300500694952
stdillum-F12	765.000000000000	0.0138700453009719
stdillum-F12	770.000000000000	0.0109500357639252
stdillum-F12	775.000000000000	0.00730002384261678
stdillum-F12	780.000000000000	0.00365001192130839
stdillum-F12	831.000000000000	0.00365001192130839
metal-Ag-eta	298.757050000000	1.51900000000000
metal-Ag-eta	302.400421000000	1.49600000000000
metal-Ag-eta	306.133759000000	1.43250000000000
metal-Ag-eta	309.960449000000	1.32300000000000
metal-Ag-eta	313.884003000000	1.14206200000000
metal-Ag-eta	317.908142000000	0.932000000000000
metal-Ag-eta	322.036835000000	0.719062000000000
metal-Ag-eta	326.274139000000	0.526000000000000
metal-Ag-eta	330.624481000000	0.388125000000000
metal-Ag-eta	335.092377000000	0.294000000000000
metal-Ag-eta	339.682678000000	0.253313000000000
metal-Ag-eta	344.400482000000	0.238000000000000
metal-Ag-eta	349.251221000000	0.221438000000000
metal-Ag-eta	354.240509000000	0.209000000000000
metal-Ag-eta	359.374420000000	0.194813000000000
metal-Ag-eta	364.659332000000	0.186000000000000
metal-Ag-eta	370.102020000000	0.192063000000000
metal-Ag-eta	375.709625000000	0.200000000000000
metal-Ag-eta	381.489777000000	0.198063000000000
metal-Ag-eta	387.450562000000	0.192000000000000
metal-Ag-eta	393.600555000000	0.182000000000000
metal-Ag-eta	399.948975000000	0.173000000000000
metal-Ag-eta	406.505493000000	0.172625000000000
metal-Ag-eta	413.280579000000	0.173000000000000
metal-Ag-eta	420.285339000000	0.166688000000000
metal-Ag-eta	427.531647000000	0.160000000000000
metal-Ag-eta	435.032196000000	0.158500000000000
metal-Ag-eta	442.800629000000	0.157000000000000
metal-Ag-eta	450.851562000000	0.151063000000000
metal-Ag-eta	459.200653000000	0.144000000000000
metal-Ag-eta	467.864838000000	0.137313000000000
metal-Ag-eta	476.862213000000	0.132000000000000
metal-Ag-eta	486.212463000000	0.130250000000000
metal-Ag-eta	495.936707000000	0.130000000000000
metal-Ag-eta	506.057861000000	0.129938000000000
metal-Ag-eta	516.600769000000	0.130000000000000
metal-Ag-eta	527.592224000000	0.130063000000000
metal-Ag-eta	539.061646000000	0.129000000000000
metal-Ag-eta	551.040771000000	0.124375000000000
metal-Ag-eta	563.564453000000	0.120000000000000
metal-Ag-eta	576.670593000000	0.119313000000000
metal-Ag-eta	590.400818000000	0.121000000000000
metal-Ag-eta	604.800842000000	0.125500000000000
metal-Ag-eta	619.920898000000	0.131000000000000
metal-Ag-eta	635.816284000000	0.136125000000000
metal-Ag-eta	652.548279000000	0.140000000000000
metal-Ag-eta	670.184753000000	0.140063000000000
metal-Ag-eta	688.800964000000	0.140000000000000
metal-Ag-eta	708.481018000000	0.144313000000000
metal-Ag-eta	729.318665000000	0.148000000000000
metal-Ag-eta	751.419250000000	0.145875000000000
metal-Ag-eta	774.901123000000	0.143000000000000
metal-Ag-eta	799.897949000000	0.142563000000000
metal-Ag-eta	826.561157000000	0.145000000000000
metal-Ag-eta	855.063293000000	0.151938000000000
metal-Ag-eta	885.601257000000	0.163000000000000
metal-Ag-k	298.757050000000	1.08000000000000
metal-Ag-k	302.400421000000	0.882000000000000
metal-Ag-k	306.133759000000	0.761063000000000
metal-Ag-k	309.960449000000	0.647000000000000
metal-Ag-k	313.884003000000	0.550875000000000
metal-Ag-k	317.908142000000	0.504000000000000
metal-Ag-k	322.036835000000	0.554375000000000
metal-Ag-k	326.274139000000	0.663000000000000
metal-Ag-k	330.624481000000	0.818563000000000
metal-Ag-k	335.092377000000	0.986000000000000
metal-Ag-k	339.682678000000	1.12068700000000
metal-Ag-k	344.400482000000	1.24000000000000
metal-Ag-k	349.251221000000	1.34525000000000
metal-Ag-k	354.240509000000	1.44000000000000
metal-Ag-k	359.374420000000	1.53375000000000
metal-Ag-k	364.659332000000	1.61000000000000
metal-Ag-k	370.102020000000	1.64187500000000
metal-Ag-k	375.709625000000	1.67000000000000
metal-Ag-k	381.489777000000	1.73500000000000
metal-Ag-k	387.450562000000	1.81000000000000
metal-Ag-k	393.600555000000	1.87875000000000
metal-Ag-k	399.948975000000	1.95000000000000
metal-Ag-k	406.505493000000	2.02937500000000
metal-Ag-k	413.280579000000	2.11000000000000
metal-Ag-k	420.285339000000	2.18625000000000
metal-Ag-k	427.531647000000	2.26000000000000
metal-Ag-k	435.032196000000	2.32937500000000
metal-Ag-k	442.800629000000	2.40000000000000
metal-Ag-k	450.851562000000	2.47875000000000
metal-Ag-k	459.200653000000	2.56000000000000
metal-Ag-k	467.864838000000	2.64000000000000
metal-Ag-k	476.862213000000	2.72000000000000
metal-Ag-k	486.212463000000	2.79812500000000
metal-Ag-k	495.936707000000	2.88000000000000
metal-Ag-k	506.057861000000	2.97375000000000
metal-Ag-k	516.600769000000	3.07000000000000
metal-Ag-k	527.592224000000	3.15937500000000
metal-Ag-k	539.061646000000	3.25000000000000
metal-Ag-k	551.040771000000	3.34812500000000
metal-Ag-k	563.564453000000	3.45000000000000
metal-Ag-k	576.670593000000	3.55375000000000
metal-Ag-k	590.400818000000	3.66000000000000
metal-Ag-k	604.800842000000	3.76625000000000
metal-Ag-k	619.920898000000	3.88000000000000
metal-Ag-k	635.816284000000	4.01062500000000
metal-Ag-k	652.548279000000	4.15000000000000
metal-Ag-k	670.184753000000	4.29312500000000
metal-Ag-k	688.800964000000	4.44000000000000
metal-Ag-k	708.481018000000	4.58625000000000
metal-Ag-k	729.318665000000	4.74000000000000
metal-Ag-k	751.419250000000	4.90812500000000
metal-Ag-k	774.901123000000	5.09000000000000
metal-Ag-k	799.897949000000	5.28875000000000
metal-Ag-k	826.561157000000	5.50000000000000
metal-Ag-k	855.063293000000	5.72062400000000
metal-Ag-k	885.601257000000	5.95000000000000
metal-Al-eta	298.757050000000	0.273375000000000
metal-Al-eta	302.400421000000	0.280000000000000
metal-Al-eta	306.133759000000	0.286813000000000
metal-Al-eta	309.960449000000	0.294000000000000
metal-Al-eta	313.884003000000	0.301875000000000
metal-Al-eta	317.908142000000	0.310000000000000
metal-Al-eta	322.036835000000	0.317875000000000
metal-Al-eta	326.274139000000	0.326000000000000
metal-Al-eta	330.624481000000	0.334750000000000
metal-Al-eta	335.092377000000	0.344000000000000
metal-Al-eta	339.682678000000	0.353813000000000
metal-Al-eta	344.400482000000	0.364000000000000
metal-Al-eta	349.251221000000	0.374375000000000
metal-Al-eta	354.240509000000	0.385000000000000
metal-Al-eta	359.374420000000	0.395750000000000
metal-Al-eta	364.659332000000	0.407000000000000
metal-Al-eta	370.102020000000	0.419125000000000
metal-Al-eta	375.709625000000	0.432000000000000
metal-Al-eta	381.489777000000	0.445688000000000
metal-Al-eta	387.450562000000	0.460000000000000
metal-Al-eta	393.600555000000	0.474688000000000
metal-Al-eta	399.948975000000	0.490000000000000
metal-Al-eta	406.505493000000	0.506188000000000
metal-Al-eta	413.280579000000	0.523000000000000
metal-Al-eta	420.285339000000	0.540063000000000
metal-Al-eta	427.531647000000	0.558000000000000
metal-Al-eta	435.032196000000	0.577313000000000
metal-Al-eta	442.800629000000	0.598000000000000
metal-Al-eta	450.851562000000	0.620313000000000
metal-Al-eta	459.200653000000	0.644000000000000
metal-Al-eta	467.864838000000	0.668625000000000
metal-Al-eta	476.862213000000	0.695000000000000
metal-Al-eta	486.212463000000	0.723750000000000
metal-Al-eta	495.936707000000	0.755000000000000
metal-Al-eta	506.057861000000	0.789000000000000
metal-Al-eta	516.600769000000	0.826000000000000
metal-Al-eta	527.592224000000	0.867000000000000
metal-Al-eta	539.061646000000	0.912000000000000
metal-Al-eta	551.040771000000	0.963000000000000
metal-Al-eta	563.564453000000	1.02000000000000
metal-Al-eta	576.670593000000	1.08000000000000
metal-Al-eta	590.400818000000	1.15000000000000
metal-Al-eta	604.800842000000	1.22000000000000
metal-Al-eta	619.920898000000	1.30000000000000
metal-Al-eta	635.816284000000	1.39000000000000
metal-Al-eta	652.548279000000	1.49000000000000
metal-Al-eta	670.184753000000	1.60000000000000
metal-Al-eta	688.800964000000	1.74000000000000
metal-Al-eta	708.481018000000	1.91000000000000
metal-Al-eta	729.318665000000	2.14000000000000
metal-Al-eta	751.419250000000	2.41000000000000
metal-Al-eta	774.901123000000	2.63000000000000
metal-Al-eta	799.897949000000	2.80000000000000
metal-Al-eta	826.561157000000	2.74000000000000
metal-Al-eta	855.063293000000	2.58000000000000
metal-Al-eta	885.601257000000	2.24000000000000
metal-Al-k	298.757050000000	3.59375000000000
metal-Al-k	302.400421000000	3.64000000000000
metal-Al-k	306.133759000000	3.68937500000000
metal-Al-k	309.960449000000	3.74000000000000
metal-Al-k	313.884003000000	3.78937500000000
metal-Al-k	317.908142000000	3.84000000000000
metal-Al-k	322.036835000000	3.89437500000000
metal-Al-k	326.274139000000	3.95000000000000
metal-Al-k	330.624481000000	4.00500000000000
metal-Al-k	335.092377000000	4.06000000000000
metal-Al-k	339.682678000000	4.11375000000000
metal-Al-k	344.400482000000	4.17000000000000
metal-Al-k	349.251221000000	4.23375000000000
metal-Al-k	354.240509000000	4.30000000000000
metal-Al-k	359.374420000000	4.36500000000000
metal-Al-k	364.659332000000	4.43000000000000
metal-Al-k	370.102020000000	4.49375000000000
metal-Al-k	375.709625000000	4.56000000000000
metal-Al-k	381.489777000000	4.63375000000000
metal-Al-k	387.450562000000	4.71000000000000
metal-Al-k	393.600555000000	4.78437500000000
metal-Al-k	399.948975000000	4.86000000000000
metal-Al-k	406.505493000000	4.93812500000000
metal-Al-k	413.280579000000	5.02000000000000
metal-Al-k	420.285339000000	5.10875000000000
metal-Al-k	427.531647000000	5.20000000000000
metal-Al-k	435.032196000000	5.29000000000000
metal-Al-k	442.800629000000	5.38000000000000
metal-Al-k	450.851562000000	5.48000000000000
metal-Al-k	459.200653000000	5.58000000000000
metal-Al-k	467.864838000000	5.69000000000000
metal-Al-k	476.862213000000	5.80000000000000
metal-Al-k	486.212463000000	5.91500000000000
metal-Al-k	495.936707000000	6.03000000000000
metal-Al-k	506.057861000000	6.15000000000000
metal-Al-k	516.600769000000	6.28000000000000
metal-Al-k	527.592224000000	6.42000000000000
metal-Al-k	539.061646000000	6.55000000000000
metal-Al-k	551.040771000000	6.70000000000000
metal-Al-k	563.564453000000	6.85000000000000
metal-Al-k	576.670593000000	7.00000000000000
metal-Al-k	590.400818000000	7.15000000000000
metal-Al-k	604.800842000000	7.31000000000000
metal-Al-k	619.920898000000	7.48000000000000
metal-Al-k	635.816284000000	7.65000000000000
metal-Al-k	652.548279000000	7.82000000000000
metal-Al-k	670.184753000000	8.01000000000000
metal-Al-k	688.800964000000	8.21000000000000
metal-Al-k	708.481018000000	8.39000000000000
metal-Al-k	729.318665000000	8.57000000000000
metal-Al-k	751.419250000000	8.62000000000000
metal-Al-k	774.901123000000	8.60000000000000
metal-Al-k	799.897949000000	8.45000000000000
metal-Al-k	826.561157000000	8.31000000000000
metal-Al-k	855.063293000000	8.21000000000000
metal-Al-k	885.601257000000	8.21000000000000
metal-Au-eta	298.757050000000	1.79500000000000
metal-Au-eta	302.400421000000	1.81200000000000
metal-Au-eta	306.133759000000	1.82262500000000
metal-Au-eta	309.960449000000	1.83000000000000
metal-Au-eta	313.884003000000	1.83712500000000
metal-Au-eta	317.908142000000	1.84000000000000
metal-Au-eta	322.036835000000	1.83425000000000
metal-Au-eta	326.274139000000	1.82400000000000
metal-Au-eta	330.624481000000	1.81200000000000
metal-Au-eta	335.092377000000	1.79800000000000
metal-Au-eta	339.682678000000	1.78200000000000
metal-Au-eta	344.400482000000	1.76600000000000
metal-Au-eta	349.251221000000	1.75250000000000
metal-Au-eta	354.240509000000	1.74000000000000
metal-Au-eta	359.374420000000	1.72762500000000
metal-Au-eta	364.659332000000	1.71600000000000
metal-Au-eta	370.102020000000	1.70587500000000
metal-Au-eta	375.709625000000	1.69600000000000
metal-Au-eta	381.489777000000	1.68475000000000
metal-Au-eta	387.450562000000	1.67400000000000
metal-Au-eta	393.600555000000	1.66600000000000
metal-Au-eta	399.948975000000	1.65800000000000
metal-Au-eta	406.505493000000	1.64725000000000
metal-Au-eta	413.280579000000	1.63600000000000
metal-Au-eta	420.285339000000	1.62800000000000
metal-Au-eta	427.531647000000	1.61600000000000
metal-Au-eta	435.032196000000	1.59625000000000
metal-Au-eta	442.800629000000	1.56200000000000
metal-Au-eta	450.851562000000	1.50212500000000
metal-Au-eta	459.200653000000	1.42600000000000
metal-Au-eta	467.864838000000	1.34587500000000
metal-Au-eta	476.862213000000	1.24200000000000
metal-Au-eta	486.212463000000	1.08675000000000
metal-Au-eta	495.936707000000	0.916000000000000
metal-Au-eta	506.057861000000	0.754500000000000
metal-Au-eta	516.600769000000	0.608000000000000
metal-Au-eta	527.592224000000	0.491750000000000
metal-Au-eta	539.061646000000	0.402000000000000
metal-Au-eta	551.040771000000	0.345500000000000
metal-Au-eta	563.564453000000	0.306000000000000
metal-Au-eta	576.670593000000	0.267625000000000
metal-Au-eta	590.400818000000	0.236000000000000
metal-Au-eta	604.800842000000	0.212375000000000
metal-Au-eta	619.920898000000	0.194000000000000
metal-Au-eta	635.816284000000	0.177750000000000
metal-Au-eta	652.548279000000	0.166000000000000
metal-Au-eta	670.184753000000	0.161000000000000
metal-Au-eta	688.800964000000	0.160000000000000
metal-Au-eta	708.481018000000	0.160875000000000
metal-Au-eta	729.318665000000	0.164000000000000
metal-Au-eta	751.419250000000	0.169500000000000
metal-Au-eta	774.901123000000	0.176000000000000
metal-Au-eta	799.897949000000	0.181375000000000
metal-Au-eta	826.561157000000	0.188000000000000
metal-Au-eta	855.063293000000	0.198125000000000
metal-Au-eta	885.601257000000	0.210000000000000
metal-Au-k	298.757050000000	1.92037500000000
metal-Au-k	302.400421000000	1.92000000000000
metal-Au-k	306.133759000000	1.91887500000000
metal-Au-k	309.960449000000	1.91600000000000
metal-Au-k	313.884003000000	1.91137500000000
metal-Au-k	317.908142000000	1.90400000000000
metal-Au-k	322.036835000000	1.89137500000000
metal-Au-k	326.274139000000	1.87800000000000
metal-Au-k	330.624481000000	1.86825000000000
metal-Au-k	335.092377000000	1.86000000000000
metal-Au-k	339.682678000000	1.85175000000000
metal-Au-k	344.400482000000	1.84600000000000
metal-Au-k	349.251221000000	1.84525000000000
metal-Au-k	354.240509000000	1.84800000000000
metal-Au-k	359.374420000000	1.85237500000000
metal-Au-k	364.659332000000	1.86200000000000
metal-Au-k	370.102020000000	1.88300000000000
metal-Au-k	375.709625000000	1.90600000000000
metal-Au-k	381.489777000000	1.92250000000000
metal-Au-k	387.450562000000	1.93600000000000
metal-Au-k	393.600555000000	1.94775000000000
metal-Au-k	399.948975000000	1.95600000000000
metal-Au-k	406.505493000000	1.95937500000000
metal-Au-k	413.280579000000	1.95800000000000
metal-Au-k	420.285339000000	1.95137500000000
metal-Au-k	427.531647000000	1.94000000000000
metal-Au-k	435.032196000000	1.92450000000000
metal-Au-k	442.800629000000	1.90400000000000
metal-Au-k	450.851562000000	1.87587500000000
metal-Au-k	459.200653000000	1.84600000000000
metal-Au-k	467.864838000000	1.81462500000000
metal-Au-k	476.862213000000	1.79600000000000
metal-Au-k	486.212463000000	1.79737500000000
metal-Au-k	495.936707000000	1.84000000000000
metal-Au-k	506.057861000000	1.95650000000000
metal-Au-k	516.600769000000	2.12000000000000
metal-Au-k	527.592224000000	2.32625000000000
metal-Au-k	539.061646000000	2.54000000000000
metal-Au-k	551.040771000000	2.73062500000000
metal-Au-k	563.564453000000	2.88000000000000
metal-Au-k	576.670593000000	2.94062500000000
metal-Au-k	590.400818000000	2.97000000000000
metal-Au-k	604.800842000000	3.01500000000000
metal-Au-k	619.920898000000	3.06000000000000
metal-Au-k	635.816284000000	3.07000000000000
metal-Au-k	652.548279000000	3.15000000000000
metal-Au-k	670.184753000000	3.44581200000000
metal-Au-k	688.800964000000	3.80000000000000
metal-Au-k	708.481018000000	4.08768700000000
metal-Au-k	729.318665000000	4.35700000000000
metal-Au-k	751.419250000000	4.61018800000000
metal-Au-k	774.901123000000	4.86000000000000
metal-Au-k	799.897949000000	5.12581300000000
metal-Au-k	826.561157000000	5.39000000000000
metal-Au-k	855.063293000000	5.63125000000000
metal-Au-k	885.601257000000	5.88000000000000
metal-Cu-eta	298.757050000000	1.40031300000000
metal-Cu-eta	302.400421000000	1.38000000000000
metal-Cu-eta	306.133759000000	1.35843800000000
metal-Cu-eta	309.960449000000	1.34000000000000
metal-Cu-eta	313.884003000000	1.32906300000000
metal-Cu-eta	317.908142000000	1.32500000000000
metal-Cu-eta	322.036835000000	1.33250000000000
metal-Cu-eta	326.274139000000	1.34000000000000
metal-Cu-eta	330.624481000000	1.33437500000000
metal-Cu-eta	335.092377000000	1.32500000000000
metal-Cu-eta	339.682678000000	1.31781200000000
metal-Cu-eta	344.400482000000	1.31000000000000
metal-Cu-eta	349.251221000000	1.30031300000000
metal-Cu-eta	354.240509000000	1.29000000000000
metal-Cu-eta	359.374420000000	1.28156300000000
metal-Cu-eta	364.659332000000	1.27000000000000
metal-Cu-eta	370.102020000000	1.24906200000000
metal-Cu-eta	375.709625000000	1.22500000000000
metal-Cu-eta	381.489777000000	1.20000000000000
metal-Cu-eta	387.450562000000	1.18000000000000
metal-Cu-eta	393.600555000000	1.17437500000000
metal-Cu-eta	399.948975000000	1.17500000000000
metal-Cu-eta	406.505493000000	1.17750000000000
metal-Cu-eta	413.280579000000	1.18000000000000
metal-Cu-eta	420.285339000000	1.17812500000000
metal-Cu-eta	427.531647000000	1.17500000000000
metal-Cu-eta	435.032196000000	1.17281200000000
metal-Cu-eta	442.800629000000	1.17000000000000
metal-Cu-eta	450.851562000000	1.16531200000000
metal-Cu-eta	459.200653000000	1.16000000000000
metal-Cu-eta	467.864838000000	1.15531200000000
metal-Cu-eta	476.862213000000	1.15000000000000
metal-Cu-eta	486.212463000000	1.14281200000000
metal-Cu-eta	495.936707000000	1.13500000000000
metal-Cu-eta	506.057861000000	1.13156200000000
metal-Cu-eta	516.600769000000	1.12000000000000
metal-Cu-eta	527.592224000000	1.09243700000000
metal-Cu-eta	539.061646000000	1.04000000000000
metal-Cu-eta	551.040771000000	0.950375000000000
metal-Cu-eta	563.564453000000	0.826000000000000
metal-Cu-eta	576.670593000000	0.645875000000000
metal-Cu-eta	590.400818000000	0.468000000000000
metal-Cu-eta	604.800842000000	0.351250000000000
metal-Cu-eta	619.920898000000	0.272000000000000
metal-Cu-eta	635.816284000000	0.230813000000000
metal-Cu-eta	652.548279000000	0.214000000000000
metal-Cu-eta	670.184753000000	0.209250000000000
metal-Cu-eta	688.800964000000	0.213000000000000
metal-Cu-eta	708.481018000000	0.216250000000000
metal-Cu-eta	729.318665000000	0.223000000000000
metal-Cu-eta	751.419250000000	0.236500000000000
metal-Cu-eta	774.901123000000	0.250000000000000
metal-Cu-eta	799.897949000000	0.254188000000000
metal-Cu-eta	826.561157000000	0.260000000000000
metal-Cu-eta	855.063293000000	0.280000000000000
metal-Cu-eta	885.601257000000	0.300000000000000
metal-Cu-k	298.757050000000	1.66212500000000
metal-Cu-k	302.400421000000	1.68700000000000
metal-Cu-k	306.133759000000	1.70331300000000
metal-Cu-k	309.960449000000	1.72000000000000
metal-Cu-k	313.884003000000	1.74456300000000
metal-Cu-k	317.908142000000	1.77000000000000
metal-Cu-k	322.036835000000	1.79162500000000
metal-Cu-k	326.274139000000	1.81000000000000
metal-Cu-k	330.624481000000	1.82212500000000
metal-Cu-k	335.092377000000	1.83400000000000
metal-Cu-k	339.682678000000	1.85175000000000
metal-Cu-k	344.400482000000	1.87200000000000
metal-Cu-k	349.251221000000	1.89425000000000
metal-Cu-k	354.240509000000	1.91600000000000
metal-Cu-k	359.374420000000	1.93168800000000
metal-Cu-k	364.659332000000	1.95000000000000
metal-Cu-k	370.102020000000	1.97243800000000
metal-Cu-k	375.709625000000	2.01500000000000
metal-Cu-k	381.489777000000	2.12156200000000
metal-Cu-k	387.450562000000	2.21000000000000
metal-Cu-k	393.600555000000	2.17718800000000
metal-Cu-k	399.948975000000	2.13000000000000
metal-Cu-k	406.505493000000	2.16006300000000
metal-Cu-k	413.280579000000	2.21000000000000
metal-Cu-k	420.285339000000	2.24993800000000
metal-Cu-k	427.531647000000	2.28900000000000
metal-Cu-k	435.032196000000	2.32600000000000
metal-Cu-k	442.800629000000	2.36200000000000
metal-Cu-k	450.851562000000	2.39762500000000
metal-Cu-k	459.200653000000	2.43300000000000
metal-Cu-k	467.864838000000	2.46918700000000
metal-Cu-k	476.862213000000	2.50400000000000
metal-Cu-k	486.212463000000	2.53587500000000
metal-Cu-k	495.936707000000	2.56400000000000
metal-Cu-k	506.057861000000	2.58962500000000
metal-Cu-k	516.600769000000	2.60500000000000
metal-Cu-k	527.592224000000	2.59556200000000
metal-Cu-k	539.061646000000	2.58300000000000
metal-Cu-k	551.040771000000	2.57650000000000
metal-Cu-k	563.564453000000	2.59900000000000
metal-Cu-k	576.670593000000	2.67806200000000
metal-Cu-k	590.400818000000	2.80900000000000
metal-Cu-k	604.800842000000	3.01075000000000
metal-Cu-k	619.920898000000	3.24000000000000
metal-Cu-k	635.816284000000	3.45818700000000
metal-Cu-k	652.548279000000	3.67000000000000
metal-Cu-k	670.184753000000	3.86312500000000
metal-Cu-k	688.800964000000	4.05000000000000
metal-Cu-k	708.481018000000	4.23956300000000
metal-Cu-k	729.318665000000	4.43000000000000
metal-Cu-k	751.419250000000	4.61956300000000
metal-Cu-k	774.901123000000	4.81700000000000
metal-Cu-k	799.897949000000	5.03412500000000
metal-Cu-k	826.561157000000	5.26000000000000
metal-Cu-k	855.063293000000	5.48562500000000
metal-Cu-k	885.601257000000	5.71700000000000
metal-CuZn-eta	290.000000000000	1.35800000000000
metal-CuZn-eta	300.000000000000	1.38800000000000
metal-CuZn-eta	310.000000000000	1.41900000000000
metal-CuZn-eta	320.000000000000	1.44600000000000
metal-CuZn-eta	330.000000000000	1.47300000000000
metal-CuZn-eta	340.000000000000	1.49400000000000
metal-CuZn-eta	350.000000000000	1.50400000000000
metal-CuZn-eta	360.000000000000	1.50300000000000
metal-CuZn-eta	370.000000000000	1.49700000000000
metal-CuZn-eta	380.000000000000	1.48700000000000
metal-CuZn-eta	390.000000000000	1.47100000000000
metal-CuZn-eta	400.000000000000	1.44500000000000
metal-CuZn-eta	410.000000000000	1.40500000000000
metal-CuZn-eta	420.000000000000	1.35000000000000
metal-CuZn-eta	430.000000000000	1.27800000000000
metal-CuZn-eta	440.000000000000	1.19100000000000
metal-CuZn-eta	450.000000000000	1.09400000000000
metal-CuZn-eta	460.000000000000	0.994000000000000
metal-CuZn-eta	470.000000000000	0.900000000000000
metal-CuZn-eta	480.000000000000	0.816000000000000
metal-CuZn-eta	490.000000000000	0.745000000000000
metal-CuZn-eta	500.000000000000	0.686000000000000
metal-CuZn-eta	510.000000000000	0.639000000000000
metal-CuZn-eta	520.000000000000	0.602000000000000
metal-CuZn-eta	530.000000000000	0.573000000000000
metal-CuZn-eta	540.000000000000	0.549000000000000
metal-CuZn-eta	550.000000000000	0.527000000000000
metal-CuZn-eta	560.000000000000	0.505000000000000
metal-CuZn-eta	570.000000000000	0.484000000000000
metal-CuZn-eta	580.000000000000	0.468000000000000
metal-CuZn-eta	590.000000000000	0.460000000000000
metal-CuZn-eta	600.000000000000	0.450000000000000
metal-CuZn-eta	610.000000000000	0.452000000000000
metal-CuZn-eta	620.000000000000	0.449000000000000
metal-CuZn-eta	630.000000000000	0.445000000000000
metal-CuZn-eta	640.000000000000	0.444000000000000
metal-CuZn-eta	650.000000000000	0.444000000000000
metal-CuZn-eta	660.000000000000	0.445000000000000
metal-CuZn-eta	670.000000000000	0.444000000000000
metal-CuZn-eta	680.000000000000	0.444000000000000
metal-CuZn-eta	690.000000000000	0.445000000000000
metal-CuZn-eta	700.000000000000	0.446000000000000
metal-CuZn-eta	710.000000000000	0.448000000000000
metal-CuZn-eta	720.000000000000	0.450000000000000
metal-CuZn-eta	730.000000000000	0.452000000000000
metal-CuZn-eta	740.000000000000	0.455000000000000
metal-CuZn-eta	750.000000000000	0.457000000000000
metal-CuZn-eta	760.000000000000	0.458000000000000
metal-CuZn-eta	770.000000000000	0.460000000000000
metal-CuZn-eta	780.000000000000	0.464000000000000
metal-CuZn-eta	790.000000000000	0.469000000000000
metal-CuZn-eta	800.000000000000	0.473000000000000
metal-CuZn-eta	810.000000000000	0.478000000000000
metal-CuZn-eta	820.000000000000	0.481000000000000
metal-CuZn-eta	830.000000000000	0.483000000000000
metal-CuZn-eta	840.000000000000	0.486000000000000
metal-CuZn-eta	850.000000000000	0.490000000000000
metal-CuZn-eta	860.000000000000	0.494000000000000
metal-CuZn-eta	870.000000000000	0.500000000000000
metal-CuZn-eta	880.000000000000	0.507000000000000
metal-CuZn-eta	890.000000000000	0.515000000000000
metal-CuZn-k	290.000000000000	1.68800000000000
metal-CuZn-k	300.000000000000	1.73100000000000
metal-CuZn-k	310.000000000000	1.76400000000000
metal-CuZn-k	320.000000000000	1.78900000000000
metal-CuZn-k	330.000000000000	1.80700000000000
metal-CuZn-k	340.000000000000	1.81500000000000
metal-CuZn-k	350.000000000000	1.81500000000000
metal-CuZn-k	360.000000000000	1.81500000000000
metal-CuZn-k	370.000000000000	1.81800000000000
metal-CuZn-k	380.000000000000	1.81800000000000
metal-CuZn-k	390.000000000000	1.81300000000000
metal-CuZn-k	400.000000000000	1.80500000000000
metal-CuZn-k	410.000000000000	1.79400000000000
metal-CuZn-k	420.000000000000	1.78600000000000
metal-CuZn-k	430.000000000000	1.78400000000000
metal-CuZn-k	440.000000000000	1.79700000000000
metal-CuZn-k	450.000000000000	1.82900000000000
metal-CuZn-k	460.000000000000	1.88300000000000
metal-CuZn-k	470.000000000000	1.95700000000000
metal-CuZn-k	480.000000000000	2.04600000000000
metal-CuZn-k	490.000000000000	2.14500000000000
metal-CuZn-k	500.000000000000	2.25000000000000
metal-CuZn-k	510.000000000000	2.35800000000000
metal-CuZn-k	520.000000000000	2.46400000000000
metal-CuZn-k	530.000000000000	2.56800000000000
metal-CuZn-k	540.000000000000	2.66800000000000
metal-CuZn-k	550.000000000000	2.76500000000000
metal-CuZn-k	560.000000000000	2.86000000000000
metal-CuZn-k	570.000000000000	2.95800000000000
metal-CuZn-k	580.000000000000	3.05900000000000
metal-CuZn-k	590.000000000000	3.15900000000000
metal-CuZn-k	600.000000000000	3.25300000000000
metal-CuZn-k	610.000000000000	3.34500000000000
metal-CuZn-k	620.000000000000	3.43400000000000
metal-CuZn-k	630.000000000000	3.52200000000000
metal-CuZn-k	640.000000000000	3.60900000000000
metal-CuZn-k	650.000000000000	3.69500000000000
metal-CuZn-k	660.000000000000	3.77800000000000
metal-CuZn-k	670.000000000000	3.86000000000000
metal-CuZn-k	680.000000000000	3.94300000000000
metal-CuZn-k	690.000000000000	4.02500000000000
metal-CuZn-k	700.000000000000	4.10600000000000
metal-CuZn-k	710.000000000000	4.18600000000000
metal-CuZn-k	720.000000000000	4.26600000000000
metal-CuZn-k	730.000000000000	4.34600000000000
metal-CuZn-k	740.000000000000	4.42400000000000
metal-CuZn-k	750.000000000000	4.50100000000000
metal-CuZn-k	760.000000000000	4.57900000000000
metal-CuZn-k	770.000000000000	4.65700000000000
metal-CuZn-k	780.000000000000	4.73700000000000
metal-CuZn-k	790.000000000000	4.81400000000000
metal-CuZn-k	800.000000000000	4.89000000000000
metal-CuZn-k	810.000000000000	4.96500000000000
metal-CuZn-k	820.000000000000	5.03900000000000
metal-CuZn-k	830.000000000000	5.11500000000000
metal-CuZn-k	840.000000000000	5.19200000000000
metal-CuZn-k	850.000000000000	5.26900000000000
metal-CuZn-k	860.000000000000	5.34600000000000
metal-CuZn-k	870.000000000000	5.42300000000000
metal-CuZn-k	880.000000000000	5.50000000000000
metal-CuZn-k	890.000000000000	5.57500000000000
metal-MgO-eta	309.950012000000	1.79800000000000
metal-MgO-eta	330.613007000000	1.78500000000000
metal-MgO-eta	351.118988000000	1.77680000000000
metal-MgO-eta	355.549011000000	1.77550000000000
metal-MgO-eta	360.932007000000	1.77320000000000
metal-MgO-eta	361.141998000000	1.77318000000000
metal-MgO-eta	364.968994000000	1.77186000000000
metal-MgO-eta	382.065002000000	1.76680000000000
metal-MgO-eta	386.712006000000	1.76550000000000
metal-MgO-eta	393.337982000000	1.76380000000000
metal-MgO-eta	404.634003000000	1.76104000000000
metal-MgO-eta	430.935028000000	1.75570000000000
metal-MgO-eta	435.781982000000	1.75471000000000
metal-MgO-eta	457.829010000000	1.75120000000000
metal-MgO-eta	477.949036000000	1.74830000000000
metal-MgO-eta	486.004974000000	1.74711000000000
metal-MgO-eta	487.918030000000	1.74690000000000
metal-MgO-eta	499.919006000000	1.74540000000000
metal-MgO-eta	502.350006000000	1.74530000000000
metal-MgO-eta	508.531982000000	1.74446000000000
metal-MgO-eta	514.440002000000	1.74390000000000
metal-MgO-eta	546.166992000000	1.74077000000000
metal-MgO-eta	589.258972000000	1.73737000000000
metal-MgO-eta	632.874023000000	1.73460000000000
metal-MgO-eta	643.718018000000	1.73400000000000
metal-MgO-eta	656.325989000000	1.73335000000000
metal-MgO-eta	667.635986000000	1.73277000000000
metal-MgO-eta	690.695984000000	1.73191000000000
metal-MgO-eta	706.439026000000	1.73101000000000
metal-MgO-eta	767.677979000000	1.72872000000000
metal-MgO-eta	831.000000000000	1.72872000000000
metal-MgO-k	309.950012000000	0
metal-MgO-k	330.613007000000	0
metal-MgO-k	351.118988000000	0
metal-MgO-k	355.549011000000	0.00000100000000000000
metal-MgO-k	360.932007000000	0.00000100000000000000
metal-MgO-k	361.141998000000	0.00000100000000000000
metal-MgO-k	364.968994000000	0
metal-MgO-k	382.065002000000	0
metal-MgO-k	386.712006000000	0
metal-MgO-k	393.337982000000	0
metal-MgO-k	404.634003000000	0
metal-MgO-k	430.935028000000	0
metal-MgO-k	435.781982000000	0
metal-MgO-k	457.829010000000	0
metal-MgO-k	477.949036000000	0
metal-MgO-k	486.004974000000	0
metal-MgO-k	487.918030000000	0
metal-MgO-k	499.919006000000	0
metal-MgO-k	502.350006000000	0
metal-MgO-k	508.531982000000	0
metal-MgO-k	514.440002000000	0
metal-MgO-k	546.166992000000	0
metal-MgO-k	589.258972000000	0
metal-MgO-k	632.874023000000	0
metal-MgO-k	643.718018000000	0
metal-MgO-k	656.325989000000	0
metal-MgO-k	667.635986000000	0
metal-MgO-k	690.695984000000	0
metal-MgO-k	706.439026000000	0
metal-MgO-k	767.677979000000	0
metal-MgO-k	831.000000000000	0
metal-TiO2-eta	305.972015000000	3.84000000000000
metal-TiO2-eta	317.979004000000	5.38000000000000
metal-TiO2-eta	334.990997000000	4.22000000000000
metal-TiO2-eta	344.007019000000	4.36000000000000
metal-TiO2-eta	359.988007000000	3.87000000000000
metal-TiO2-eta	388.044006000000	3.49000000000000
metal-TiO2-eta	399.935028000000	3.40000000000000
metal-TiO2-eta	412.031006000000	3.24000000000000
metal-TiO2-eta	419.985992000000	3.29000000000000
metal-TiO2-eta	439.957001000000	3.20000000000000
metal-TiO2-eta	460.037018000000	3.13000000000000
metal-TiO2-eta	479.985016000000	3.08000000000000
metal-TiO2-eta	499.919006000000	3.03000000000000
metal-TiO2-eta	520.049988000000	3.00000000000000
metal-TiO2-eta	539.044006000000	2.95000000000000
metal-TiO2-eta	539.983032000000	2.97000000000000
metal-TiO2-eta	559.981995000000	2.94000000000000
metal-TiO2-eta	579.888000000000	2.92000000000000
metal-TiO2-eta	600.097046000000	2.90000000000000
metal-TiO2-eta	619.900024000000	2.88000000000000
metal-TiO2-eta	640.062012000000	2.87000000000000
metal-TiO2-eta	659.819031000000	2.85000000000000
metal-TiO2-eta	680.088013000000	2.84000000000000
metal-TiO2-eta	700.056030000000	2.83000000000000
metal-TiO2-eta	719.976990000000	2.82000000000000
metal-TiO2-eta	740.179016000000	2.81000000000000
metal-TiO2-eta	760.147034000000	2.81000000000000
metal-TiO2-eta	779.747986000000	2.80000000000000
metal-TiO2-eta	799.871033000000	2.79000000000000
metal-TiO2-eta	819.974060000000	2.79000000000000
metal-TiO2-eta	839.973083000000	2.78000000000000
metal-TiO2-eta	859.778015000000	2.78000000000000
metal-TiO2-eta	879.915039000000	2.77000000000000
metal-TiO2-eta	899.709961000000	2.77000000000000
metal-TiO2-k	305.972015000000	1.95000000000000
metal-TiO2-k	317.979004000000	2.18000000000000
metal-TiO2-k	334.990997000000	0.788000000000000
metal-TiO2-k	344.007019000000	0
metal-TiO2-k	359.988007000000	0.251000000000000
metal-TiO2-k	388.044006000000	0
metal-TiO2-k	399.935028000000	0
metal-TiO2-k	412.031006000000	0.0220000000000000
metal-TiO2-k	419.985992000000	0
metal-TiO2-k	439.957001000000	0
metal-TiO2-k	460.037018000000	0
metal-TiO2-k	479.985016000000	0
metal-TiO2-k	499.919006000000	0
metal-TiO2-k	520.049988000000	0
metal-TiO2-k	539.044006000000	0
metal-TiO2-k	539.983032000000	0
metal-TiO2-k	559.981995000000	0
metal-TiO2-k	579.888000000000	0
metal-TiO2-k	600.097046000000	0
metal-TiO2-k	619.900024000000	0
metal-TiO2-k	640.062012000000	0
metal-TiO2-k	659.819031000000	0
metal-TiO2-k	680.088013000000	0
metal-TiO2-k	700.056030000000	0
metal-TiO2-k	719.976990000000	0
metal-TiO2-k	740.179016000000	0
metal-TiO2-k	760.147034000000	0
metal-TiO2-k	779.747986000000	0
metal-TiO2-k	799.871033000000	0
metal-TiO2-k	819.974060000000	0
metal-TiO2-k	839.973083000000	0
metal-TiO2-k	859.778015000000	0
metal-TiO2-k	879.915039000000	0
metal-TiO2-k	899.709961000000	0
glass-BK7	300.000000000000	1.55277026357390
glass-BK7	322.000000000000	1.54586992892090
glass-BK7	344.000000000000	1.54044668683310
glass-BK7	366.000000000000	1.53609052791700
glass-BK7	388.000000000000	1.53252773217000
glass-BK7	410.000000000000	1.52956876722400
glass-BK7	432.000000000000	1.52707842914060
glass-BK7	454.000000000000	1.52495784573240
glass-BK7	476.000000000000	1.52313317384990
glass-BK7	498.000000000000	1.52154825283690
glass-BK7	520.000000000000	1.52015968824630
glass-BK7	542.000000000000	1.51893347831090
glass-BK7	564.000000000000	1.51784264788690
glass-BK7	586.000000000000	1.51686555674900
glass-BK7	608.000000000000	1.51598466918160
glass-BK7	630.000000000000	1.51518564527590
glass-BK7	652.000000000000	1.51445666049750
glass-BK7	674.000000000000	1.51378788976700
glass-BK7	696.000000000000	1.51317111179480
glass-BK7	718.000000000000	1.51259940245440
glass-BK7	740.000000000000	1.51206689486460
glass-BK7	762.000000000000	1.51156858999690
glass-BK7	784.000000000000	1.51110020593360
glass-BK7	806.000000000000	1.51065805697050
glass-BK7	828.000000000000	1.51023895596260
glass-BK7	850.000000000000	1.50984013491740
glass-BK7	872.000000000000	1.50945918002390
glass-BK7	894.000000000000	1.50909397817920
glass-BK7	916.000000000000	1.50874267273630
glass-BAF10	350.000000000000	1.71268808482680
glass-BAF10	371.000000000000	1.70445100256820
glass-BAF10	393.000000000000	1.69785396339310
glass-BAF10	414.000000000000	1.69245975739020
glass-BAF10	436.000000000000	1.68797475216570
glass-BAF10	457.000000000000	1.68419351489470
glass-BAF10	479.000000000000	1.68096763136810
glass-BAF10	500.000000000000	1.67818706173630
glass-BAF10	522.000000000000	1.67576844678780
glass-BAF10	543.000000000000	1.67364748318910
glass-BAF10	565.000000000000	1.67177378929680
glass-BAF10	586.000000000000	1.67010735304620
glass-BAF10	608.000000000000	1.66861601682490
glass-BAF10	629.000000000000	1.66727366053520
glass-BAF10	651.000000000000	1.66605886579810
glass-BAF10	672.000000000000	1.66495391853930
glass-BAF10	694.000000000000	1.66394405387380
glass-BAF10	715.000000000000	1.66301687728650
glass-BAF10	737.000000000000	1.66216191594170
glass-BAF10	758.000000000000	1.66137026729770
glass-BAF10	780.000000000000	1.66063432134430
glass-BAF10	801.000000000000	1.65994753914780
glass-BAF10	823.000000000000	1.65930427488620
glass-BAF10	844.000000000000	1.65869963178410
glass-BAF10	866.000000000000	1.65812934469240
glass-BAF10	887.000000000000	1.65758968377630
glass-BAF10	909.000000000000	1.65707737504750
glass-FK51A	290.000000000000	1.51457772040820
glass-FK51A	312.000000000000	1.50921128688650
glass-FK51A	334.000000000000	1.50499619874530
glass-FK51A	356.000000000000	1.50161539704460
glass-FK51A	378.000000000000	1.49885588857610
glass-FK51A	400.000000000000	1.49656961043300
glass-FK51A	422.000000000000	1.49465068980020
glass-FK51A	444.000000000000	1.49302160119530
glass-FK51A	466.000000000000	1.49162440986440
glass-FK51A	488.000000000000	1.49041505042000
glass-FK51A	511.000000000000	1.48935948370840
glass-FK51A	533.000000000000	1.48843105260270
glass-FK51A	555.000000000000	1.48760862400830
glass-FK51A	577.000000000000	1.48687525876500
glass-FK51A	599.000000000000	1.48621724350100
glass-FK51A	621.000000000000	1.48562337533530
glass-FK51A	643.000000000000	1.48508442620390
glass-FK51A	665.000000000000	1.48459273674460
glass-FK51A	687.000000000000	1.48414190492700
glass-FK51A	709.000000000000	1.48372654485300
glass-FK51A	732.000000000000	1.48334209812870
glass-FK51A	754.000000000000	1.48298468504950
glass-FK51A	776.000000000000	1.48265098623300
glass-FK51A	798.000000000000	1.48233814775390
glass-FK51A	820.000000000000	1.48204370457320
glass-FK51A	842.000000000000	1.48176551832430
glass-FK51A	864.000000000000	1.48150172644800
glass-FK51A	886.000000000000	1.48125070036210
glass-FK51A	908.000000000000	1.48101101087340
glass-LASF9	359.000000000000	1.91997255457050
glass-LASF9	370.000000000000	1.91997255457050
glass-LASF9	391.000000000000	1.90578582453730
glass-LASF9	412.000000000000	1.89454015824810
glass-LASF9	433.000000000000	1.88541219494510
glass-LASF9	455.000000000000	1.87786364302400
glass-LASF9	476.000000000000	1.87152570281760
glass-LASF9	497.000000000000	1.86613626480080
glass-LASF9	519.000000000000	1.86150347732830
glass-LASF9	540.000000000000	1.85748347520110
glass-LASF9	561.000000000000	1.85396616991220
glass-LASF9	583.000000000000	1.85086585560000
glass-LASF9	604.000000000000	1.84811480992850
glass-LASF9	625.000000000000	1.84565882224420
glass-LASF9	646.000000000000	1.84345399883240
glass-LASF9	668.000000000000	1.84146443619150
glass-LASF9	689.000000000000	1.83966049752850
glass-LASF9	710.000000000000	1.83801751674340
glass-LASF9	732.000000000000	1.83651481068210
glass-LASF9	753.000000000000	1.83513491717030
glass-LASF9	774.000000000000	1.83386300074840
glass-LASF9	796.000000000000	1.83268638455450
glass-LASF9	817.000000000000	1.83159417820060
glass-LASF9	838.000000000000	1.83057697947090
glass-LASF9	859.000000000000	1.82962663334240
glass-LASF9	881.000000000000	1.82873603591550
glass-LASF9	902.000000000000	1.82789897382280
glass-F5	359.000000000000	1.72865498472450
glass-F5	370.000000000000	1.72865498472450
glass-F5	391.000000000000	1.71701518644020
glass-F5	412.000000000000	1.70790371794210
glass-F5	433.000000000000	1.70057242701770
glass-F5	455.000000000000	1.69454728442970
glass-F5	476.000000000000	1.68951104872970
glass-F5	497.000000000000	1.68524226569100
glass-F5	519.000000000000	1.68158109640000
glass-F5	540.000000000000	1.67840900602700
glass-F5	561.000000000000	1.67563609739580
glass-F5	583.000000000000	1.67319289299080
glass-F5	604.000000000000	1.67102482347430
glass-F5	625.000000000000	1.66908842600390
glass-F5	646.000000000000	1.66734865792810
glass-F5	668.000000000000	1.66577695851730
glass-F5	689.000000000000	1.66434982460440
glass-F5	710.000000000000	1.66304774683580
glass-F5	732.000000000000	1.66185440373980
glass-F5	753.000000000000	1.66075604321970
glass-F5	774.000000000000	1.65974100234730
glass-F5	796.000000000000	1.65879933059220
glass-F5	817.000000000000	1.65792249136320
glass-F5	838.000000000000	1.65710312349950
glass-F5	859.000000000000	1.65633484913050
glass-F5	881.000000000000	1.65561211772950
glass-F5	902.000000000000	1.65493007867100
glass-F10	359.000000000000	1.79057889484190
glass-F10	380.000000000000	1.79057889484190
glass-F10	401.000000000000	1.77760745716920
glass-F10	422.000000000000	1.76736205724740
glass-F10	443.000000000000	1.75906491485070
glass-F10	464.000000000000	1.75221275244440
glass-F10	486.000000000000	1.74646356988260
glass-F10	507.000000000000	1.74157587704600
glass-F10	528.000000000000	1.73737382186590
glass-F10	549.000000000000	1.73372607302590
glass-F10	570.000000000000	1.73053245628290
glass-F10	592.000000000000	1.72771518180260
glass-F10	613.000000000000	1.72521290437140
glass-F10	634.000000000000	1.72297659399840
glass-F10	655.000000000000	1.72096659884670
glass-F10	676.000000000000	1.71915051422900
glass-F10	698.000000000000	1.71750160914150
glass-F10	719.000000000000	1.71599764629460
glass-F10	740.000000000000	1.71461998488310
glass-F10	761.000000000000	1.71335288979940
glass-F10	782.000000000000	1.71218299376480
glass-F10	804.000000000000	1.71109887422330
glass-F10	825.000000000000	1.71009071738520
glass-F10	846.000000000000	1.70915004917540
glass-F10	867.000000000000	1.70826951805230
glass-F10	888.000000000000	1.70744271841690
glass-F10	910.000000000000	1.70666404604710
glass-F11	359.000000000000	1.87002161732340
glass-F11	370.000000000000	1.87002161732340
glass-F11	391.000000000000	1.85162558605810
glass-F11	412.000000000000	1.83747077147150
glass-F11	433.000000000000	1.82623237984660
glass-F11	455.000000000000	1.81709469401190
glass-F11	476.000000000000	1.80952423438480
glass-F11	497.000000000000	1.80315558166600
glass-F11	519.000000000000	1.79772911833080
glass-F11	540.000000000000	1.79305486405050
glass-F11	561.000000000000	1.78899036636660
glass-F11	583.000000000000	1.78542660267740
glass-F11	604.000000000000	1.78227866831560
glass-F11	625.000000000000	1.77947943947220
glass-F11	646.000000000000	1.77697514873950
glass-F11	668.000000000000	1.77472222670510
glass-F11	689.000000000000	1.77268500313750
glass-F11	710.000000000000	1.77083400493600
glass-F11	732.000000000000	1.76914467661610
glass-F11	753.000000000000	1.76759640526350
glass-F11	774.000000000000	1.76617176835050
glass-F11	796.000000000000	1.76485594700800
glass-F11	817.000000000000	1.76363626372110
glass-F11	838.000000000000	1.76250181468620
glass-F11	859.000000000000	1.76144317496290
glass-F11	881.000000000000	1.76045216015540
glass-F11	902.000000000000	1.75952163238790
canon_eos_100d_r	359.000000000000	0.00103453409999999
canon_eos_100d_r	380.000000000000	0.00103453409999999
canon_eos_100d_r	390.000000000000	0.000993228200000001
canon_eos_100d_r	400.000000000000	0.00184386420000000
canon_eos_100d_r	410.000000000000	0.0102805115000000
canon_eos_100d_r	420.000000000000	0.0188885780000000
canon_eos_100d_r	430.000000000000	0.00835328839999999
canon_eos_100d_r	440.000000000000	0.00434884090000000
canon_eos_100d_r	450.000000000000	0.00423400540000000
canon_eos_100d_r	460.000000000000	0.00551001760000000
canon_eos_100d_r	470.000000000000	0.0137913874000000
canon_eos_100d_r	480.000000000000	0.0239978564000000
canon_eos_100d_r	490.000000000000	0.0337486995000000
canon_eos_100d_r	500.000000000000	0.0471896722000000
canon_eos_100d_r	510.000000000000	0.0595009836000000
canon_eos_100d_r	520.000000000000	0.100542833700000
canon_eos_100d_r	530.000000000000	0.0995932754000001
canon_eos_100d_r	540.000000000000	0.120211066200000
canon_eos_100d_r	550.000000000000	0.169415266000000
canon_eos_100d_r	560.000000000000	0.220214249800000
canon_eos_100d_r	570.000000000000	0.286760641400000
canon_eos_100d_r	580.000000000000	0.426837930500000
canon_eos_100d_r	590.000000000000	0.507016029700000
canon_eos_100d_r	600.000000000000	0.507616817200000
canon_eos_100d_r	610.000000000000	0.485484345400000
canon_eos_100d_r	620.000000000000	0.445473631300000
canon_eos_100d_r	630.000000000000	0.355224784300000
canon_eos_100d_r	640.000000000000	0.291930942300000
canon_eos_100d_r	650.000000000000	0.205149674300000
canon_eos_100d_r	660.000000000000	0.158392855900000
canon_eos_100d_r	670.000000000000	0.124126932400000
canon_eos_100d_r	680.000000000000	0.0597210903000000
canon_eos_100d_r	690.000000000000	0.0143749494000000
canon_eos_100d_r	700.000000000000	0.00400840160000001
canon_eos_100d_r	710.000000000000	0.00268612100000000
canon_eos_100d_r	720.000000000000	0.00142712779999999
canon_eos_100d_r	831.000000000000	0.00142712779999999
canon_eos_100d_g	359.000000000000	0.00136334710000000
canon_eos_100d_g	380.000000000000	0.00136334710000000
canon_eos_100d_g	390.000000000000	0.00106269950000000
canon_eos_100d_g	400.000000000000	0.00229213849999999
canon_eos_100d_g	410.000000000000	0.0198002226000000
canon_eos_100d_g	420.000000000000	0.0527947036000000
canon_eos_100d_g	430.000000000000	0.0482512154000000
canon_eos_100d_g	440.000000000000	0.0762676331000000
canon_eos_100d_g	450.000000000000	0.0955949721000000
canon_eos_100d_g	460.000000000000	0.122118545900000
canon_eos_100d_g	470.000000000000	0.327202242700000
canon_eos_100d_g	480.000000000000	0.538700028400000
canon_eos_100d_g	490.000000000000	0.642964056800000
canon_eos_100d_g	500.000000000000	0.747664965700000
canon_eos_100d_g	510.000000000000	0.916415527751103
canon_eos_100d_g	520.000000000000	1.00000000000000
canon_eos_100d_g	530.000000000000	0.837677066200000
canon_eos_100d_g	540.000000000000	0.782304582900000
canon_eos_100d_g	550.000000000000	0.740916241200001
canon_eos_100d_g	560.000000000000	0.717689430900000
canon_eos_100d_g	570.000000000000	0.593445546500000
canon_eos_100d_g	580.000000000000	0.501294976000000
canon_eos_100d_g	590.000000000000	0.395040213600000
canon_eos_100d_g	600.000000000000	0.257113127900000
canon_eos_100d_g	610.000000000000	0.160527069200000
canon_eos_100d_g	620.000000000000	0.0903173394999999
canon_eos_100d_g	630.000000000000	0.0579051777000000
canon_eos_100d_g	640.000000000000	0.0412381485000000
canon_eos_100d_g	650.000000000000	0.0263690139000000
canon_eos_100d_g	660.000000000000	0.0208428079000000
canon_eos_100d_g	670.000000000000	0.0201565383000000
canon_eos_100d_g	680.000000000000	0.0130900856000000
canon_eos_100d_g	690.000000000000	0.00427872850000000
canon_eos_100d_g	700.000000000000	0.00164191620000000
canon_eos_100d_g	710.000000000000	0.00114425230000000
canon_eos_100d_g	720.000000000000	0.00142712779999999
canon_eos_100d_g	831.000000000000	0.00142712779999999
canon_eos_100d_b	359.000000000000	0.00113425630000001
canon_eos_100d_b	380.000000000000	0.00113425630000001
canon_eos_100d_b	390.000000000000	0.00208228240000001
canon_eos_100d_b	400.000000000000	0.0135936399000000
canon_eos_100d_b	410.000000000000	0.173696601900000
canon_eos_100d_b	420.000000000000	0.499531021500000
canon_eos_100d_b	430.000000000000	0.528086881899999
canon_eos_100d_b	440.000000000000	0.637997763900000
canon_eos_100d_b	450.000000000000	0.744497719400001
canon_eos_100d_b	460.000000000000	0.730274038299999
canon_eos_100d_b	470.000000000000	0.779369485299999
canon_eos_100d_b	480.000000000000	0.750134039200000
canon_eos_100d_b	490.000000000000	0.598568321600000
canon_eos_100d_b	500.000000000000	0.488015275800000
canon_eos_100d_b	510.000000000000	0.299278909000000
canon_eos_100d_b	520.000000000000	0.262071535300000
canon_eos_100d_b	530.000000000000	0.146855101900000
canon_eos_100d_b	540.000000000000	0.101635663800000
canon_eos_100d_b	550.000000000000	0.0739006774000000
canon_eos_100d_b	560.000000000000	0.0550841589000000
canon_eos_100d_b	570.000000000000	0.0395675771999999
canon_eos_100d_b	580.000000000000	0.0345643930000000
canon_eos_100d_b	590.000000000000	0.0293777552000000
canon_eos_100d_b	600.000000000000	0.0214739154000000
canon_eos_100d_b	610.000000000000	0.0160842949000000
canon_eos_100d_b	620.000000000000	0.0123554757000000
canon_eos_100d_b	630.000000000000	0.0106107700000000
canon_eos_100d_b	640.000000000000	0.0108006713000000
canon_eos_100d_b	650.000000000000	0.0100642962000000
canon_eos_100d_b	660.000000000000	0.00991913690000000
canon_eos_100d_b	670.000000000000	0.00940473009999999
canon_eos_100d_b	680.000000000000	0.00521845720000000
canon_eos_100d_b	690.000000000000	0.00147056140000000
canon_eos_100d_b	700.000000000000	0.000523957000000000
canon_eos_100d_b	710.000000000000	0.000368194400000001
canon_eos_100d_b	720.000000000000	0.00142712779999999
canon_eos_100d_b	831.000000000000	0.00142712779999999
canon_eos_1dx_mkii_r	359.000000000000	0.00181626750000000
canon_eos_1dx_mkii_r	380.000000000000	0.00181626750000000
canon_eos_1dx_mkii_r	390.000000000000	0.000888444099999999
canon_eos_1dx_mkii_r	400.000000000000	0.00135193310000000
canon_eos_1dx_mkii_r	410.000000000000	0.00686239520000001
canon_eos_1dx_mkii_r	420.000000000000	0.0182093727000000
canon_eos_1dx_mkii_r	430.000000000000	0.0108720483000000
canon_eos_1dx_mkii_r	440.000000000000	0.00747654320000000
canon_eos_1dx_mkii_r	450.000000000000	0.00820822280000000
canon_eos_1dx_mkii_r	460.000000000000	0.00993621470000000
canon_eos_1dx_mkii_r	470.000000000000	0.0199989901000000
canon_eos_1dx_mkii_r	480.000000000000	0.0328969002000000
canon_eos_1dx_mkii_r	490.000000000000	0.0441015478000000
canon_eos_1dx_mkii_r	500.000000000000	0.0587123749000000
canon_eos_1dx_mkii_r	510.000000000000	0.0708680451000000
canon_eos_1dx_mkii_r	520.000000000000	0.116574002000000
canon_eos_1dx_mkii_r	530.000000000000	0.113223482300000
canon_eos_1dx_mkii_r	540.000000000000	0.133412651700000
canon_eos_1dx_mkii_r	550.000000000000	0.188157104900000
canon_eos_1dx_mkii_r	560.000000000000	0.246891909200000
canon_eos_1dx_mkii_r	570.000000000000	0.332629298700000
canon_eos_1dx_mkii_r	580.000000000000	0.506124180200000
canon_eos_1dx_mkii_r	590.000000000000	0.619612128800000
canon_eos_1dx_mkii_r	600.000000000000	0.590528751100000
canon_eos_1dx_mkii_r	610.000000000000	0.545120653400000
canon_eos_1dx_mkii_r	620.000000000000	0.483193092900000
canon_eos_1dx_mkii_r	630.000000000000	0.377505331700000
canon_eos_1dx_mkii_r	640.000000000000	0.302028933800000
canon_eos_1dx_mkii_r	650.000000000000	0.199261895600000
canon_eos_1dx_mkii_r	660.000000000000	0.150225272100000
canon_eos_1dx_mkii_r	670.000000000000	0.103555693100000
canon_eos_1dx_mkii_r	680.000000000000	0.0319385197000000
canon_eos_1dx_mkii_r	690.000000000000	0.00627284130000000
canon_eos_1dx_mkii_r	700.000000000000	0.00159039080000001
canon_eos_1dx_mkii_r	710.000000000000	0.00110630590000000
canon_eos_1dx_mkii_r	720.000000000000	0.000646038100000000
canon_eos_1dx_mkii_r	831.000000000000	0.000646038100000000
canon_eos_1dx_mkii_g	359.000000000000	0.00164235429999999
canon_eos_1dx_mkii_g	380.000000000000	0.00164235429999999
canon_eos_1dx_mkii_g	390.000000000000	0.000977761600000003
canon_eos_1dx_mkii_g	400.000000000000	0.00193212180000000
canon_eos_1dx_mkii_g	410.000000000000	0.0155813946000000
canon_eos_1dx_mkii_g	420.000000000000	0.0582071249000000
canon_eos_1dx_mkii_g	430.000000000000	0.0578730616000000
canon_eos_1dx_mkii_g	440.000000000000	0.0904953404000000
canon_eos_1dx_mkii_g	450.000000000000	0.112895095800000
canon_eos_1dx_mkii_g	460.000000000000	0.136902625000000
canon_eos_1dx_mkii_g	470.000000000000	0.353067967500000
canon_eos_1dx_mkii_g	480.000000000000	0.629499503799999
canon_eos_1dx_mkii_g	490.000000000000	0.771802203100000
canon_eos_1dx_mkii_g	500.000000000000	0.854035180600000
canon_eos_1dx_mkii_g	510.000000000000	0.983031964358822
canon_eos_1dx_mkii_g	520.000000000000	1.00000000000000
canon_eos_1dx_mkii_g	530.000000000000	0.825470466000000
canon_eos_1dx_mkii_g	540.000000000000	0.761724427600000
canon_eos_1dx_mkii_g	550.000000000000	0.732174418400000
canon_eos_1dx_mkii_g	560.000000000000	0.715367316700000
canon_eos_1dx_mkii_g	570.000000000000	0.587770121300000
canon_eos_1dx_mkii_g	580.000000000000	0.496795791700000
canon_eos_1dx_mkii_g	590.000000000000	0.388508829400000
canon_eos_1dx_mkii_g	600.000000000000	0.252458014900000
canon_eos_1dx_mkii_g	610.000000000000	0.148604092500000
canon_eos_1dx_mkii_g	620.000000000000	0.0800380863000000
canon_eos_1dx_mkii_g	630.000000000000	0.0500488391000000
canon_eos_1dx_mkii_g	640.000000000000	0.0340688206000000
canon_eos_1dx_mkii_g	650.000000000000	0.0203873608000000
canon_eos_1dx_mkii_g	660.000000000000	0.0159226468000000
canon_eos_1dx_mkii_g	670.000000000000	0.0134128246000000
canon_eos_1dx_mkii_g	680.000000000000	0.00564415120000000
canon_eos_1dx_mkii_g	690.000000000000	0.00156616390000000
canon_eos_1dx_mkii_g	700.000000000000	0.000662812700000000
canon_eos_1dx_mkii_g	710.000000000000	0.000501883900000000
canon_eos_1dx_mkii_g	720.000000000000	0.000646038100000000
canon_eos_1dx_mkii_g	831.000000000000	0.000646038100000000
canon_eos_1dx_mkii_b	359.000000000000	0.00101430810000003
canon_eos_1dx_mkii_b	380.000000000000	0.00101430810000003
canon_eos_1dx_mkii_b	390.000000000000	0.00114171510000001
canon_eos_1dx_mkii_b	400.000000000000	0.00813956609999999
canon_eos_1dx_mkii_b	410.000000000000	0.100847760400000
canon_eos_1dx_mkii_b	420.000000000000	0.412328106000000
canon_eos_1dx_mkii_b	430.000000000000	0.484157388800000
canon_eos_1dx_mkii_b	440.000000000000	0.603490311000000
canon_eos_1dx_mkii_b	450.000000000000	0.701394157000000
canon_eos_1dx_mkii_b	460.000000000000	0.718379157699999
canon_eos_1dx_mkii_b	470.000000000000	0.767588604099999
canon_eos_1dx_mkii_b	480.000000000000	0.762950767100001
canon_eos_1dx_mkii_b	490.000000000000	0.622725413899999
canon_eos_1dx_mkii_b	500.000000000000	0.516287528300001
canon_eos_1dx_mkii_b	510.000000000000	0.329031618000000
canon_eos_1dx_mkii_b	520.000000000000	0.292484463100000
canon_eos_1dx_mkii_b	530.000000000000	0.167171387300000
canon_eos_1dx_mkii_b	540.000000000000	0.117705322100000
canon_eos_1dx_mkii_b	550.000000000000	0.0862807391000001
canon_eos_1dx_mkii_b	560.000000000000	0.0653657358000000
canon_eos_1dx_mkii_b	570.000000000000	0.0463878210000000
canon_eos_1dx_mkii_b	580.000000000000	0.0400133263000000
canon_eos_1dx_mkii_b	590.000000000000	0.0339862603000000
canon_eos_1dx_mkii_b	600.000000000000	0.0249951964000000
canon_eos_1dx_mkii_b	610.000000000000	0.0184106266000000
canon_eos_1dx_mkii_b	620.000000000000	0.0143310145000000
canon_eos_1dx_mkii_b	630.000000000000	0.0122803078000000
canon_eos_1dx_mkii_b	640.000000000000	0.0118934087000000
canon_eos_1dx_mkii_b	650.000000000000	0.0104995385000000
canon_eos_1dx_mkii_b	660.000000000000	0.0101980886000000
canon_eos_1dx_mkii_b	670.000000000000	0.00832152660000001
canon_eos_1dx_mkii_b	680.000000000000	0.00299174810000001
canon_eos_1dx_mkii_b	690.000000000000	0.000678941700000002
canon_eos_1dx_mkii_b	700.000000000000	0.000259692200000000
canon_eos_1dx_mkii_b	710.000000000000	0.000195825400000000
canon_eos_1dx_mkii_b	720.000000000000	0.000646038100000000
canon_eos_1dx_mkii_b	831.000000000000	0.000646038100000000
canon_eos_200d_r	359.000000000000	0.00291441410000001
canon_eos_200d_r	380.000000000000	0.00291441410000001
canon_eos_200d_r	390.000000000000	0.00353519670000000
canon_eos_200d_r	400.000000000000	0.00455087410000000
canon_eos_200d_r	410.000000000000	0.00806216750000000
canon_eos_200d_r	420.000000000000	0.0120326916000000
canon_eos_200d_r	430.000000000000	0.00655849100000000
canon_eos_200d_r	440.000000000000	0.00464592630000000
canon_eos_200d_r	450.000000000000	0.00543206870000000
canon_eos_200d_r	460.000000000000	0.00766406870000000
canon_eos_200d_r	470.000000000000	0.0208328024000000
canon_eos_200d_r	480.000000000000	0.0386109300000000
canon_eos_200d_r	490.000000000000	0.0546788751000000
canon_eos_200d_r	500.000000000000	0.0735546587000000
canon_eos_200d_r	510.000000000000	0.0850235718000001
canon_eos_200d_r	520.000000000000	0.139255293700000
canon_eos_200d_r	530.000000000000	0.133559950200000
canon_eos_200d_r	540.000000000000	0.158481342400000
canon_eos_200d_r	550.000000000000	0.211964796900000
canon_eos_200d_r	560.000000000000	0.266620879400000
canon_eos_200d_r	570.000000000000	0.335813815100000
canon_eos_200d_r	580.000000000000	0.497219108600000
canon_eos_200d_r	590.000000000000	0.602913921600000
canon_eos_200d_r	600.000000000000	0.577983796700000
canon_eos_200d_r	610.000000000000	0.533909587899999
canon_eos_200d_r	620.000000000000	0.471742301300000
canon_eos_200d_r	630.000000000000	0.389514063600000
canon_eos_200d_r	640.000000000000	0.325602539900000
canon_eos_200d_r	650.000000000000	0.224774423200000
canon_eos_200d_r	660.000000000000	0.174459030000000
canon_eos_200d_r	670.000000000000	0.132946837200000
canon_eos_200d_r	680.000000000000	0.0690380507000000
canon_eos_200d_r	690.000000000000	0.0154063505000000
canon_eos_200d_r	700.000000000000	0.00247922989999999
canon_eos_200d_r	710.000000000000	0.00170200570000000
canon_eos_200d_r	720.000000000000	0.000962629999999998
canon_eos_200d_r	831.000000000000	0.000962629999999998
canon_eos_200d_g	359.000000000000	0.00266241739999999
canon_eos_200d_g	380.000000000000	0.00266241739999999
canon_eos_200d_g	390.000000000000	0.00334434020000000
canon_eos_200d_g	400.000000000000	0.00671312400000000
canon_eos_200d_g	410.000000000000	0.0223579854000000
canon_eos_200d_g	420.000000000000	0.0604339007000001
canon_eos_200d_g	430.000000000000	0.0624431314000000
canon_eos_200d_g	440.000000000000	0.0957925552000000
canon_eos_200d_g	450.000000000000	0.120633752400000
canon_eos_200d_g	460.000000000000	0.147411114800000
canon_eos_200d_g	470.000000000000	0.383621993700000
canon_eos_200d_g	480.000000000000	0.653519808700000
canon_eos_200d_g	490.000000000000	0.780741073900000
canon_eos_200d_g	500.000000000000	0.863380017600000
canon_eos_200d_g	510.000000000000	0.970587367272232
canon_eos_200d_g	520.000000000000	1.00000000000000
canon_eos_200d_g	530.000000000000	0.803726658999999
canon_eos_200d_g	540.000000000000	0.744998498500000
canon_eos_200d_g	550.000000000000	0.704356953200000
canon_eos_200d_g	560.000000000000	0.682195916500000
canon_eos_200d_g	570.000000000000	0.561407923300000
canon_eos_200d_g	580.000000000000	0.477604479200000
canon_eos_200d_g	590.000000000000	0.379206296000000
canon_eos_200d_g	600.000000000000	0.252038302400000
canon_eos_200d_g	610.000000000000	0.154380216400000
canon_eos_200d_g	620.000000000000	0.0878860345000000
canon_eos_200d_g	630.000000000000	0.0594154034000000
canon_eos_200d_g	640.000000000000	0.0427855310000000
canon_eos_200d_g	650.000000000000	0.0267600609000000
canon_eos_200d_g	660.000000000000	0.0220120486000000
canon_eos_200d_g	670.000000000000	0.0200796171000000
canon_eos_200d_g	680.000000000000	0.0138855129000000
canon_eos_200d_g	690.000000000000	0.00406837860000001
canon_eos_200d_g	700.000000000000	0.00101673560000000
canon_eos_200d_g	710.000000000000	0.000739094800000000
canon_eos_200d_g	720.000000000000	0.000962629999999998
canon_eos_200d_g	831.000000000000	0.000962629999999998
canon_eos_200d_b	359.000000000000	0.00510466669999993
canon_eos_200d_b	380.000000000000	0.00510466669999993
canon_eos_200d_b	390.000000000000	0.0107716308000000
canon_eos_200d_b	400.000000000000	0.0342165969000000
canon_eos_200d_b	410.000000000000	0.139571534100000
canon_eos_200d_b	420.000000000000	0.416940318300000
canon_eos_200d_b	430.000000000000	0.501615626900000
canon_eos_200d_b	440.000000000000	0.599976415099999
canon_eos_200d_b	450.000000000000	0.690241012200000
canon_eos_200d_b	460.000000000000	0.678866140800000
canon_eos_200d_b	470.000000000000	0.730682874100001
canon_eos_200d_b	480.000000000000	0.709906274600001
canon_eos_200d_b	490.000000000000	0.568442990000000
canon_eos_200d_b	500.000000000000	0.473560265000000
canon_eos_200d_b	510.000000000000	0.295768310900000
canon_eos_200d_b	520.000000000000	0.270648435400000
canon_eos_200d_b	530.000000000000	0.156860112600000
canon_eos_200d_b	540.000000000000	0.116198389600000
canon_eos_200d_b	550.000000000000	0.0913753751000000
canon_eos_200d_b	560.000000000000	0.0765997340000000
canon_eos_200d_b	570.000000000000	0.0598180158999999
canon_eos_200d_b	580.000000000000	0.0541208233000000
canon_eos_200d_b	590.000000000000	0.0474119724000000
canon_eos_200d_b	600.000000000000	0.0354067509000000
canon_eos_200d_b	610.000000000000	0.0259375137000000
canon_eos_200d_b	620.000000000000	0.0190713997000000
canon_eos_200d_b	630.000000000000	0.0158589310000000
canon_eos_200d_b	640.000000000000	0.0146235864000000
canon_eos_200d_b	650.000000000000	0.0120792249000000
canon_eos_200d_b	660.000000000000	0.0125314164000000
canon_eos_200d_b	670.000000000000	0.0111464425000000
canon_eos_200d_b	680.000000000000	0.00681756040000000
canon_eos_200d_b	690.000000000000	0.00167069420000001
canon_eos_200d_b	700.000000000000	0.000392558199999999
canon_eos_200d_b	710.000000000000	0.000284378400000000
canon_eos_200d_b	720.000000000000	0.000962629999999998
canon_eos_200d_b	831.000000000000	0.000962629999999998
canon_eos_200d_mkii_r	359.000000000000	0.00106956630000000
canon_eos_200d_mkii_r	380.000000000000	0.00106956630000000
canon_eos_200d_mkii_r	390.000000000000	0.00102151570000000
canon_eos_200d_mkii_r	400.000000000000	0.00180023980000000
canon_eos_200d_mkii_r	410.000000000000	0.00516138020000000
canon_eos_200d_mkii_r	420.000000000000	0.0115978867000000
canon_eos_200d_mkii_r	430.000000000000	0.00592694450000001
canon_eos_200d_mkii_r	440.000000000000	0.00419213330000000
canon_eos_200d_mkii_r	450.000000000000	0.00608677439999999
canon_eos_200d_mkii_r	460.000000000000	0.00810919219999999
canon_eos_200d_mkii_r	470.000000000000	0.0204216602000000
canon_eos_200d_mkii_r	480.000000000000	0.0387301594000000
canon_eos_200d_mkii_r	490.000000000000	0.0555344535000000
canon_eos_200d_mkii_r	500.000000000000	0.0737538193000000
canon_eos_200d_mkii_r	510.000000000000	0.0854402193000001
canon_eos_200d_mkii_r	520.000000000000	0.136498204200000
canon_eos_200d_mkii_r	530.000000000000	0.131997946200000
canon_eos_200d_mkii_r	540.000000000000	0.157456782200000
canon_eos_200d_mkii_r	550.000000000000	0.213065227400000
canon_eos_200d_mkii_r	560.000000000000	0.265062155900000
canon_eos_200d_mkii_r	570.000000000000	0.335110953000000
canon_eos_200d_mkii_r	580.000000000000	0.490057200200000
canon_eos_200d_mkii_r	590.000000000000	0.591042362300001
canon_eos_200d_mkii_r	600.000000000000	0.566466296000000
canon_eos_200d_mkii_r	610.000000000000	0.519744268699999
canon_eos_200d_mkii_r	620.000000000000	0.463549081500000
canon_eos_200d_mkii_r	630.000000000000	0.368955908300000
canon_eos_200d_mkii_r	640.000000000000	0.302863294000000
canon_eos_200d_mkii_r	650.000000000000	0.208059979100000
canon_eos_200d_mkii_r	660.000000000000	0.157948141500000
canon_eos_200d_mkii_r	670.000000000000	0.116620159200000
canon_eos_200d_mkii_r	680.000000000000	0.0427614210000001
canon_eos_200d_mkii_r	690.000000000000	0.00744982050000003
canon_eos_200d_mkii_r	700.000000000000	0.00146570600000001
canon_eos_200d_mkii_r	710.000000000000	0.00104578570000000
canon_eos_200d_mkii_r	720.000000000000	0.000646979200000001
canon_eos_200d_mkii_r	831.000000000000	0.000646979200000001
canon_eos_200d_mkii_g	359.000000000000	0.00145391719999999
canon_eos_200d_mkii_g	380.000000000000	0.00145391719999999
canon_eos_200d_mkii_g	390.000000000000	0.00128402260000000
canon_eos_200d_mkii_g	400.000000000000	0.00294159329999999
canon_eos_200d_mkii_g	410.000000000000	0.0167749299000000
canon_eos_200d_mkii_g	420.000000000000	0.0624618035000000
canon_eos_200d_mkii_g	430.000000000000	0.0651178890000000
canon_eos_200d_mkii_g	440.000000000000	0.101102503700000
canon_eos_200d_mkii_g	450.000000000000	0.128846132700000
canon_eos_200d_mkii_g	460.000000000000	0.159895117900000
canon_eos_200d_mkii_g	470.000000000000	0.396479519300000
canon_eos_200d_mkii_g	480.000000000000	0.670027984600000
canon_eos_200d_mkii_g	490.000000000000	0.798625264700000
canon_eos_200d_mkii_g	500.000000000000	0.871524662600000
canon_eos_200d_mkii_g	510.000000000000	0.990954639880953
canon_eos_200d_mkii_g	520.000000000000	1.00000000000000
canon_eos_200d_mkii_g	530.000000000000	0.807259894600000
canon_eos_200d_mkii_g	540.000000000000	0.747027224299999
canon_eos_200d_mkii_g	550.000000000000	0.707530004100000
canon_eos_200d_mkii_g	560.000000000000	0.677565855900000
canon_eos_200d_mkii_g	570.000000000000	0.562390182900000
canon_eos_200d_mkii_g	580.000000000000	0.475383534800000
canon_eos_200d_mkii_g	590.000000000000	0.377861930000000
canon_eos_200d_mkii_g	600.000000000000	0.249057113800000
canon_eos_200d_mkii_g	610.000000000000	0.150218937200000
canon_eos_200d_mkii_g	620.000000000000	0.0868994294000000
canon_eos_200d_mkii_g	630.000000000000	0.0571370895000000
canon_eos_200d_mkii_g	640.000000000000	0.0410215964000000
canon_eos_200d_mkii_g	650.000000000000	0.0255187405000000
canon_eos_200d_mkii_g	660.000000000000	0.0208734639000000
canon_eos_200d_mkii_g	670.000000000000	0.0184857122000000
canon_eos_200d_mkii_g	680.000000000000	0.00885171070000001
canon_eos_200d_mkii_g	690.000000000000	0.00212914660000000
canon_eos_200d_mkii_g	700.000000000000	0.000686377499999998
canon_eos_200d_mkii_g	710.000000000000	0.000527190699999999
canon_eos_200d_mkii_g	720.000000000000	0.000646979200000001
canon_eos_200d_mkii_g	831.000000000000	0.000646979200000001
canon_eos_200d_mkii_b	359.000000000000	0.00135013439999981
canon_eos_200d_mkii_b	380.000000000000	0.00135013439999981
canon_eos_200d_mkii_b	390.000000000000	0.00252266989999999
canon_eos_200d_mkii_b	400.000000000000	0.0132449751000000
canon_eos_200d_mkii_b	410.000000000000	0.103637231100000
canon_eos_200d_mkii_b	420.000000000000	0.425713949600000
canon_eos_200d_mkii_b	430.000000000000	0.514386571300000
canon_eos_200d_mkii_b	440.000000000000	0.617573235100000
canon_eos_200d_mkii_b	450.000000000000	0.710055857000001
canon_eos_200d_mkii_b	460.000000000000	0.700534116500000
canon_eos_200d_mkii_b	470.000000000000	0.736935307000000
canon_eos_200d_mkii_b	480.000000000000	0.721127134800000
canon_eos_200d_mkii_b	490.000000000000	0.579057393900001
canon_eos_200d_mkii_b	500.000000000000	0.476229063700000
canon_eos_200d_mkii_b	510.000000000000	0.302637952400000
canon_eos_200d_mkii_b	520.000000000000	0.271792611000000
canon_eos_200d_mkii_b	530.000000000000	0.158480852600000
canon_eos_200d_mkii_b	540.000000000000	0.116382228600000
canon_eos_200d_mkii_b	550.000000000000	0.0920950507000000
canon_eos_200d_mkii_b	560.000000000000	0.0765539437000000
canon_eos_200d_mkii_b	570.000000000000	0.0609182118000000
canon_eos_200d_mkii_b	580.000000000000	0.0550101115000000
canon_eos_200d_mkii_b	590.000000000000	0.0481087203999999
canon_eos_200d_mkii_b	600.000000000000	0.0359261858000000
canon_eos_200d_mkii_b	610.000000000000	0.0258972649000000
canon_eos_200d_mkii_b	620.000000000000	0.0201525877000000
canon_eos_200d_mkii_b	630.000000000000	0.0160469418000000
canon_eos_200d_mkii_b	640.000000000000	0.0146428905000000
canon_eos_200d_mkii_b	650.000000000000	0.0118087136000000
canon_eos_200d_mkii_b	660.000000000000	0.0117578650000000
canon_eos_200d_mkii_b	670.000000000000	0.0102304862000000
canon_eos_200d_mkii_b	680.000000000000	0.00428006560000000
canon_eos_200d_mkii_b	690.000000000000	0.000886692100000001
canon_eos_200d_mkii_b	700.000000000000	0.000270536400000001
canon_eos_200d_mkii_b	710.000000000000	0.000206229900000000
canon_eos_200d_mkii_b	720.000000000000	0.000646979200000001
canon_eos_200d_mkii_b	831.000000000000	0.000646979200000001
canon_eos_5d_r	359.000000000000	0.000785812000000002
canon_eos_5d_r	380.000000000000	0.000785812000000002
canon_eos_5d_r	390.000000000000	0.000518294000000000
canon_eos_5d_r	400.000000000000	0.000697571599999999
canon_eos_5d_r	410.000000000000	0.000651308800000000
canon_eos_5d_r	420.000000000000	0.00124611990000000
canon_eos_5d_r	430.000000000000	0.00236164520000000
canon_eos_5d_r	440.000000000000	0.00118669390000000
canon_eos_5d_r	450.000000000000	0.000949711500000000
canon_eos_5d_r	460.000000000000	0.00106856810000000
canon_eos_5d_r	470.000000000000	0.00210319860000000
canon_eos_5d_r	480.000000000000	0.00343102750000000
canon_eos_5d_r	490.000000000000	0.00543238560000001
canon_eos_5d_r	500.000000000000	0.00965392960000001
canon_eos_5d_r	510.000000000000	0.0201803611000000
canon_eos_5d_r	520.000000000000	0.0686654869000000
canon_eos_5d_r	530.000000000000	0.109895032300000
canon_eos_5d_r	540.000000000000	0.129934447700000
canon_eos_5d_r	550.000000000000	0.107198495800000
canon_eos_5d_r	560.000000000000	0.136270930800000
canon_eos_5d_r	570.000000000000	0.242471648200000
canon_eos_5d_r	580.000000000000	0.394819150800000
canon_eos_5d_r	590.000000000000	0.488629705600000
canon_eos_5d_r	600.000000000000	0.497951828300000
canon_eos_5d_r	610.000000000000	0.465171279600000
canon_eos_5d_r	620.000000000000	0.435487013800000
canon_eos_5d_r	630.000000000000	0.357407053400000
canon_eos_5d_r	640.000000000000	0.293191371700000
canon_eos_5d_r	650.000000000000	0.197806868000000
canon_eos_5d_r	660.000000000000	0.146384632100000
canon_eos_5d_r	670.000000000000	0.119284319200000
canon_eos_5d_r	680.000000000000	0.0830921802000000
canon_eos_5d_r	690.000000000000	0.0367906171000000
canon_eos_5d_r	700.000000000000	0.0105723955000000
canon_eos_5d_r	710.000000000000	0.00717005800000001
canon_eos_5d_r	720.000000000000	0.00393192560000001
canon_eos_5d_r	831.000000000000	0.00393192560000001
canon_eos_5d_g	359.000000000000	0.00130682880000000
canon_eos_5d_g	380.000000000000	0.00130682880000000
canon_eos_5d_g	390.000000000000	0.000843798899999999
canon_eos_5d_g	400.000000000000	0.00186866320000000
canon_eos_5d_g	410.000000000000	0.00250962500000000
canon_eos_5d_g	420.000000000000	0.0138690449000000
canon_eos_5d_g	430.000000000000	0.0494104372000000
canon_eos_5d_g	440.000000000000	0.0743663840000000
canon_eos_5d_g	450.000000000000	0.108079883100000
canon_eos_5d_g	460.000000000000	0.122122655700000
canon_eos_5d_g	470.000000000000	0.205607975100000
canon_eos_5d_g	480.000000000000	0.335298651300000
canon_eos_5d_g	490.000000000000	0.481800240800000
canon_eos_5d_g	500.000000000000	0.655922316200000
canon_eos_5d_g	510.000000000000	0.882659805644374
canon_eos_5d_g	520.000000000000	1.00000000000000
canon_eos_5d_g	530.000000000000	0.840799494400000
canon_eos_5d_g	540.000000000000	0.810422893200000
canon_eos_5d_g	550.000000000000	0.754268741100000
canon_eos_5d_g	560.000000000000	0.713849495600000
canon_eos_5d_g	570.000000000000	0.570210185699999
canon_eos_5d_g	580.000000000000	0.443809006100000
canon_eos_5d_g	590.000000000000	0.298666801000000
canon_eos_5d_g	600.000000000000	0.178708667800000
canon_eos_5d_g	610.000000000000	0.0939927106999999
canon_eos_5d_g	620.000000000000	0.0483338591000000
canon_eos_5d_g	630.000000000000	0.0314751657000000
canon_eos_5d_g	640.000000000000	0.0224282378000000
canon_eos_5d_g	650.000000000000	0.0138810984000000
canon_eos_5d_g	660.000000000000	0.0114333411000000
canon_eos_5d_g	670.000000000000	0.0122258148000000
canon_eos_5d_g	680.000000000000	0.0126546880000000
canon_eos_5d_g	690.000000000000	0.00770934130000000
canon_eos_5d_g	700.000000000000	0.00308655280000000
canon_eos_5d_g	710.000000000000	0.00214062690000000
canon_eos_5d_g	720.000000000000	0.00393192560000001
canon_eos_5d_g	831.000000000000	0.00393192560000001
canon_eos_5d_b	359.000000000000	0.000758327000000017
canon_eos_5d_b	380.000000000000	0.000758327000000017
canon_eos_5d_b	390.000000000000	0.00125768429999999
canon_eos_5d_b	400.000000000000	0.0108206498000000
canon_eos_5d_b	410.000000000000	0.0192051957000000
canon_eos_5d_b	420.000000000000	0.127051326200000
canon_eos_5d_b	430.000000000000	0.510426701600000
canon_eos_5d_b	440.000000000000	0.663137615000000
canon_eos_5d_b	450.000000000000	0.752377582200000
canon_eos_5d_b	460.000000000000	0.770002596100000
canon_eos_5d_b	470.000000000000	0.834060743900000
canon_eos_5d_b	480.000000000000	0.803450782100000
canon_eos_5d_b	490.000000000000	0.618445097500000
canon_eos_5d_b	500.000000000000	0.490063906600000
canon_eos_5d_b	510.000000000000	0.275149093400000
canon_eos_5d_b	520.000000000000	0.199607781600000
canon_eos_5d_b	530.000000000000	0.0845562481000001
canon_eos_5d_b	540.000000000000	0.0455581464000000
canon_eos_5d_b	550.000000000000	0.0253879964000000
canon_eos_5d_b	560.000000000000	0.0142211656000000
canon_eos_5d_b	570.000000000000	0.00711002150000000
canon_eos_5d_b	580.000000000000	0.00497503400000000
canon_eos_5d_b	590.000000000000	0.00343760500000000
canon_eos_5d_b	600.000000000000	0.00228516850000000
canon_eos_5d_b	610.000000000000	0.00174851930000000
canon_eos_5d_b	620.000000000000	0.00154335710000000
canon_eos_5d_b	630.000000000000	0.00145747060000000
canon_eos_5d_b	640.000000000000	0.00160584820000000
canon_eos_5d_b	650.000000000000	0.00191727780000000
canon_eos_5d_b	660.000000000000	0.00222095160000000
canon_eos_5d_b	670.000000000000	0.00220829420000000
canon_eos_5d_b	680.000000000000	0.00179611510000000
canon_eos_5d_b	690.000000000000	0.000907738900000000
canon_eos_5d_b	700.000000000000	0.000369329199999999
canon_eos_5d_b	710.000000000000	0.000265989900000000
canon_eos_5d_b	720.000000000000	0.00393192560000001
canon_eos_5d_b	831.000000000000	0.00393192560000001
canon_eos_5d_mkii_r	359.000000000000	0.000801384200000001
canon_eos_5d_mkii_r	380.000000000000	0.000801384200000001
canon_eos_5d_mkii_r	390.000000000000	0.000622075700000000
canon_eos_5d_mkii_r	400.000000000000	0.00163714800000000
canon_eos_5d_mkii_r	410.000000000000	0.00387484260000000
canon_eos_5d_mkii_r	420.000000000000	0.00853576729999999
canon_eos_5d_mkii_r	430.000000000000	0.00614909570000000
canon_eos_5d_mkii_r	440.000000000000	0.00288721720000000
canon_eos_5d_mkii_r	450.000000000000	0.00241487060000000
canon_eos_5d_mkii_r	460.000000000000	0.00225086390000000
canon_eos_5d_mkii_r	470.000000000000	0.00400322960000000
canon_eos_5d_mkii_r	480.000000000000	0.00683019980000000
canon_eos_5d_mkii_r	490.000000000000	0.00929288290000001
canon_eos_5d_mkii_r	500.000000000000	0.0152933769000000
canon_eos_5d_mkii_r	510.000000000000	0.0305241911000000
canon_eos_5d_mkii_r	520.000000000000	0.0916499483000000
canon_eos_5d_mkii_r	530.000000000000	0.133690908100000
canon_eos_5d_mkii_r	540.000000000000	0.150961447300000
canon_eos_5d_mkii_r	550.000000000000	0.130782838000000
canon_eos_5d_mkii_r	560.000000000000	0.162818812600000
canon_eos_5d_mkii_r	570.000000000000	0.256827130400000
canon_eos_5d_mkii_r	580.000000000000	0.384912303100000
canon_eos_5d_mkii_r	590.000000000000	0.469348722900000
canon_eos_5d_mkii_r	600.000000000000	0.469246634200000
canon_eos_5d_mkii_r	610.000000000000	0.442144186900000
canon_eos_5d_mkii_r	620.000000000000	0.390277721100000
canon_eos_5d_mkii_r	630.000000000000	0.317328307000000
canon_eos_5d_mkii_r	640.000000000000	0.262385963500000
canon_eos_5d_mkii_r	650.000000000000	0.170723655600000
canon_eos_5d_mkii_r	660.000000000000	0.122806183000000
canon_eos_5d_mkii_r	670.000000000000	0.0916867133000001
canon_eos_5d_mkii_r	680.000000000000	0.0517656370000000
canon_eos_5d_mkii_r	690.000000000000	0.0147074911000000
canon_eos_5d_mkii_r	700.000000000000	0.00252969819999999
canon_eos_5d_mkii_r	710.000000000000	0.00169012590000000
canon_eos_5d_mkii_r	720.000000000000	0.000890656300000000
canon_eos_5d_mkii_r	831.000000000000	0.000890656300000000
canon_eos_5d_mkii_g	359.000000000000	0.00132093099999998
canon_eos_5d_mkii_g	380.000000000000	0.00132093099999998
canon_eos_5d_mkii_g	390.000000000000	0.000986998400000004
canon_eos_5d_mkii_g	400.000000000000	0.00297621970000000
canon_eos_5d_mkii_g	410.000000000000	0.0101720847000000
canon_eos_5d_mkii_g	420.000000000000	0.0322943739000000
canon_eos_5d_mkii_g	430.000000000000	0.0390348509000000
canon_eos_5d_mkii_g	440.000000000000	0.0598052544000000
canon_eos_5d_mkii_g	450.000000000000	0.0750923329000000
canon_eos_5d_mkii_g	460.000000000000	0.0912708802000000
canon_eos_5d_mkii_g	470.000000000000	0.248704952300000
canon_eos_5d_mkii_g	480.000000000000	0.473193454100000
canon_eos_5d_mkii_g	490.000000000000	0.603250544000000
canon_eos_5d_mkii_g	500.000000000000	0.730384196800000
canon_eos_5d_mkii_g	510.000000000000	0.928899999922136
canon_eos_5d_mkii_g	520.000000000000	1.00000000000000
canon_eos_5d_mkii_g	530.000000000000	0.826607235200000
canon_eos_5d_mkii_g	540.000000000000	0.770640475700000
canon_eos_5d_mkii_g	550.000000000000	0.739771648400001
canon_eos_5d_mkii_g	560.000000000000	0.701739118799999
canon_eos_5d_mkii_g	570.000000000000	0.572986494300000
canon_eos_5d_mkii_g	580.000000000000	0.471309369900000
canon_eos_5d_mkii_g	590.000000000000	0.355790914800000
canon_eos_5d_mkii_g	600.000000000000	0.227088161400000
canon_eos_5d_mkii_g	610.000000000000	0.126712561600000
canon_eos_5d_mkii_g	620.000000000000	0.0609366683000000
canon_eos_5d_mkii_g	630.000000000000	0.0358229070000000
canon_eos_5d_mkii_g	640.000000000000	0.0229253792000000
canon_eos_5d_mkii_g	650.000000000000	0.0122726601000000
canon_eos_5d_mkii_g	660.000000000000	0.00888211729999999
canon_eos_5d_mkii_g	670.000000000000	0.00863228050000000
canon_eos_5d_mkii_g	680.000000000000	0.00684057870000000
canon_eos_5d_mkii_g	690.000000000000	0.00273190550000000
canon_eos_5d_mkii_g	700.000000000000	0.000806290999999999
canon_eos_5d_mkii_g	710.000000000000	0.000581909400000000
canon_eos_5d_mkii_g	720.000000000000	0.000890656300000000
canon_eos_5d_mkii_g	831.000000000000	0.000890656300000000
canon_eos_5d_mkii_b	359.000000000000	0.00101933660000003
canon_eos_5d_mkii_b	380.000000000000	0.00101933660000003
canon_eos_5d_mkii_b	390.000000000000	0.00193874740000001
canon_eos_5d_mkii_b	400.000000000000	0.0184137527000000
canon_eos_5d_mkii_b	410.000000000000	0.0880872372000000
canon_eos_5d_mkii_b	420.000000000000	0.324456777000000
canon_eos_5d_mkii_b	430.000000000000	0.473369646800000
canon_eos_5d_mkii_b	440.000000000000	0.595225413600000
canon_eos_5d_mkii_b	450.000000000000	0.719627943000000
canon_eos_5d_mkii_b	460.000000000000	0.724791387500001
canon_eos_5d_mkii_b	470.000000000000	0.765651266000000
canon_eos_5d_mkii_b	480.000000000000	0.736903637600000
canon_eos_5d_mkii_b	490.000000000000	0.562306347300000
canon_eos_5d_mkii_b	500.000000000000	0.441605573400000
canon_eos_5d_mkii_b	510.000000000000	0.256792587700000
canon_eos_5d_mkii_b	520.000000000000	0.196397328100000
canon_eos_5d_mkii_b	530.000000000000	0.0897441871999999
canon_eos_5d_mkii_b	540.000000000000	0.0511418120000000
canon_eos_5d_mkii_b	550.000000000000	0.0322256091000000
canon_eos_5d_mkii_b	560.000000000000	0.0210614803000000
canon_eos_5d_mkii_b	570.000000000000	0.0139621978000000
canon_eos_5d_mkii_b	580.000000000000	0.0114102512000000
canon_eos_5d_mkii_b	590.000000000000	0.00947383619999999
canon_eos_5d_mkii_b	600.000000000000	0.00711713510000001
canon_eos_5d_mkii_b	610.000000000000	0.00468523840000001
canon_eos_5d_mkii_b	620.000000000000	0.00383266840000000
canon_eos_5d_mkii_b	630.000000000000	0.00328474160000000
canon_eos_5d_mkii_b	640.000000000000	0.00356066850000000
canon_eos_5d_mkii_b	650.000000000000	0.00264510650000000
canon_eos_5d_mkii_b	660.000000000000	0.00252735980000000
canon_eos_5d_mkii_b	670.000000000000	0.00227793090000000
canon_eos_5d_mkii_b	680.000000000000	0.00145651880000000
canon_eos_5d_mkii_b	690.000000000000	0.000473399100000000
canon_eos_5d_mkii_b	700.000000000000	0.000166156900000000
canon_eos_5d_mkii_b	710.000000000000	0.000127518800000000
canon_eos_5d_mkii_b	720.000000000000	0.000890656300000000
canon_eos_5d_mkii_b	831.000000000000	0.000890656300000000
canon_eos_5d_mkiii_r	359.000000000000	0.00111921650000000
canon_eos_5d_mkiii_r	380.000000000000	0.00111921650000000
canon_eos_5d_mkiii_r	390.000000000000	0.000692067200000000
canon_eos_5d_mkiii_r	400.000000000000	0.00160350320000000
canon_eos_5d_mkiii_r	410.000000000000	0.00490411669999999
canon_eos_5d_mkiii_r	420.000000000000	0.0124175178000000
canon_eos_5d_mkiii_r	430.000000000000	0.00706746760000000
canon_eos_5d_mkiii_r	440.000000000000	0.00399860250000001
canon_eos_5d_mkiii_r	450.000000000000	0.00299844590000000
canon_eos_5d_mkiii_r	460.000000000000	0.00455858140000000
canon_eos_5d_mkiii_r	470.000000000000	0.00902984460000000
canon_eos_5d_mkiii_r	480.000000000000	0.0162478779000000
canon_eos_5d_mkiii_r	490.000000000000	0.0233784260000000
canon_eos_5d_mkiii_r	500.000000000000	0.0339732467000000
canon_eos_5d_mkiii_r	510.000000000000	0.0446654680000000
canon_eos_5d_mkiii_r	520.000000000000	0.0773729958000000
canon_eos_5d_mkiii_r	530.000000000000	0.0751166266000000
canon_eos_5d_mkiii_r	540.000000000000	0.0940746893000000
canon_eos_5d_mkiii_r	550.000000000000	0.150728257900000
canon_eos_5d_mkiii_r	560.000000000000	0.207021016100000
canon_eos_5d_mkiii_r	570.000000000000	0.280342796700000
canon_eos_5d_mkiii_r	580.000000000000	0.436588955800000
canon_eos_5d_mkiii_r	590.000000000000	0.517325620800000
canon_eos_5d_mkiii_r	600.000000000000	0.503704497300000
canon_eos_5d_mkiii_r	610.000000000000	0.461842442800000
canon_eos_5d_mkiii_r	620.000000000000	0.419030251300000
canon_eos_5d_mkiii_r	630.000000000000	0.327092313600000
canon_eos_5d_mkiii_r	640.000000000000	0.274810376900000
canon_eos_5d_mkiii_r	650.000000000000	0.195933633200000
canon_eos_5d_mkiii_r	660.000000000000	0.144224314300000
canon_eos_5d_mkiii_r	670.000000000000	0.102827831900000
canon_eos_5d_mkiii_r	680.000000000000	0.0373591566000000
canon_eos_5d_mkiii_r	690.000000000000	0.00826628309999998
canon_eos_5d_mkiii_r	700.000000000000	0.00185951460000000
canon_eos_5d_mkiii_r	710.000000000000	0.00125919130000000
canon_eos_5d_mkiii_r	720.000000000000	0.000687810000000000
canon_eos_5d_mkiii_r	831.000000000000	0.000687810000000000
canon_eos_5d_mkiii_g	359.000000000000	0.00139084129999999
canon_eos_5d_mkiii_g	380.000000000000	0.00139084129999999
canon_eos_5d_mkiii_g	390.000000000000	0.000885647699999994
canon_eos_5d_mkiii_g	400.000000000000	0.00196297810000000
canon_eos_5d_mkiii_g	410.000000000000	0.00866568810000001
canon_eos_5d_mkiii_g	420.000000000000	0.0346626353000000
canon_eos_5d_mkiii_g	430.000000000000	0.0386915648000000
canon_eos_5d_mkiii_g	440.000000000000	0.0640718295000000
canon_eos_5d_mkiii_g	450.000000000000	0.0771125199000000
canon_eos_5d_mkiii_g	460.000000000000	0.106589170500000
canon_eos_5d_mkiii_g	470.000000000000	0.293717028800000
canon_eos_5d_mkiii_g	480.000000000000	0.491451665100000
canon_eos_5d_mkiii_g	490.000000000000	0.623091024500000
canon_eos_5d_mkiii_g	500.000000000000	0.735801947300000
canon_eos_5d_mkiii_g	510.000000000000	0.922520268968110
canon_eos_5d_mkiii_g	520.000000000000	1.00000000000000
canon_eos_5d_mkiii_g	530.000000000000	0.838626145500000
canon_eos_5d_mkiii_g	540.000000000000	0.787356872000000
canon_eos_5d_mkiii_g	550.000000000000	0.758939958600000
canon_eos_5d_mkiii_g	560.000000000000	0.729537735800000
canon_eos_5d_mkiii_g	570.000000000000	0.601390552600000
canon_eos_5d_mkiii_g	580.000000000000	0.509679409700000
canon_eos_5d_mkiii_g	590.000000000000	0.382905679900000
canon_eos_5d_mkiii_g	600.000000000000	0.247587942700000
canon_eos_5d_mkiii_g	610.000000000000	0.144041650800000
canon_eos_5d_mkiii_g	620.000000000000	0.0777421801000000
canon_eos_5d_mkiii_g	630.000000000000	0.0489430694000000
canon_eos_5d_mkiii_g	640.000000000000	0.0340656320000000
canon_eos_5d_mkiii_g	650.000000000000	0.0216950993000000
canon_eos_5d_mkiii_g	660.000000000000	0.0165726957000000
canon_eos_5d_mkiii_g	670.000000000000	0.0144695842000000
canon_eos_5d_mkiii_g	680.000000000000	0.00721501240000000
canon_eos_5d_mkiii_g	690.000000000000	0.00223496900000000
canon_eos_5d_mkiii_g	700.000000000000	0.000805362300000001
canon_eos_5d_mkiii_g	710.000000000000	0.000588738300000000
canon_eos_5d_mkiii_g	720.000000000000	0.000687810000000000
canon_eos_5d_mkiii_g	831.000000000000	0.000687810000000000
canon_eos_5d_mkiii_b	359.000000000000	0.000801981799999740
canon_eos_5d_mkiii_b	380.000000000000	0.000801981799999740
canon_eos_5d_mkiii_b	390.000000000000	0.00119836559999998
canon_eos_5d_mkiii_b	400.000000000000	0.0116131934000000
canon_eos_5d_mkiii_b	410.000000000000	0.0800315210000000
canon_eos_5d_mkiii_b	420.000000000000	0.360045899300000
canon_eos_5d_mkiii_b	430.000000000000	0.458211464200000
canon_eos_5d_mkiii_b	440.000000000000	0.563818220800000
canon_eos_5d_mkiii_b	450.000000000000	0.636078194400000
canon_eos_5d_mkiii_b	460.000000000000	0.646506166600000
canon_eos_5d_mkiii_b	470.000000000000	0.702716859200000
canon_eos_5d_mkiii_b	480.000000000000	0.687447242800000
canon_eos_5d_mkiii_b	490.000000000000	0.578831814800001
canon_eos_5d_mkiii_b	500.000000000000	0.474921207500000
canon_eos_5d_mkiii_b	510.000000000000	0.296770794800000
canon_eos_5d_mkiii_b	520.000000000000	0.257500695200000
canon_eos_5d_mkiii_b	530.000000000000	0.140892438900000
canon_eos_5d_mkiii_b	540.000000000000	0.0963146784000000
canon_eos_5d_mkiii_b	550.000000000000	0.0697363299000000
canon_eos_5d_mkiii_b	560.000000000000	0.0520085231000001
canon_eos_5d_mkiii_b	570.000000000000	0.0370575674000000
canon_eos_5d_mkiii_b	580.000000000000	0.0321393553000000
canon_eos_5d_mkiii_b	590.000000000000	0.0266136949000000
canon_eos_5d_mkiii_b	600.000000000000	0.0192605249000000
canon_eos_5d_mkiii_b	610.000000000000	0.0138906679000000
canon_eos_5d_mkiii_b	620.000000000000	0.0103543049000000
canon_eos_5d_mkiii_b	630.000000000000	0.00878945920000000
canon_eos_5d_mkiii_b	640.000000000000	0.00848887760000001
canon_eos_5d_mkiii_b	650.000000000000	0.00832101159999999
canon_eos_5d_mkiii_b	660.000000000000	0.00811973980000000
canon_eos_5d_mkiii_b	670.000000000000	0.00671976860000000
canon_eos_5d_mkiii_b	680.000000000000	0.00284614440000000
canon_eos_5d_mkiii_b	690.000000000000	0.000730954600000000
canon_eos_5d_mkiii_b	700.000000000000	0.000254818400000000
canon_eos_5d_mkiii_b	710.000000000000	0.000189147700000000
canon_eos_5d_mkiii_b	720.000000000000	0.000687810000000000
canon_eos_5d_mkiii_b	831.000000000000	0.000687810000000000
canon_eos_5d_mkiv_r	359.000000000000	0.00146885740000001
canon_eos_5d_mkiv_r	380.000000000000	0.00146885740000001
canon_eos_5d_mkiv_r	390.000000000000	0.000630199600000000
canon_eos_5d_mkiv_r	400.000000000000	0.000544649400000000
canon_eos_5d_mkiv_r	410.000000000000	0.00104749990000000
canon_eos_5d_mkiv_r	420.000000000000	0.00727195400000000
canon_eos_5d_mkiv_r	430.000000000000	0.00809680899999999
canon_eos_5d_mkiv_r	440.000000000000	0.00510656800000000
canon_eos_5d_mkiv_r	450.000000000000	0.00591985820000000
canon_eos_5d_mkiv_r	460.000000000000	0.00821329520000001
canon_eos_5d_mkiv_r	470.000000000000	0.0205321301000000
canon_eos_5d_mkiv_r	480.000000000000	0.0363928936000000
canon_eos_5d_mkiv_r	490.000000000000	0.0498220193000000
canon_eos_5d_mkiv_r	500.000000000000	0.0665623780000000
canon_eos_5d_mkiv_r	510.000000000000	0.0777868423000000
canon_eos_5d_mkiv_r	520.000000000000	0.125304919800000
canon_eos_5d_mkiv_r	530.000000000000	0.119255493800000
canon_eos_5d_mkiv_r	540.000000000000	0.140444060200000
canon_eos_5d_mkiv_r	550.000000000000	0.187344179700000
canon_eos_5d_mkiv_r	560.000000000000	0.240830371300000
canon_eos_5d_mkiv_r	570.000000000000	0.313843850000000
canon_eos_5d_mkiv_r	580.000000000000	0.465057682600000
canon_eos_5d_mkiv_r	590.000000000000	0.556566527600000
canon_eos_5d_mkiv_r	600.000000000000	0.524278344900001
canon_eos_5d_mkiv_r	610.000000000000	0.481627319200000
canon_eos_5d_mkiv_r	620.000000000000	0.430498441000000
canon_eos_5d_mkiv_r	630.000000000000	0.340709862800000
canon_eos_5d_mkiv_r	640.000000000000	0.276442422700000
canon_eos_5d_mkiv_r	650.000000000000	0.185495338000000
canon_eos_5d_mkiv_r	660.000000000000	0.137306797300000
canon_eos_5d_mkiv_r	670.000000000000	0.105864646200000
canon_eos_5d_mkiv_r	680.000000000000	0.0540223290000000
canon_eos_5d_mkiv_r	690.000000000000	0.0132556778000000
canon_eos_5d_mkiv_r	700.000000000000	0.00227299080000000
canon_eos_5d_mkiv_r	710.000000000000	0.00153815750000000
canon_eos_5d_mkiv_r	720.000000000000	0.000838734099999999
canon_eos_5d_mkiv_r	831.000000000000	0.000838734099999999
canon_eos_5d_mkiv_g	359.000000000000	0.00152375150000003
canon_eos_5d_mkiv_g	380.000000000000	0.00152375150000003
canon_eos_5d_mkiv_g	390.000000000000	0.000835867400000000
canon_eos_5d_mkiv_g	400.000000000000	0.000942149000000000
canon_eos_5d_mkiv_g	410.000000000000	0.00243569770000000
canon_eos_5d_mkiv_g	420.000000000000	0.0334375437000000
canon_eos_5d_mkiv_g	430.000000000000	0.0592967016000001
canon_eos_5d_mkiv_g	440.000000000000	0.0945044902000000
canon_eos_5d_mkiv_g	450.000000000000	0.120668174200000
canon_eos_5d_mkiv_g	460.000000000000	0.146393558700000
canon_eos_5d_mkiv_g	470.000000000000	0.376692546200000
canon_eos_5d_mkiv_g	480.000000000000	0.646984893900000
canon_eos_5d_mkiv_g	490.000000000000	0.773178106800000
canon_eos_5d_mkiv_g	500.000000000000	0.855879373400000
canon_eos_5d_mkiv_g	510.000000000000	0.981711672188413
canon_eos_5d_mkiv_g	520.000000000000	1.00000000000000
canon_eos_5d_mkiv_g	530.000000000000	0.814207320099999
canon_eos_5d_mkiv_g	540.000000000000	0.762098431100000
canon_eos_5d_mkiv_g	550.000000000000	0.714294296800000
canon_eos_5d_mkiv_g	560.000000000000	0.700950721800000
canon_eos_5d_mkiv_g	570.000000000000	0.580250070600000
canon_eos_5d_mkiv_g	580.000000000000	0.494146672200000
canon_eos_5d_mkiv_g	590.000000000000	0.386362429700000
canon_eos_5d_mkiv_g	600.000000000000	0.254014620200000
canon_eos_5d_mkiv_g	610.000000000000	0.153328550600000
canon_eos_5d_mkiv_g	620.000000000000	0.0875835290999999
canon_eos_5d_mkiv_g	630.000000000000	0.0570003203000000
canon_eos_5d_mkiv_g	640.000000000000	0.0403459877000000
canon_eos_5d_mkiv_g	650.000000000000	0.0248841564000000
canon_eos_5d_mkiv_g	660.000000000000	0.0193367194000000
canon_eos_5d_mkiv_g	670.000000000000	0.0178029735000000
canon_eos_5d_mkiv_g	680.000000000000	0.0118868004000000
canon_eos_5d_mkiv_g	690.000000000000	0.00386837990000000
canon_eos_5d_mkiv_g	700.000000000000	0.000988854300000001
canon_eos_5d_mkiv_g	710.000000000000	0.000712141600000000
canon_eos_5d_mkiv_g	720.000000000000	0.000838734099999999
canon_eos_5d_mkiv_g	831.000000000000	0.000838734099999999
canon_eos_5d_mkiv_b	359.000000000000	0.000880445800000018
canon_eos_5d_mkiv_b	380.000000000000	0.000880445800000018
canon_eos_5d_mkiv_b	390.000000000000	0.000663411300000027
canon_eos_5d_mkiv_b	400.000000000000	0.00221929329999999
canon_eos_5d_mkiv_b	410.000000000000	0.0145330800000000
canon_eos_5d_mkiv_b	420.000000000000	0.259129782700000
canon_eos_5d_mkiv_b	430.000000000000	0.517801498900000
canon_eos_5d_mkiv_b	440.000000000000	0.655794047800000
canon_eos_5d_mkiv_b	450.000000000000	0.768203695000000
canon_eos_5d_mkiv_b	460.000000000000	0.776049566300000
canon_eos_5d_mkiv_b	470.000000000000	0.843540658100000
canon_eos_5d_mkiv_b	480.000000000000	0.834363670000000
canon_eos_5d_mkiv_b	490.000000000000	0.670345799100000
canon_eos_5d_mkiv_b	500.000000000000	0.560409788000001
canon_eos_5d_mkiv_b	510.000000000000	0.360442692400000
canon_eos_5d_mkiv_b	520.000000000000	0.329792026600000
canon_eos_5d_mkiv_b	530.000000000000	0.193109801200000
canon_eos_5d_mkiv_b	540.000000000000	0.142855328500000
canon_eos_5d_mkiv_b	550.000000000000	0.109384239300000
canon_eos_5d_mkiv_b	560.000000000000	0.0892753343000000
canon_eos_5d_mkiv_b	570.000000000000	0.0682123813000000
canon_eos_5d_mkiv_b	580.000000000000	0.0607084952000000
canon_eos_5d_mkiv_b	590.000000000000	0.0518967631000000
canon_eos_5d_mkiv_b	600.000000000000	0.0380560985000000
canon_eos_5d_mkiv_b	610.000000000000	0.0278202998000000
canon_eos_5d_mkiv_b	620.000000000000	0.0211912864000000
canon_eos_5d_mkiv_b	630.000000000000	0.0175880218000000
canon_eos_5d_mkiv_b	640.000000000000	0.0163201764000000
canon_eos_5d_mkiv_b	650.000000000000	0.0130063672000000
canon_eos_5d_mkiv_b	660.000000000000	0.0128993070000000
canon_eos_5d_mkiv_b	670.000000000000	0.0117236252000000
canon_eos_5d_mkiv_b	680.000000000000	0.00675603790000000
canon_eos_5d_mkiv_b	690.000000000000	0.00186534969999999
canon_eos_5d_mkiv_b	700.000000000000	0.000434164100000001
canon_eos_5d_mkiv_b	710.000000000000	0.000312527400000000
canon_eos_5d_mkiv_b	720.000000000000	0.000838734099999999
canon_eos_5d_mkiv_b	831.000000000000	0.000838734099999999
canon_eos_5ds_r	359.000000000000	0.00346366220000001
canon_eos_5ds_r	380.000000000000	0.00346366220000001
canon_eos_5ds_r	390.000000000000	0.00122005670000000
canon_eos_5ds_r	400.000000000000	0.000893242200000001
canon_eos_5ds_r	410.000000000000	0.00220583220000000
canon_eos_5ds_r	420.000000000000	0.00731371100000000
canon_eos_5ds_r	430.000000000000	0.00722485800000000
canon_eos_5ds_r	440.000000000000	0.00414203440000000
canon_eos_5ds_r	450.000000000000	0.00485883160000000
canon_eos_5ds_r	460.000000000000	0.00595890360000000
canon_eos_5ds_r	470.000000000000	0.0139288586000000
canon_eos_5ds_r	480.000000000000	0.0240503828000000
canon_eos_5ds_r	490.000000000000	0.0337286483000000
canon_eos_5ds_r	500.000000000000	0.0462233718000000
canon_eos_5ds_r	510.000000000000	0.0562352667000000
canon_eos_5ds_r	520.000000000000	0.0927428610000001
canon_eos_5ds_r	530.000000000000	0.0901991045000000
canon_eos_5ds_r	540.000000000000	0.108315018200000
canon_eos_5ds_r	550.000000000000	0.152837907300000
canon_eos_5ds_r	560.000000000000	0.197366095200000
canon_eos_5ds_r	570.000000000000	0.265472806300000
canon_eos_5ds_r	580.000000000000	0.410260815400000
canon_eos_5ds_r	590.000000000000	0.475268455200000
canon_eos_5ds_r	600.000000000000	0.471241753800000
canon_eos_5ds_r	610.000000000000	0.459508180800000
canon_eos_5ds_r	620.000000000000	0.416805739900000
canon_eos_5ds_r	630.000000000000	0.321840365400000
canon_eos_5ds_r	640.000000000000	0.258660640100000
canon_eos_5ds_r	650.000000000000	0.175385305800000
canon_eos_5ds_r	660.000000000000	0.132107426900000
canon_eos_5ds_r	670.000000000000	0.102532979300000
canon_eos_5ds_r	680.000000000000	0.0726591554999999
canon_eos_5ds_r	690.000000000000	0.0250559124000000
canon_eos_5ds_r	700.000000000000	0.00408436089999998
canon_eos_5ds_r	710.000000000000	0.00273631600000000
canon_eos_5ds_r	720.000000000000	0.00145278020000000
canon_eos_5ds_r	831.000000000000	0.00145278020000000
canon_eos_5ds_g	359.000000000000	0.00243211180000003
canon_eos_5ds_g	380.000000000000	0.00243211180000003
canon_eos_5ds_g	390.000000000000	0.00116030530000000
canon_eos_5ds_g	400.000000000000	0.00145868130000000
canon_eos_5ds_g	410.000000000000	0.00584823910000000
canon_eos_5ds_g	420.000000000000	0.0337562464000000
canon_eos_5ds_g	430.000000000000	0.0560767456000000
canon_eos_5ds_g	440.000000000000	0.0846017859000000
canon_eos_5ds_g	450.000000000000	0.107706756000000
canon_eos_5ds_g	460.000000000000	0.129521029900000
canon_eos_5ds_g	470.000000000000	0.350538687200000
canon_eos_5ds_g	480.000000000000	0.624153265200000
canon_eos_5ds_g	490.000000000000	0.760511028900001
canon_eos_5ds_g	500.000000000000	0.852190279999999
canon_eos_5ds_g	510.000000000000	0.969558126674230
canon_eos_5ds_g	520.000000000000	1.00000000000000
canon_eos_5ds_g	530.000000000000	0.812382844900000
canon_eos_5ds_g	540.000000000000	0.747850669200000
canon_eos_5ds_g	550.000000000000	0.696473528200000
canon_eos_5ds_g	560.000000000000	0.660277208900000
canon_eos_5ds_g	570.000000000000	0.547641958400000
canon_eos_5ds_g	580.000000000000	0.464928293000000
canon_eos_5ds_g	590.000000000000	0.352183558300000
canon_eos_5ds_g	600.000000000000	0.229194962400000
canon_eos_5ds_g	610.000000000000	0.134097272000000
canon_eos_5ds_g	620.000000000000	0.0724154190000000
canon_eos_5ds_g	630.000000000000	0.0444653204000000
canon_eos_5ds_g	640.000000000000	0.0301942294000000
canon_eos_5ds_g	650.000000000000	0.0184560844000000
canon_eos_5ds_g	660.000000000000	0.0140774278000000
canon_eos_5ds_g	670.000000000000	0.0135733564000000
canon_eos_5ds_g	680.000000000000	0.0132438159000000
canon_eos_5ds_g	690.000000000000	0.00608698960000001
canon_eos_5ds_g	700.000000000000	0.00147009310000000
canon_eos_5ds_g	710.000000000000	0.00102939310000000
canon_eos_5ds_g	720.000000000000	0.00145278020000000
canon_eos_5ds_g	831.000000000000	0.00145278020000000
canon_eos_5ds_b	359.000000000000	0.00166331459999997
canon_eos_5ds_b	380.000000000000	0.00166331459999997
canon_eos_5ds_b	390.000000000000	0.00134009830000005
canon_eos_5ds_b	400.000000000000	0.00538304740000001
canon_eos_5ds_b	410.000000000000	0.0378460816000000
canon_eos_5ds_b	420.000000000000	0.253341987200000
canon_eos_5ds_b	430.000000000000	0.490001884500000
canon_eos_5ds_b	440.000000000000	0.581056269700000
canon_eos_5ds_b	450.000000000000	0.681836772800000
canon_eos_5ds_b	460.000000000000	0.676512646000000
canon_eos_5ds_b	470.000000000000	0.716554708800000
canon_eos_5ds_b	480.000000000000	0.694629867500000
canon_eos_5ds_b	490.000000000000	0.548496562900000
canon_eos_5ds_b	500.000000000000	0.449776182700000
canon_eos_5ds_b	510.000000000000	0.277405228800000
canon_eos_5ds_b	520.000000000000	0.240142886100000
canon_eos_5ds_b	530.000000000000	0.133183447700000
canon_eos_5ds_b	540.000000000000	0.0917139388999999
canon_eos_5ds_b	550.000000000000	0.0656916524000000
canon_eos_5ds_b	560.000000000000	0.0486051164000000
canon_eos_5ds_b	570.000000000000	0.0350804729000000
canon_eos_5ds_b	580.000000000000	0.0304999272000000
canon_eos_5ds_b	590.000000000000	0.0248086971000000
canon_eos_5ds_b	600.000000000000	0.0175429547000000
canon_eos_5ds_b	610.000000000000	0.0134199483000000
canon_eos_5ds_b	620.000000000000	0.0103191243000000
canon_eos_5ds_b	630.000000000000	0.00794602670000000
canon_eos_5ds_b	640.000000000000	0.00742238040000000
canon_eos_5ds_b	650.000000000000	0.00666504590000000
canon_eos_5ds_b	660.000000000000	0.00697044080000000
canon_eos_5ds_b	670.000000000000	0.00666457690000001
canon_eos_5ds_b	680.000000000000	0.00574408590000000
canon_eos_5ds_b	690.000000000000	0.00206531040000000
canon_eos_5ds_b	700.000000000000	0.000442548100000001
canon_eos_5ds_b	710.000000000000	0.000312541500000000
canon_eos_5ds_b	720.000000000000	0.00145278020000000
canon_eos_5ds_b	831.000000000000	0.00145278020000000
canon_eos_m_r	359.000000000000	0.00178250970000000
canon_eos_m_r	380.000000000000	0.00178250970000000
canon_eos_m_r	390.000000000000	0.00197537860000000
canon_eos_m_r	400.000000000000	0.00410010180000000
canon_eos_m_r	410.000000000000	0.00892981220000000
canon_eos_m_r	420.000000000000	0.0145668084000000
canon_eos_m_r	430.000000000000	0.00723769450000000
canon_eos_m_r	440.000000000000	0.00385520030000000
canon_eos_m_r	450.000000000000	0.00388612660000000
canon_eos_m_r	460.000000000000	0.00487778750000000
canon_eos_m_r	470.000000000000	0.0113303362000000
canon_eos_m_r	480.000000000000	0.0196484051000000
canon_eos_m_r	490.000000000000	0.0279541881000000
canon_eos_m_r	500.000000000000	0.0408079641000000
canon_eos_m_r	510.000000000000	0.0504261275000000
canon_eos_m_r	520.000000000000	0.0850752044000000
canon_eos_m_r	530.000000000000	0.0873563161000001
canon_eos_m_r	540.000000000000	0.106407979100000
canon_eos_m_r	550.000000000000	0.152941167200000
canon_eos_m_r	560.000000000000	0.206184110300000
canon_eos_m_r	570.000000000000	0.279012069000000
canon_eos_m_r	580.000000000000	0.418240866300000
canon_eos_m_r	590.000000000000	0.491589322700000
canon_eos_m_r	600.000000000000	0.500076264000000
canon_eos_m_r	610.000000000000	0.492202531500000
canon_eos_m_r	620.000000000000	0.449474440400000
canon_eos_m_r	630.000000000000	0.358791195200000
canon_eos_m_r	640.000000000000	0.306866758400000
canon_eos_m_r	650.000000000000	0.216430346400000
canon_eos_m_r	660.000000000000	0.172729367600000
canon_eos_m_r	670.000000000000	0.130028198200000
canon_eos_m_r	680.000000000000	0.0665893314000000
canon_eos_m_r	690.000000000000	0.0186669416000000
canon_eos_m_r	700.000000000000	0.00339873999999999
canon_eos_m_r	710.000000000000	0.00228120749999999
canon_eos_m_r	720.000000000000	0.00121722070000000
canon_eos_m_r	831.000000000000	0.00121722070000000
canon_eos_m_g	359.000000000000	0.00179055169999999
canon_eos_m_g	380.000000000000	0.00179055169999999
canon_eos_m_g	390.000000000000	0.00172542560000000
canon_eos_m_g	400.000000000000	0.00447256000000000
canon_eos_m_g	410.000000000000	0.0163867692000000
canon_eos_m_g	420.000000000000	0.0454068724000000
canon_eos_m_g	430.000000000000	0.0446193403000000
canon_eos_m_g	440.000000000000	0.0701816891999999
canon_eos_m_g	450.000000000000	0.0853457075000001
canon_eos_m_g	460.000000000000	0.111835999100000
canon_eos_m_g	470.000000000000	0.308384578600000
canon_eos_m_g	480.000000000000	0.521592776300000
canon_eos_m_g	490.000000000000	0.636967373800001
canon_eos_m_g	500.000000000000	0.774429383600000
canon_eos_m_g	510.000000000000	0.922121603345445
canon_eos_m_g	520.000000000000	1.00000000000000
canon_eos_m_g	530.000000000000	0.841162845500001
canon_eos_m_g	540.000000000000	0.795778366899999
canon_eos_m_g	550.000000000000	0.726083056700000
canon_eos_m_g	560.000000000000	0.723007100400000
canon_eos_m_g	570.000000000000	0.602477594600000
canon_eos_m_g	580.000000000000	0.489538713800000
canon_eos_m_g	590.000000000000	0.381810022200000
canon_eos_m_g	600.000000000000	0.250214582900000
canon_eos_m_g	610.000000000000	0.152102442300000
canon_eos_m_g	620.000000000000	0.0842245446999999
canon_eos_m_g	630.000000000000	0.0527334580000000
canon_eos_m_g	640.000000000000	0.0380428832000000
canon_eos_m_g	650.000000000000	0.0234449249000000
canon_eos_m_g	660.000000000000	0.0192651806000000
canon_eos_m_g	670.000000000000	0.0179976151000000
canon_eos_m_g	680.000000000000	0.0126678752000000
canon_eos_m_g	690.000000000000	0.00475846730000000
canon_eos_m_g	700.000000000000	0.00129709180000000
canon_eos_m_g	710.000000000000	0.000918325400000000
canon_eos_m_g	720.000000000000	0.00121722070000000
canon_eos_m_g	831.000000000000	0.00121722070000000
canon_eos_m_b	359.000000000000	0.00310267829999972
canon_eos_m_b	380.000000000000	0.00310267829999972
canon_eos_m_b	390.000000000000	0.00644190530000002
canon_eos_m_b	400.000000000000	0.0335041955000000
canon_eos_m_b	410.000000000000	0.160565937500000
canon_eos_m_b	420.000000000000	0.489694989500000
canon_eos_m_b	430.000000000000	0.555245599100001
canon_eos_m_b	440.000000000000	0.662532829500001
canon_eos_m_b	450.000000000000	0.736391794700000
canon_eos_m_b	460.000000000000	0.734358224100000
canon_eos_m_b	470.000000000000	0.772262044900000
canon_eos_m_b	480.000000000000	0.743787102100000
canon_eos_m_b	490.000000000000	0.596171109400000
canon_eos_m_b	500.000000000000	0.495133619400000
canon_eos_m_b	510.000000000000	0.294880192000000
canon_eos_m_b	520.000000000000	0.247326403500000
canon_eos_m_b	530.000000000000	0.137938044100000
canon_eos_m_b	540.000000000000	0.0939664224999999
canon_eos_m_b	550.000000000000	0.0663019286000000
canon_eos_m_b	560.000000000000	0.0494384066000000
canon_eos_m_b	570.000000000000	0.0348211953999999
canon_eos_m_b	580.000000000000	0.0290696388000000
canon_eos_m_b	590.000000000000	0.0242031445000000
canon_eos_m_b	600.000000000000	0.0179465031000000
canon_eos_m_b	610.000000000000	0.0124551886000000
canon_eos_m_b	620.000000000000	0.0104453536000000
canon_eos_m_b	630.000000000000	0.00913972740000000
canon_eos_m_b	640.000000000000	0.00921642620000000
canon_eos_m_b	650.000000000000	0.00843217500000000
canon_eos_m_b	660.000000000000	0.00908327780000000
canon_eos_m_b	670.000000000000	0.00837873010000001
canon_eos_m_b	680.000000000000	0.00497382830000000
canon_eos_m_b	690.000000000000	0.00157613300000000
canon_eos_m_b	700.000000000000	0.000405066200000001
canon_eos_m_b	710.000000000000	0.000290417800000000
canon_eos_m_b	720.000000000000	0.00121722070000000
canon_eos_m_b	831.000000000000	0.00121722070000000
hasselblad_l1d_20c_r	359.000000000000	0.000516085000000006
hasselblad_l1d_20c_r	380.000000000000	0.000516085000000006
hasselblad_l1d_20c_r	390.000000000000	0.000474129000000002
hasselblad_l1d_20c_r	400.000000000000	0.00135425250000000
hasselblad_l1d_20c_r	410.000000000000	0.00265142840000000
hasselblad_l1d_20c_r	420.000000000000	0.0132280170000000
hasselblad_l1d_20c_r	430.000000000000	0.0212205430000000
hasselblad_l1d_20c_r	440.000000000000	0.0164896855000000
hasselblad_l1d_20c_r	450.000000000000	0.0147661584000000
hasselblad_l1d_20c_r	460.000000000000	0.0130249317000000
hasselblad_l1d_20c_r	470.000000000000	0.0188131517000000
hasselblad_l1d_20c_r	480.000000000000	0.0248349798000000
hasselblad_l1d_20c_r	490.000000000000	0.0245941919000000
hasselblad_l1d_20c_r	500.000000000000	0.0274340595000000
hasselblad_l1d_20c_r	510.000000000000	0.0315904684000000
hasselblad_l1d_20c_r	520.000000000000	0.0642708291000000
hasselblad_l1d_20c_r	530.000000000000	0.0602158972000000
hasselblad_l1d_20c_r	540.000000000000	0.0438601517000000
hasselblad_l1d_20c_r	550.000000000000	0.0288342858000000
hasselblad_l1d_20c_r	560.000000000000	0.0282819005000000
hasselblad_l1d_20c_r	570.000000000000	0.0633837409000001
hasselblad_l1d_20c_r	580.000000000000	0.244764072500000
hasselblad_l1d_20c_r	590.000000000000	0.526753375200000
hasselblad_l1d_20c_r	600.000000000000	0.512277840000000
hasselblad_l1d_20c_r	610.000000000000	0.453611609500000
hasselblad_l1d_20c_r	620.000000000000	0.375326093400000
hasselblad_l1d_20c_r	630.000000000000	0.280267913600000
hasselblad_l1d_20c_r	640.000000000000	0.217531099900000
hasselblad_l1d_20c_r	650.000000000000	0.141407607600000
hasselblad_l1d_20c_r	660.000000000000	0.0925437429000002
hasselblad_l1d_20c_r	670.000000000000	0.0661827857000000
hasselblad_l1d_20c_r	680.000000000000	0.0417436710000001
hasselblad_l1d_20c_r	690.000000000000	0.0253452120000000
hasselblad_l1d_20c_r	700.000000000000	0.00432774839999999
hasselblad_l1d_20c_r	710.000000000000	0.00284794600000000
hasselblad_l1d_20c_r	720.000000000000	0.00143813680000000
hasselblad_l1d_20c_r	831.000000000000	0.00143813680000000
hasselblad_l1d_20c_g	359.000000000000	0.00126165480000001
hasselblad_l1d_20c_g	380.000000000000	0.00126165480000001
hasselblad_l1d_20c_g	390.000000000000	0.000869998999999998
hasselblad_l1d_20c_g	400.000000000000	0.00162045610000000
hasselblad_l1d_20c_g	410.000000000000	0.00276133640000000
hasselblad_l1d_20c_g	420.000000000000	0.0137071322000000
hasselblad_l1d_20c_g	430.000000000000	0.0213957252000000
hasselblad_l1d_20c_g	440.000000000000	0.0315289263000000
hasselblad_l1d_20c_g	450.000000000000	0.0368097699000000
hasselblad_l1d_20c_g	460.000000000000	0.0438997379000000
hasselblad_l1d_20c_g	470.000000000000	0.215977155300000
hasselblad_l1d_20c_g	480.000000000000	0.546066200500000
hasselblad_l1d_20c_g	490.000000000000	0.747642149500000
hasselblad_l1d_20c_g	500.000000000000	0.840864356000000
hasselblad_l1d_20c_g	510.000000000000	0.983017062111120
hasselblad_l1d_20c_g	520.000000000000	1.00000000000000
hasselblad_l1d_20c_g	530.000000000000	0.818266058400000
hasselblad_l1d_20c_g	540.000000000000	0.764022959600000
hasselblad_l1d_20c_g	550.000000000000	0.718190009600000
hasselblad_l1d_20c_g	560.000000000000	0.688561427600000
hasselblad_l1d_20c_g	570.000000000000	0.563784278600000
hasselblad_l1d_20c_g	580.000000000000	0.502239551900001
hasselblad_l1d_20c_g	590.000000000000	0.413590425500000
hasselblad_l1d_20c_g	600.000000000000	0.288310519700000
hasselblad_l1d_20c_g	610.000000000000	0.189645554400000
hasselblad_l1d_20c_g	620.000000000000	0.112954052300000
hasselblad_l1d_20c_g	630.000000000000	0.0703244873000000
hasselblad_l1d_20c_g	640.000000000000	0.0467483913000000
hasselblad_l1d_20c_g	650.000000000000	0.0267825657000000
hasselblad_l1d_20c_g	660.000000000000	0.0175291649000000
hasselblad_l1d_20c_g	670.000000000000	0.0147242350000000
hasselblad_l1d_20c_g	680.000000000000	0.0126159159000000
hasselblad_l1d_20c_g	690.000000000000	0.0100252050000000
hasselblad_l1d_20c_g	700.000000000000	0.00216425700000000
hasselblad_l1d_20c_g	710.000000000000	0.00147481110000000
hasselblad_l1d_20c_g	720.000000000000	0.00143813680000000
hasselblad_l1d_20c_g	831.000000000000	0.00143813680000000
hasselblad_l1d_20c_b	359.000000000000	0.000613265600000024
hasselblad_l1d_20c_b	380.000000000000	0.000613265600000024
hasselblad_l1d_20c_b	390.000000000000	0.000973202000000024
hasselblad_l1d_20c_b	400.000000000000	0.00774582810000000
hasselblad_l1d_20c_b	410.000000000000	0.0241256687000000
hasselblad_l1d_20c_b	420.000000000000	0.194496523600000
hasselblad_l1d_20c_b	430.000000000000	0.448634931100000
hasselblad_l1d_20c_b	440.000000000000	0.525890744800001
hasselblad_l1d_20c_b	450.000000000000	0.638001423100000
hasselblad_l1d_20c_b	460.000000000000	0.658866782099999
hasselblad_l1d_20c_b	470.000000000000	0.705096432900000
hasselblad_l1d_20c_b	480.000000000000	0.698830250800000
hasselblad_l1d_20c_b	490.000000000000	0.550958998300000
hasselblad_l1d_20c_b	500.000000000000	0.449070749900000
hasselblad_l1d_20c_b	510.000000000000	0.271757456600000
hasselblad_l1d_20c_b	520.000000000000	0.236360452900000
hasselblad_l1d_20c_b	530.000000000000	0.136113822000000
hasselblad_l1d_20c_b	540.000000000000	0.0954297995000000
hasselblad_l1d_20c_b	550.000000000000	0.0638532054000000
hasselblad_l1d_20c_b	560.000000000000	0.0434201516000000
hasselblad_l1d_20c_b	570.000000000000	0.0274194769000000
hasselblad_l1d_20c_b	580.000000000000	0.0229019755000000
hasselblad_l1d_20c_b	590.000000000000	0.0199589745000000
hasselblad_l1d_20c_b	600.000000000000	0.0151225387000000
hasselblad_l1d_20c_b	610.000000000000	0.0122479575000000
hasselblad_l1d_20c_b	620.000000000000	0.0100647549000000
hasselblad_l1d_20c_b	630.000000000000	0.00885140680000000
hasselblad_l1d_20c_b	640.000000000000	0.00864227460000001
hasselblad_l1d_20c_b	650.000000000000	0.00766023730000001
hasselblad_l1d_20c_b	660.000000000000	0.00684946480000000
hasselblad_l1d_20c_b	670.000000000000	0.00610748280000000
hasselblad_l1d_20c_b	680.000000000000	0.00469432519999999
hasselblad_l1d_20c_b	690.000000000000	0.00334919550000000
hasselblad_l1d_20c_b	700.000000000000	0.000678361699999999
hasselblad_l1d_20c_b	710.000000000000	0.000464019700000002
hasselblad_l1d_20c_b	720.000000000000	0.00143813680000000
hasselblad_l1d_20c_b	831.000000000000	0.00143813680000000
nikon_d810_r	359.000000000000	0.000573185199999993
nikon_d810_r	380.000000000000	0.000573185199999993
nikon_d810_r	390.000000000000	0.000420249500000004
nikon_d810_r	400.000000000000	0.000656988400000000
nikon_d810_r	410.000000000000	0.00312434170000000
nikon_d810_r	420.000000000000	0.0347855998000000
nikon_d810_r	430.000000000000	0.0467667353000000
nikon_d810_r	440.000000000000	0.0403973432000000
nikon_d810_r	450.000000000000	0.0361560713000000
nikon_d810_r	460.000000000000	0.0320933582000000
nikon_d810_r	470.000000000000	0.0427907574000000
nikon_d810_r	480.000000000000	0.0504453006000000
nikon_d810_r	490.000000000000	0.0437726063000000
nikon_d810_r	500.000000000000	0.0476413615000000
nikon_d810_r	510.000000000000	0.0540035858000000
nikon_d810_r	520.000000000000	0.111103843300000
nikon_d810_r	530.000000000000	0.100463955100000
nikon_d810_r	540.000000000000	0.0708938493999999
nikon_d810_r	550.000000000000	0.0415326074000000
nikon_d810_r	560.000000000000	0.0382842693000000
nikon_d810_r	570.000000000000	0.0923322489000000
nikon_d810_r	580.000000000000	0.350952060400000
nikon_d810_r	590.000000000000	0.655264458000000
nikon_d810_r	600.000000000000	0.619800174700000
nikon_d810_r	610.000000000000	0.554881999199999
nikon_d810_r	620.000000000000	0.479985306600000
nikon_d810_r	630.000000000000	0.373524271200000
nikon_d810_r	640.000000000000	0.293520354900000
nikon_d810_r	650.000000000000	0.193390499100000
nikon_d810_r	660.000000000000	0.137550792400000
nikon_d810_r	670.000000000000	0.0780868439000000
nikon_d810_r	680.000000000000	0.0221807210000000
nikon_d810_r	690.000000000000	0.00593417470000000
nikon_d810_r	700.000000000000	0.00172307490000000
nikon_d810_r	710.000000000000	0.00121526230000000
nikon_d810_r	720.000000000000	0.000732722599999999
nikon_d810_r	831.000000000000	0.000732722599999999
nikon_d810_g	359.000000000000	0.00116088449999995
nikon_d810_g	380.000000000000	0.00116088449999995
nikon_d810_g	390.000000000000	0.000725705500000000
nikon_d810_g	400.000000000000	0.000918347200000000
nikon_d810_g	410.000000000000	0.00406119299999998
nikon_d810_g	420.000000000000	0.0547175858000000
nikon_d810_g	430.000000000000	0.0989588863000001
nikon_d810_g	440.000000000000	0.133229693000000
nikon_d810_g	450.000000000000	0.165125650300000
nikon_d810_g	460.000000000000	0.212058856700000
nikon_d810_g	470.000000000000	0.359114108300000
nikon_d810_g	480.000000000000	0.458321817900000
nikon_d810_g	490.000000000000	0.470098642800000
nikon_d810_g	500.000000000000	0.582430362700000
nikon_d810_g	510.000000000000	0.842374135312978
nikon_d810_g	520.000000000000	1.00000000000000
nikon_d810_g	530.000000000000	0.859335285200000
nikon_d810_g	540.000000000000	0.808747600400000
nikon_d810_g	550.000000000000	0.748826464500000
nikon_d810_g	560.000000000000	0.700974108600000
nikon_d810_g	570.000000000000	0.543387495300000
nikon_d810_g	580.000000000000	0.421514414700000
nikon_d810_g	590.000000000000	0.302504799900000
nikon_d810_g	600.000000000000	0.181644098300000
nikon_d810_g	610.000000000000	0.105819811900000
nikon_d810_g	620.000000000000	0.0611571649000000
nikon_d810_g	630.000000000000	0.0413253026000001
nikon_d810_g	640.000000000000	0.0291001260000000
nikon_d810_g	650.000000000000	0.0186624196000000
nikon_d810_g	660.000000000000	0.0146587023000000
nikon_d810_g	670.000000000000	0.0105267948000000
nikon_d810_g	680.000000000000	0.00424020940000000
nikon_d810_g	690.000000000000	0.00163548020000000
nikon_d810_g	700.000000000000	0.000756317200000000
nikon_d810_g	710.000000000000	0.000570280499999999
nikon_d810_g	720.000000000000	0.000732722599999999
nikon_d810_g	831.000000000000	0.000732722599999999
nikon_d810_b	359.000000000000	0.000406957199999947
nikon_d810_b	380.000000000000	0.000406957199999947
nikon_d810_b	390.000000000000	0.000451128499999967
nikon_d810_b	400.000000000000	0.00193427570000001
nikon_d810_b	410.000000000000	0.0226348816000000
nikon_d810_b	420.000000000000	0.333713932600000
nikon_d810_b	430.000000000000	0.595811270400000
nikon_d810_b	440.000000000000	0.732986543900000
nikon_d810_b	450.000000000000	0.854320248700000
nikon_d810_b	460.000000000000	0.865443140899999
nikon_d810_b	470.000000000000	0.915265511200001
nikon_d810_b	480.000000000000	0.907219206500000
nikon_d810_b	490.000000000000	0.688882067000000
nikon_d810_b	500.000000000000	0.535819390000000
nikon_d810_b	510.000000000000	0.310056607300000
nikon_d810_b	520.000000000000	0.263380359000000
nikon_d810_b	530.000000000000	0.144277582100000
nikon_d810_b	540.000000000000	0.0947368258000000
nikon_d810_b	550.000000000000	0.0590846403000000
nikon_d810_b	560.000000000000	0.0366451792000000
nikon_d810_b	570.000000000000	0.0209606516000000
nikon_d810_b	580.000000000000	0.0151052645000000
nikon_d810_b	590.000000000000	0.0113660315000000
nikon_d810_b	600.000000000000	0.00788886509999999
nikon_d810_b	610.000000000000	0.00619909080000000
nikon_d810_b	620.000000000000	0.00586277080000000
nikon_d810_b	630.000000000000	0.00616477780000000
nikon_d810_b	640.000000000000	0.00623809429999999
nikon_d810_b	650.000000000000	0.00642107280000000
nikon_d810_b	660.000000000000	0.00636869190000000
nikon_d810_b	670.000000000000	0.00422429080000000
nikon_d810_b	680.000000000000	0.00155603320000000
nikon_d810_b	690.000000000000	0.000503712600000000
nikon_d810_b	700.000000000000	0.000243180500000000
nikon_d810_b	710.000000000000	0.000187495500000000
nikon_d810_b	720.000000000000	0.000732722599999999
nikon_d810_b	831.000000000000	0.000732722599999999
nikon_d850_r	359.000000000000	0.00132404640000000
nikon_d850_r	380.000000000000	0.00132404640000000
nikon_d850_r	390.000000000000	0.00166480230000000
nikon_d850_r	400.000000000000	0.00187890100000000
nikon_d850_r	410.000000000000	0.00163086190000000
nikon_d850_r	420.000000000000	0.00565715810000001
nikon_d850_r	430.000000000000	0.00839313349999999
nikon_d850_r	440.000000000000	0.00422751890000000
nikon_d850_r	450.000000000000	0.00286485150000000
nikon_d850_r	460.000000000000	0.00256923200000000
nikon_d850_r	470.000000000000	0.00516240350000000
nikon_d850_r	480.000000000000	0.00817354520000000
nikon_d850_r	490.000000000000	0.0103040272000000
nikon_d850_r	500.000000000000	0.0138833610000000
nikon_d850_r	510.000000000000	0.0179531022000000
nikon_d850_r	520.000000000000	0.0354282124000000
nikon_d850_r	530.000000000000	0.0330221994000000
nikon_d850_r	540.000000000000	0.0311886776000000
nikon_d850_r	550.000000000000	0.0319013610000000
nikon_d850_r	560.000000000000	0.0390879284000000
nikon_d850_r	570.000000000000	0.105125439000000
nikon_d850_r	580.000000000000	0.379336681600000
nikon_d850_r	590.000000000000	0.675574044600000
nikon_d850_r	600.000000000000	0.646690997300000
nikon_d850_r	610.000000000000	0.584899713900000
nikon_d850_r	620.000000000000	0.514731116600000
nikon_d850_r	630.000000000000	0.394011173100001
nikon_d850_r	640.000000000000	0.328468822500000
nikon_d850_r	650.000000000000	0.214063699100000
nikon_d850_r	660.000000000000	0.161474529000000
nikon_d850_r	670.000000000000	0.116392191300000
nikon_d850_r	680.000000000000	0.0360276894000000
nikon_d850_r	690.000000000000	0.00794947950000000
nikon_d850_r	700.000000000000	0.00323466260000000
nikon_d850_r	710.000000000000	0.00235374730000000
nikon_d850_r	720.000000000000	0.00151796750000000
nikon_d850_r	831.000000000000	0.00151796750000000
nikon_d850_g	359.000000000000	0.00123356910000000
nikon_d850_g	380.000000000000	0.00123356910000000
nikon_d850_g	390.000000000000	0.000932167000000000
nikon_d850_g	400.000000000000	0.00100961770000000
nikon_d850_g	410.000000000000	0.000897146000000000
nikon_d850_g	420.000000000000	0.00459081580000000
nikon_d850_g	430.000000000000	0.00922973930000000
nikon_d850_g	440.000000000000	0.0169910126000000
nikon_d850_g	450.000000000000	0.0208105171000000
nikon_d850_g	460.000000000000	0.0255097738999999
nikon_d850_g	470.000000000000	0.156179594800000
nikon_d850_g	480.000000000000	0.421466334200000
nikon_d850_g	490.000000000000	0.600582391700000
nikon_d850_g	500.000000000000	0.735532568899999
nikon_d850_g	510.000000000000	0.904916556494203
nikon_d850_g	520.000000000000	1.00000000000000
nikon_d850_g	530.000000000000	0.827569437700000
nikon_d850_g	540.000000000000	0.768430650700000
nikon_d850_g	550.000000000000	0.737256379600001
nikon_d850_g	560.000000000000	0.703231001700000
nikon_d850_g	570.000000000000	0.555365089500000
nikon_d850_g	580.000000000000	0.443408570100000
nikon_d850_g	590.000000000000	0.319245557200000
nikon_d850_g	600.000000000000	0.180470276200000
nikon_d850_g	610.000000000000	0.0884529407999999
nikon_d850_g	620.000000000000	0.0391254495000000
nikon_d850_g	630.000000000000	0.0210460028000000
nikon_d850_g	640.000000000000	0.0131673030000000
nikon_d850_g	650.000000000000	0.00740852200000000
nikon_d850_g	660.000000000000	0.00569960020000000
nikon_d850_g	670.000000000000	0.00547661210000000
nikon_d850_g	680.000000000000	0.00261130990000000
nikon_d850_g	690.000000000000	0.00102510300000000
nikon_d850_g	700.000000000000	0.000759266000000000
nikon_d850_g	710.000000000000	0.000586819700000000
nikon_d850_g	720.000000000000	0.00151796750000000
nikon_d850_g	831.000000000000	0.00151796750000000
nikon_d850_b	359.000000000000	0.00230639030000007
nikon_d850_b	380.000000000000	0.00230639030000007
nikon_d850_b	390.000000000000	0.00464970230000000
nikon_d850_b	400.000000000000	0.0113889884000000
nikon_d850_b	410.000000000000	0.0186500111000000
nikon_d850_b	420.000000000000	0.173800324800000
nikon_d850_b	430.000000000000	0.491892083200000
nikon_d850_b	440.000000000000	0.624890581000000
nikon_d850_b	450.000000000000	0.745966408500000
nikon_d850_b	460.000000000000	0.733487030300000
nikon_d850_b	470.000000000000	0.816499691000000
nikon_d850_b	480.000000000000	0.836137692100000
nikon_d850_b	490.000000000000	0.657176263400000
nikon_d850_b	500.000000000000	0.538469522900001
nikon_d850_b	510.000000000000	0.321903129400000
nikon_d850_b	520.000000000000	0.278352458500000
nikon_d850_b	530.000000000000	0.148652071900000
nikon_d850_b	540.000000000000	0.0916177732999999
nikon_d850_b	550.000000000000	0.0525835392000000
nikon_d850_b	560.000000000000	0.0309059909000000
nikon_d850_b	570.000000000000	0.0162071248000000
nikon_d850_b	580.000000000000	0.0109965803000000
nikon_d850_b	590.000000000000	0.00806431320000001
nikon_d850_b	600.000000000000	0.00492012180000000
nikon_d850_b	610.000000000000	0.00337785130000000
nikon_d850_b	620.000000000000	0.00312002800000000
nikon_d850_b	630.000000000000	0.00294815330000000
nikon_d850_b	640.000000000000	0.00376780860000000
nikon_d850_b	650.000000000000	0.00411007440000000
nikon_d850_b	660.000000000000	0.00462376320000000
nikon_d850_b	670.000000000000	0.00432603320000000
nikon_d850_b	680.000000000000	0.00163295030000000
nikon_d850_b	690.000000000000	0.000456708599999998
nikon_d850_b	700.000000000000	0.000284047200000000
nikon_d850_b	710.000000000000	0.000215190500000000
nikon_d850_b	720.000000000000	0.00151796750000000
nikon_d850_b	831.000000000000	0.00151796750000000
sony_ilce_6400_r	359.000000000000	0.000859785900000007
sony_ilce_6400_r	380.000000000000	0.000859785900000007
sony_ilce_6400_r	390.000000000000	0.000927841799999999
sony_ilce_6400_r	400.000000000000	0.0104231550000000
sony_ilce_6400_r	410.000000000000	0.0406591556000000
sony_ilce_6400_r	420.000000000000	0.0514257621000000
sony_ilce_6400_r	430.000000000000	0.0363858324000000
sony_ilce_6400_r	440.000000000000	0.0332077993000000
sony_ilce_6400_r	450.000000000000	0.0308281125000000
sony_ilce_6400_r	460.000000000000	0.0277294980000000
sony_ilce_6400_r	470.000000000000	0.0374220245000000
sony_ilce_6400_r	480.000000000000	0.0429110398000000
sony_ilce_6400_r	490.000000000000	0.0382068409000000
sony_ilce_6400_r	500.000000000000	0.0410655247000000
sony_ilce_6400_r	510.000000000000	0.0458305926000000
sony_ilce_6400_r	520.000000000000	0.0948419696000000
sony_ilce_6400_r	530.000000000000	0.0845312753000000
sony_ilce_6400_r	540.000000000000	0.0593797268000000
sony_ilce_6400_r	550.000000000000	0.0343556350000000
sony_ilce_6400_r	560.000000000000	0.0323031422000000
sony_ilce_6400_r	570.000000000000	0.0794117887000000
sony_ilce_6400_r	580.000000000000	0.305824706900000
sony_ilce_6400_r	590.000000000000	0.560897402200000
sony_ilce_6400_r	600.000000000000	0.513597288800000
sony_ilce_6400_r	610.000000000000	0.459106447500000
sony_ilce_6400_r	620.000000000000	0.389338326300000
sony_ilce_6400_r	630.000000000000	0.295051145400000
sony_ilce_6400_r	640.000000000000	0.229225217500000
sony_ilce_6400_r	650.000000000000	0.145196036200000
sony_ilce_6400_r	660.000000000000	0.106284661600000
sony_ilce_6400_r	670.000000000000	0.0755322718000000
sony_ilce_6400_r	680.000000000000	0.0204473396000000
sony_ilce_6400_r	690.000000000000	0.00332931489999999
sony_ilce_6400_r	700.000000000000	0.000870069200000002
sony_ilce_6400_r	710.000000000000	0.000598626399999998
sony_ilce_6400_r	720.000000000000	0.000340424199999999
sony_ilce_6400_r	831.000000000000	0.000340424199999999
sony_ilce_6400_g	359.000000000000	0.00156429729999993
sony_ilce_6400_g	380.000000000000	0.00156429729999993
sony_ilce_6400_g	390.000000000000	0.00127416310000000
sony_ilce_6400_g	400.000000000000	0.0137665757000000
sony_ilce_6400_g	410.000000000000	0.0625001112999999
sony_ilce_6400_g	420.000000000000	0.101108712500000
sony_ilce_6400_g	430.000000000000	0.104200184200000
sony_ilce_6400_g	440.000000000000	0.147051898800000
sony_ilce_6400_g	450.000000000000	0.192998332400000
sony_ilce_6400_g	460.000000000000	0.247526545400000
sony_ilce_6400_g	470.000000000000	0.403455883600000
sony_ilce_6400_g	480.000000000000	0.496035289600000
sony_ilce_6400_g	490.000000000000	0.533094954700000
sony_ilce_6400_g	500.000000000000	0.640489488400000
sony_ilce_6400_g	510.000000000000	0.870142760699428
sony_ilce_6400_g	520.000000000000	1.00000000000000
sony_ilce_6400_g	530.000000000000	0.858913867900000
sony_ilce_6400_g	540.000000000000	0.823676757400000
sony_ilce_6400_g	550.000000000000	0.786892851600000
sony_ilce_6400_g	560.000000000000	0.766491188400000
sony_ilce_6400_g	570.000000000000	0.634709753300000
sony_ilce_6400_g	580.000000000000	0.538928961700001
sony_ilce_6400_g	590.000000000000	0.430215972700000
sony_ilce_6400_g	600.000000000000	0.289751639600000
sony_ilce_6400_g	610.000000000000	0.183560038600000
sony_ilce_6400_g	620.000000000000	0.104335670800000
sony_ilce_6400_g	630.000000000000	0.0631778493000000
sony_ilce_6400_g	640.000000000000	0.0404562367000000
sony_ilce_6400_g	650.000000000000	0.0222947041000000
sony_ilce_6400_g	660.000000000000	0.0165638820000000
sony_ilce_6400_g	670.000000000000	0.0143914719000000
sony_ilce_6400_g	680.000000000000	0.00515324470000000
sony_ilce_6400_g	690.000000000000	0.00122224750000000
sony_ilce_6400_g	700.000000000000	0.000573890000000001
sony_ilce_6400_g	710.000000000000	0.000439715900000000
sony_ilce_6400_g	720.000000000000	0.000340424199999999
sony_ilce_6400_g	831.000000000000	0.000340424199999999
sony_ilce_6400_b	359.000000000000	0.00110459130000029
sony_ilce_6400_b	380.000000000000	0.00110459130000029
sony_ilce_6400_b	390.000000000000	0.00207326920000001
sony_ilce_6400_b	400.000000000000	0.0608274004999999
sony_ilce_6400_b	410.000000000000	0.289777963000000
sony_ilce_6400_b	420.000000000000	0.462456659100000
sony_ilce_6400_b	430.000000000000	0.456043364000000
sony_ilce_6400_b	440.000000000000	0.572427612100000
sony_ilce_6400_b	450.000000000000	0.684893825500001
sony_ilce_6400_b	460.000000000000	0.686441023700000
sony_ilce_6400_b	470.000000000000	0.740386718700001
sony_ilce_6400_b	480.000000000000	0.711414544400000
sony_ilce_6400_b	490.000000000000	0.558126628900000
sony_ilce_6400_b	500.000000000000	0.437570669800000
sony_ilce_6400_b	510.000000000000	0.259369363900000
sony_ilce_6400_b	520.000000000000	0.226567335100000
sony_ilce_6400_b	530.000000000000	0.126115747200000
sony_ilce_6400_b	540.000000000000	0.0846472619999999
sony_ilce_6400_b	550.000000000000	0.0520367324000000
sony_ilce_6400_b	560.000000000000	0.0320309754000000
sony_ilce_6400_b	570.000000000000	0.0177369914000000
sony_ilce_6400_b	580.000000000000	0.0121201359000000
sony_ilce_6400_b	590.000000000000	0.00902248730000000
sony_ilce_6400_b	600.000000000000	0.00587657810000000
sony_ilce_6400_b	610.000000000000	0.00445095030000000
sony_ilce_6400_b	620.000000000000	0.00401865160000001
sony_ilce_6400_b	630.000000000000	0.00402519510000000
sony_ilce_6400_b	640.000000000000	0.00456667920000000
sony_ilce_6400_b	650.000000000000	0.00469152990000000
sony_ilce_6400_b	660.000000000000	0.00516497750000000
sony_ilce_6400_b	670.000000000000	0.00451352790000000
sony_ilce_6400_b	680.000000000000	0.00140965440000000
sony_ilce_6400_b	690.000000000000	0.000292799100000000
sony_ilce_6400_b	700.000000000000	0.000155208600000000
sony_ilce_6400_b	710.000000000000	0.000122667300000000
sony_ilce_6400_b	720.000000000000	0.000340424199999999
sony_ilce_6400_b	831.000000000000	0.000340424199999999
sony_ilce_7m3_r	359.000000000000	0.000637588100000017
sony_ilce_7m3_r	380.000000000000	0.000637588100000017
sony_ilce_7m3_r	390.000000000000	0.000493771799999982
sony_ilce_7m3_r	400.000000000000	0.00474316679999999
sony_ilce_7m3_r	410.000000000000	0.0361461165000000
sony_ilce_7m3_r	420.000000000000	0.0591195635000000
sony_ilce_7m3_r	430.000000000000	0.0448257615000000
sony_ilce_7m3_r	440.000000000000	0.0395448770000000
sony_ilce_7m3_r	450.000000000000	0.0351375862000000
sony_ilce_7m3_r	460.000000000000	0.0323405844000000
sony_ilce_7m3_r	470.000000000000	0.0425257318000000
sony_ilce_7m3_r	480.000000000000	0.0479898912000000
sony_ilce_7m3_r	490.000000000000	0.0417958636000000
sony_ilce_7m3_r	500.000000000000	0.0446175918000000
sony_ilce_7m3_r	510.000000000000	0.0502375207000001
sony_ilce_7m3_r	520.000000000000	0.103713279100000
sony_ilce_7m3_r	530.000000000000	0.0925879265000000
sony_ilce_7m3_r	540.000000000000	0.0640446985000000
sony_ilce_7m3_r	550.000000000000	0.0378470784000000
sony_ilce_7m3_r	560.000000000000	0.0355254335000000
sony_ilce_7m3_r	570.000000000000	0.0821501841000000
sony_ilce_7m3_r	580.000000000000	0.306344746500000
sony_ilce_7m3_r	590.000000000000	0.546316089200001
sony_ilce_7m3_r	600.000000000000	0.512136024900000
sony_ilce_7m3_r	610.000000000000	0.455082333000000
sony_ilce_7m3_r	620.000000000000	0.383962825900000
sony_ilce_7m3_r	630.000000000000	0.287729638200000
sony_ilce_7m3_r	640.000000000000	0.220338842300000
sony_ilce_7m3_r	650.000000000000	0.142066007500000
sony_ilce_7m3_r	660.000000000000	0.0957618387999999
sony_ilce_7m3_r	670.000000000000	0.0678285129000000
sony_ilce_7m3_r	680.000000000000	0.0336371880000000
sony_ilce_7m3_r	690.000000000000	0.0110285197000000
sony_ilce_7m3_r	700.000000000000	0.00162613290000001
sony_ilce_7m3_r	710.000000000000	0.00110202130000000
sony_ilce_7m3_r	720.000000000000	0.000603191499999999
sony_ilce_7m3_r	831.000000000000	0.000603191499999999
sony_ilce_7m3_g	359.000000000000	0.00126806280000000
sony_ilce_7m3_g	380.000000000000	0.00126806280000000
sony_ilce_7m3_g	390.000000000000	0.000838339999999993
sony_ilce_7m3_g	400.000000000000	0.00562118230000000
sony_ilce_7m3_g	410.000000000000	0.0477605846000000
sony_ilce_7m3_g	420.000000000000	0.0958707570000000
sony_ilce_7m3_g	430.000000000000	0.103773071800000
sony_ilce_7m3_g	440.000000000000	0.141230380800000
sony_ilce_7m3_g	450.000000000000	0.174393237900000
sony_ilce_7m3_g	460.000000000000	0.225763178700000
sony_ilce_7m3_g	470.000000000000	0.377308161700000
sony_ilce_7m3_g	480.000000000000	0.459485575400000
sony_ilce_7m3_g	490.000000000000	0.480446056600000
sony_ilce_7m3_g	500.000000000000	0.595018407000000
sony_ilce_7m3_g	510.000000000000	0.841005095900229
sony_ilce_7m3_g	520.000000000000	1.00000000000000
sony_ilce_7m3_g	530.000000000000	0.864159759700000
sony_ilce_7m3_g	540.000000000000	0.813256733200000
sony_ilce_7m3_g	550.000000000000	0.764483067099999
sony_ilce_7m3_g	560.000000000000	0.725218293000000
sony_ilce_7m3_g	570.000000000000	0.556353664400000
sony_ilce_7m3_g	580.000000000000	0.437455618500000
sony_ilce_7m3_g	590.000000000000	0.316403665900000
sony_ilce_7m3_g	600.000000000000	0.191403341900000
sony_ilce_7m3_g	610.000000000000	0.113343902400000
sony_ilce_7m3_g	620.000000000000	0.0639844762000000
sony_ilce_7m3_g	630.000000000000	0.0412927935000000
sony_ilce_7m3_g	640.000000000000	0.0285048378000000
sony_ilce_7m3_g	650.000000000000	0.0178870730000000
sony_ilce_7m3_g	660.000000000000	0.0135050276000000
sony_ilce_7m3_g	670.000000000000	0.0117625067000000
sony_ilce_7m3_g	680.000000000000	0.00802534170000000
sony_ilce_7m3_g	690.000000000000	0.00352483080000000
sony_ilce_7m3_g	700.000000000000	0.000851141600000000
sony_ilce_7m3_g	710.000000000000	0.000618793900000000
sony_ilce_7m3_g	720.000000000000	0.000603191499999999
sony_ilce_7m3_g	831.000000000000	0.000603191499999999
sony_ilce_7m3_b	359.000000000000	0.000517507799999983
sony_ilce_7m3_b	380.000000000000	0.000517507799999983
sony_ilce_7m3_b	390.000000000000	0.000724331500000015
sony_ilce_7m3_b	400.000000000000	0.0250954969000000
sony_ilce_7m3_b	410.000000000000	0.237681072500000
sony_ilce_7m3_b	420.000000000000	0.475857605100000
sony_ilce_7m3_b	430.000000000000	0.497424738600000
sony_ilce_7m3_b	440.000000000000	0.606537490900000
sony_ilce_7m3_b	450.000000000000	0.698516996399999
sony_ilce_7m3_b	460.000000000000	0.708861522900001
sony_ilce_7m3_b	470.000000000000	0.765070716499999
sony_ilce_7m3_b	480.000000000000	0.738417625600000
sony_ilce_7m3_b	490.000000000000	0.569849956600000
sony_ilce_7m3_b	500.000000000000	0.448571874400000
sony_ilce_7m3_b	510.000000000000	0.266688081500000
sony_ilce_7m3_b	520.000000000000	0.236978411500000
sony_ilce_7m3_b	530.000000000000	0.133148800800000
sony_ilce_7m3_b	540.000000000000	0.0879539395000001
sony_ilce_7m3_b	550.000000000000	0.0546081101000000
sony_ilce_7m3_b	560.000000000000	0.0340936339000000
sony_ilce_7m3_b	570.000000000000	0.0182317080000000
sony_ilce_7m3_b	580.000000000000	0.0125338757000000
sony_ilce_7m3_b	590.000000000000	0.00928166130000001
sony_ilce_7m3_b	600.000000000000	0.00648161910000000
sony_ilce_7m3_b	610.000000000000	0.00477008320000000
sony_ilce_7m3_b	620.000000000000	0.00428350640000000
sony_ilce_7m3_b	630.000000000000	0.00464029860000000
sony_ilce_7m3_b	640.000000000000	0.00507932170000000
sony_ilce_7m3_b	650.000000000000	0.00519621849999999
sony_ilce_7m3_b	660.000000000000	0.00511805830000000
sony_ilce_7m3_b	670.000000000000	0.00445842810000000
sony_ilce_7m3_b	680.000000000000	0.00259668239999999
sony_ilce_7m3_b	690.000000000000	0.000968318500000000
sony_ilce_7m3_b	700.000000000000	0.000236148800000000
sony_ilce_7m3_b	710.000000000000	0.000176504400000000
sony_ilce_7m3_b	720.000000000000	0.000603191499999999
sony_ilce_7m3_b	831.000000000000	0.000603191499999999
sony_ilce_7rm3_r	359.000000000000	0.000713923699999997
sony_ilce_7rm3_r	380.000000000000	0.000713923699999997
sony_ilce_7rm3_r	390.000000000000	0.000458573600000000
sony_ilce_7rm3_r	400.000000000000	0.00153787920000000
sony_ilce_7rm3_r	410.000000000000	0.0222864641000000
sony_ilce_7rm3_r	420.000000000000	0.0515357831000000
sony_ilce_7rm3_r	430.000000000000	0.0370330002000000
sony_ilce_7rm3_r	440.000000000000	0.0330305599000000
sony_ilce_7rm3_r	450.000000000000	0.0292197111000000
sony_ilce_7rm3_r	460.000000000000	0.0255388159000000
sony_ilce_7rm3_r	470.000000000000	0.0345379939000000
sony_ilce_7rm3_r	480.000000000000	0.0395296581000000
sony_ilce_7rm3_r	490.000000000000	0.0339399141000000
sony_ilce_7rm3_r	500.000000000000	0.0390025845000000
sony_ilce_7rm3_r	510.000000000000	0.0444727324000000
sony_ilce_7rm3_r	520.000000000000	0.0935434215000000
sony_ilce_7rm3_r	530.000000000000	0.0858659136000000
sony_ilce_7rm3_r	540.000000000000	0.0610030428000000
sony_ilce_7rm3_r	550.000000000000	0.0355226851000000
sony_ilce_7rm3_r	560.000000000000	0.0330535669000001
sony_ilce_7rm3_r	570.000000000000	0.0763661579000000
sony_ilce_7rm3_r	580.000000000000	0.287819117300000
sony_ilce_7rm3_r	590.000000000000	0.540763210800000
sony_ilce_7rm3_r	600.000000000000	0.501237565299999
sony_ilce_7rm3_r	610.000000000000	0.443027510600001
sony_ilce_7rm3_r	620.000000000000	0.374624050700000
sony_ilce_7rm3_r	630.000000000000	0.280369728300000
sony_ilce_7rm3_r	640.000000000000	0.214947351300000
sony_ilce_7rm3_r	650.000000000000	0.135022582100000
sony_ilce_7rm3_r	660.000000000000	0.0946221165000000
sony_ilce_7rm3_r	670.000000000000	0.0658276703000000
sony_ilce_7rm3_r	680.000000000000	0.0375885470000000
sony_ilce_7rm3_r	690.000000000000	0.0120689469000000
sony_ilce_7rm3_r	700.000000000000	0.00230228279999999
sony_ilce_7rm3_r	710.000000000000	0.00154279300000000
sony_ilce_7rm3_r	720.000000000000	0.000819653799999999
sony_ilce_7rm3_r	831.000000000000	0.000819653799999999
sony_ilce_7rm3_g	359.000000000000	0.00132788690000000
sony_ilce_7rm3_g	380.000000000000	0.00132788690000000
sony_ilce_7rm3_g	390.000000000000	0.000824314999999998
sony_ilce_7rm3_g	400.000000000000	0.00222891820000000
sony_ilce_7rm3_g	410.000000000000	0.0354607095000000
sony_ilce_7rm3_g	420.000000000000	0.0961815144000000
sony_ilce_7rm3_g	430.000000000000	0.102530948900000
sony_ilce_7rm3_g	440.000000000000	0.140595140900000
sony_ilce_7rm3_g	450.000000000000	0.180182823000000
sony_ilce_7rm3_g	460.000000000000	0.228349103100000
sony_ilce_7rm3_g	470.000000000000	0.377660309600000
sony_ilce_7rm3_g	480.000000000000	0.460534570600000
sony_ilce_7rm3_g	490.000000000000	0.476663534300000
sony_ilce_7rm3_g	500.000000000000	0.601613188900001
sony_ilce_7rm3_g	510.000000000000	0.841434213625803
sony_ilce_7rm3_g	520.000000000000	1.00000000000000
sony_ilce_7rm3_g	530.000000000000	0.869162451600000
sony_ilce_7rm3_g	540.000000000000	0.827028477200000
sony_ilce_7rm3_g	550.000000000000	0.772145989999999
sony_ilce_7rm3_g	560.000000000000	0.728771445200000
sony_ilce_7rm3_g	570.000000000000	0.564526182500000
sony_ilce_7rm3_g	580.000000000000	0.440307669800000
sony_ilce_7rm3_g	590.000000000000	0.318735960300000
sony_ilce_7rm3_g	600.000000000000	0.193557315300000
sony_ilce_7rm3_g	610.000000000000	0.112747941800000
sony_ilce_7rm3_g	620.000000000000	0.0652739720999999
sony_ilce_7rm3_g	630.000000000000	0.0423895109000000
sony_ilce_7rm3_g	640.000000000000	0.0293717564000000
sony_ilce_7rm3_g	650.000000000000	0.0178780399000000
sony_ilce_7rm3_g	660.000000000000	0.0140346568000000
sony_ilce_7rm3_g	670.000000000000	0.0121449227000000
sony_ilce_7rm3_g	680.000000000000	0.00932852569999999
sony_ilce_7rm3_g	690.000000000000	0.00409070750000001
sony_ilce_7rm3_g	700.000000000000	0.00115431240000000
sony_ilce_7rm3_g	710.000000000000	0.000818068700000001
sony_ilce_7rm3_g	720.000000000000	0.000819653799999999
sony_ilce_7rm3_g	831.000000000000	0.000819653799999999
sony_ilce_7rm3_b	359.000000000000	0.000488850700000001
sony_ilce_7rm3_b	380.000000000000	0.000488850700000001
sony_ilce_7rm3_b	390.000000000000	0.000604331699999999
sony_ilce_7rm3_b	400.000000000000	0.00797307770000003
sony_ilce_7rm3_b	410.000000000000	0.172487310700000
sony_ilce_7rm3_b	420.000000000000	0.473506290500000
sony_ilce_7rm3_b	430.000000000000	0.493120583200000
sony_ilce_7rm3_b	440.000000000000	0.611402509800000
sony_ilce_7rm3_b	450.000000000000	0.732057000900000
sony_ilce_7rm3_b	460.000000000000	0.729456763599999
sony_ilce_7rm3_b	470.000000000000	0.776013601300001
sony_ilce_7rm3_b	480.000000000000	0.745359837000000
sony_ilce_7rm3_b	490.000000000000	0.563998411699999
sony_ilce_7rm3_b	500.000000000000	0.450912176400000
sony_ilce_7rm3_b	510.000000000000	0.259633403800000
sony_ilce_7rm3_b	520.000000000000	0.224434658900000
sony_ilce_7rm3_b	530.000000000000	0.124252395700000
sony_ilce_7rm3_b	540.000000000000	0.0826717677999999
sony_ilce_7rm3_b	550.000000000000	0.0512147987000000
sony_ilce_7rm3_b	560.000000000000	0.0316227740000000
sony_ilce_7rm3_b	570.000000000000	0.0177026936000000
sony_ilce_7rm3_b	580.000000000000	0.0119676086000000
sony_ilce_7rm3_b	590.000000000000	0.00902245070000000
sony_ilce_7rm3_b	600.000000000000	0.00598074880000000
sony_ilce_7rm3_b	610.000000000000	0.00452960070000000
sony_ilce_7rm3_b	620.000000000000	0.00392887619999999
sony_ilce_7rm3_b	630.000000000000	0.00398183780000000
sony_ilce_7rm3_b	640.000000000000	0.00452628070000000
sony_ilce_7rm3_b	650.000000000000	0.00437978600000000
sony_ilce_7rm3_b	660.000000000000	0.00469248750000000
sony_ilce_7rm3_b	670.000000000000	0.00405113370000000
sony_ilce_7rm3_b	680.000000000000	0.00281944560000000
sony_ilce_7rm3_b	690.000000000000	0.00106248490000000
sony_ilce_7rm3_b	700.000000000000	0.000303336300000000
sony_ilce_7rm3_b	710.000000000000	0.000220719200000000
sony_ilce_7rm3_b	720.000000000000	0.000819653799999999
sony_ilce_7rm3_b	831.000000000000	0.000819653799999999
sony_ilce_9_r	359.000000000000	0.000643893500000076
sony_ilce_9_r	380.000000000000	0.000643893500000076
sony_ilce_9_r	390.000000000000	0.000544798300000005
sony_ilce_9_r	400.000000000000	0.0229952698000000
sony_ilce_9_r	410.000000000000	0.0678595829000000
sony_ilce_9_r	420.000000000000	0.0679451975000000
sony_ilce_9_r	430.000000000000	0.0483549233000000
sony_ilce_9_r	440.000000000000	0.0423596274000000
sony_ilce_9_r	450.000000000000	0.0388178834000000
sony_ilce_9_r	460.000000000000	0.0346999043000000
sony_ilce_9_r	470.000000000000	0.0442857364000000
sony_ilce_9_r	480.000000000000	0.0502882603000000
sony_ilce_9_r	490.000000000000	0.0444433382000000
sony_ilce_9_r	500.000000000000	0.0482745950000000
sony_ilce_9_r	510.000000000000	0.0531864405000000
sony_ilce_9_r	520.000000000000	0.108897002500000
sony_ilce_9_r	530.000000000000	0.0978472605000001
sony_ilce_9_r	540.000000000000	0.0695349656000000
sony_ilce_9_r	550.000000000000	0.0404080688000000
sony_ilce_9_r	560.000000000000	0.0375589101000000
sony_ilce_9_r	570.000000000000	0.0847122852000000
sony_ilce_9_r	580.000000000000	0.302965281400000
sony_ilce_9_r	590.000000000000	0.565496105500000
sony_ilce_9_r	600.000000000000	0.536034888200000
sony_ilce_9_r	610.000000000000	0.450309686100000
sony_ilce_9_r	620.000000000000	0.382718963300000
sony_ilce_9_r	630.000000000000	0.285941821800000
sony_ilce_9_r	640.000000000000	0.218112196600000
sony_ilce_9_r	650.000000000000	0.139009293000000
sony_ilce_9_r	660.000000000000	0.0958645542999999
sony_ilce_9_r	670.000000000000	0.0666943921000000
sony_ilce_9_r	680.000000000000	0.0327624196000000
sony_ilce_9_r	690.000000000000	0.00758936780000001
sony_ilce_9_r	700.000000000000	0.00157001130000000
sony_ilce_9_r	710.000000000000	0.00107277530000000
sony_ilce_9_r	720.000000000000	0.000599668400000002
sony_ilce_9_r	831.000000000000	0.000599668400000002
sony_ilce_9_g	359.000000000000	0.00138840160000006
sony_ilce_9_g	380.000000000000	0.00138840160000006
sony_ilce_9_g	390.000000000000	0.000933711999999982
sony_ilce_9_g	400.000000000000	0.0241399656000000
sony_ilce_9_g	410.000000000000	0.0797727751999999
sony_ilce_9_g	420.000000000000	0.102377149200000
sony_ilce_9_g	430.000000000000	0.104338667900000
sony_ilce_9_g	440.000000000000	0.140108648400000
sony_ilce_9_g	450.000000000000	0.178065373100000
sony_ilce_9_g	460.000000000000	0.229686483500000
sony_ilce_9_g	470.000000000000	0.374648684800000
sony_ilce_9_g	480.000000000000	0.455151687900000
sony_ilce_9_g	490.000000000000	0.482355380100000
sony_ilce_9_g	500.000000000000	0.601851493400001
sony_ilce_9_g	510.000000000000	0.838531469191821
sony_ilce_9_g	520.000000000000	1.00000000000000
sony_ilce_9_g	530.000000000000	0.866820113200000
sony_ilce_9_g	540.000000000000	0.823136127500000
sony_ilce_9_g	550.000000000000	0.755529898700000
sony_ilce_9_g	560.000000000000	0.708963748300000
sony_ilce_9_g	570.000000000000	0.559426193899999
sony_ilce_9_g	580.000000000000	0.435725450500000
sony_ilce_9_g	590.000000000000	0.327683831800000
sony_ilce_9_g	600.000000000000	0.200779083300000
sony_ilce_9_g	610.000000000000	0.113479913300000
sony_ilce_9_g	620.000000000000	0.0661852344000001
sony_ilce_9_g	630.000000000000	0.0426994243000001
sony_ilce_9_g	640.000000000000	0.0294385321000000
sony_ilce_9_g	650.000000000000	0.0180652275000000
sony_ilce_9_g	660.000000000000	0.0138717550000000
sony_ilce_9_g	670.000000000000	0.0118520104000000
sony_ilce_9_g	680.000000000000	0.00797286260000000
sony_ilce_9_g	690.000000000000	0.00247126920000000
sony_ilce_9_g	700.000000000000	0.000848292199999999
sony_ilce_9_g	710.000000000000	0.000626444900000000
sony_ilce_9_g	720.000000000000	0.000599668400000002
sony_ilce_9_g	831.000000000000	0.000599668400000002
sony_ilce_9_b	359.000000000000	0.000606162099999863
sony_ilce_9_b	380.000000000000	0.000606162099999863
sony_ilce_9_b	390.000000000000	0.000876274400000016
sony_ilce_9_b	400.000000000000	0.116166569000000
sony_ilce_9_b	410.000000000000	0.398493268100000
sony_ilce_9_b	420.000000000000	0.514857731700000
sony_ilce_9_b	430.000000000000	0.509109050200000
sony_ilce_9_b	440.000000000000	0.615752475000000
sony_ilce_9_b	450.000000000000	0.725271008500001
sony_ilce_9_b	460.000000000000	0.731487971500000
sony_ilce_9_b	470.000000000000	0.775631227300000
sony_ilce_9_b	480.000000000000	0.751735941700000
sony_ilce_9_b	490.000000000000	0.592957166600000
sony_ilce_9_b	500.000000000000	0.478650003500000
sony_ilce_9_b	510.000000000000	0.285801502000000
sony_ilce_9_b	520.000000000000	0.257270288100000
sony_ilce_9_b	530.000000000000	0.146845381900000
sony_ilce_9_b	540.000000000000	0.0991500543999999
sony_ilce_9_b	550.000000000000	0.0614118258000000
sony_ilce_9_b	560.000000000000	0.0385221067000000
sony_ilce_9_b	570.000000000000	0.0215212291000000
sony_ilce_9_b	580.000000000000	0.0153105542000000
sony_ilce_9_b	590.000000000000	0.0118564326000000
sony_ilce_9_b	600.000000000000	0.00814827259999999
sony_ilce_9_b	610.000000000000	0.00629789680000000
sony_ilce_9_b	620.000000000000	0.00585636040000000
sony_ilce_9_b	630.000000000000	0.00582884990000000
sony_ilce_9_b	640.000000000000	0.00619962100000000
sony_ilce_9_b	650.000000000000	0.00594181060000000
sony_ilce_9_b	660.000000000000	0.00572452210000000
sony_ilce_9_b	670.000000000000	0.00486722450000000
sony_ilce_9_b	680.000000000000	0.00280131260000000
sony_ilce_9_b	690.000000000000	0.000757483500000002
sony_ilce_9_b	700.000000000000	0.000255582900000000
sony_ilce_9_b	710.000000000000	0.000193940200000000
sony_ilce_9_b	720.000000000000	0.000599668400000002
sony_ilce_9_b	831.000000000000	0.000599668400000002
