"timestamp_utc","run_id","run_attempt","workflow","event_name","source_ref","commit_label","commit_sha","git_dirty","branch_name","pull_request_number","pull_request_head_ref","pull_request_base_ref","benchmark_name","benchmark_source","benchmark_settings_json","iteration_index","iterations","warmup_iterations","seed","width","height","samples","threads","time_build","build_config_name","compiler_id","cc","cxx","cxxflags","cxx14flags","cxx17flags","pkg_cxxflags","makeflags","extra_env_json","simd_enabled","raysimd_defined","has_sse_defined","has_avx_defined","runner_os","platform_system","platform_release","platform_machine","platform_processor","cpu_count_logical","python_version","r_version","package_name","package_version","package_build_seconds","package_install_seconds","scene_build_seconds","bvh_build_seconds","render_seconds","total_seconds","process_elapsed_seconds","process_user_seconds","process_system_seconds","max_rss_kb","max_rss_mb","build_seconds","install_seconds","status","error","output_hash","artifact_path","build_log_path","benchmark_log_path","time_log_path","workdir_path"
"2026-05-25T19:47:38Z","26416873682","1","Render Benchmarks","push","current","current","86dbdd169bc45604f4c57dad05befa80d93d4722","false","deferred",NA,NA,NA,"bvh_many_spheres","/home/runner/work/rayrender/rayrender/tools/benchmarks/scenes/bvh_many_spheres.R","{""width"":50,""height"":50,""samples"":32,""seed"":1,""threads"":1,""time_build"":true,""write_artifact"":false,""sphere_count"":3000,""object_count"":3000}",NA,"3","1","1","50","50","32","1","TRUE","o3_native_no_simd","error in running command","gcc -std=gnu2x","g++ -std=gnu++20","-O3 -march=native","-O3 -march=native","-O3 -march=native",NA,NA,"{""RAYRENDER_DISABLE_SIMD"":""true""}","FALSE","FALSE","FALSE","FALSE","Linux","Linux","6.17.0-1013-azure","x86_64",NA,"4",NA,"R version 4.6.0 (2026-04-24)","rayrender","0.40.1","3.655000",NA,NA,NA,NA,NA,NA,NA,NA,NA,NA,"3.655000",NA,"build_failed","/_temp/Library/libimath/lib/x86_64 -Wl,-rpath,/home/runner/work/_temp/Library/libimath/lib/x86_64 -Wl,-rpath-link,/home/runner/work/_temp/Library/libimath/lib/x86_64 -lImath-3_2
--------------------------------------------------
** finished configure for package 'rayrender'
** libs
specified C++20
using C++ compiler: ‘g++ (Ubuntu 13.3.0-6ubuntu2~24.04.1) 13.3.0’
using C++20
g++ -std=gnu++20 -I""/opt/R/4.6.0/lib/R/include"" -DNDEBUG -I/home/runner/work/_temp/Library/libopenexr/include/OpenEXR -I/home/runner/work/_temp/Library/libimath/include/Imath  -I'/home/runner/work/_temp/Library/Rcpp/include' -I'/home/runner/work/_temp/Library/RcppThread/include' -I'/home/runner/work/_temp/Library/progress/include' -I'/home/runner/work/_temp/Library/spacefillr/include' -I'/home/runner/work/_temp/Library/testthat/include' -I'/home/runner/work/_temp/Library/libopenexr/include' -I'/home/runner/work/_temp/Library/libimath/include' -I/usr/local/include   -DRAY_REPRODUCE_PERLIN -DSTRICT_R_HEADERS -DRAY_HAS_X11 -ffp-contract=off -fvisibility=hidden -fvisibility-inlines-hidden -fpic  -g -O2   -c PrintClassSizes.cpp -o PrintClassSizes.o
In file included from hitables/../math/../core/../math/vec3.h:7,
                 from hitables/../math/../core/ray.h:5,
                 from hitables/../math/aabb.h:4,
                 from hitables/hitable.h:4,
                 from PrintClassSizes.cpp:2:
hitables/../math/../core/../math/../math/simd.h: In function ‘IVec4 simd_sgn(const IVec4&)’:
hitables/../math/../core/../math/../math/simd.h:715:5: error: ‘__m128i’ was not declared in this scope
  715 |     __m128i zero = _mm_setzero_si128();
      |     ^~~~~~~
hitables/../math/../core/../math/../math/simd.h:716:12: error: expected ‘;’ before ‘one’
  716 |     __m128i one = _mm_set1_epi32(1);
      |            ^~~~
      |            ;
hitables/../math/../core/../math/../math/simd.h:717:12: error: expected ‘;’ before ‘neg_one’
  717 |     __m128i neg_one = _mm_set1_epi32(-1);
      |            ^~~~~~~~
      |            ;
hitables/../math/../core/../math/../math/simd.h:719:12: error: expected ‘;’ before ‘gt_mask’
  719 |     __m128i gt_mask = _mm_cmpgt_epi32(a.v, zero);  // x > 0
      |            ^~~~~~~~
      |            ;
hitables/../math/../core/../math/../math/simd.h:720:12: error: expected ‘;’ before ‘lt_mask’
  720 |     __m128i lt_mask = _mm_cmpgt_epi32(zero, a.v);  // x < 0
      |            ^~~~~~~~
      |            ;
hitables/../math/../core/../math/../math/simd.h:722:12: error: expected ‘;’ before ‘pos_result’
  722 |     __m128i pos_result = _mm_and_si128(gt_mask, one);     // 1 where x > 0
      |            ^~~~~~~~~~~
      |            ;
hitables/../math/../core/../math/../math/simd.h:723:12: error: expected ‘;’ before ‘neg_result’
  723 |     __m128i neg_result = _mm_and_si128(lt_mask, neg_one); // -1 where x < 0
      |            ^~~~~~~~~~~
      |            ;
hitables/../math/../core/../math/../math/simd.h:725:30: error: ‘pos_result’ was not declared in this scope; did you mean ‘result’?
  725 |     result.v = _mm_add_epi32(pos_result, neg_result);
      |                              ^~~~~~~~~~
      |                              result
hitables/../math/../core/../math/../math/simd.h:725:42: error: ‘neg_result’ was not declared in this scope; did you mean ‘result’?
  725 |     result.v = _mm_add_epi32(pos_result, neg_result);
      |                                          ^~~~~~~~~~
      |                                          result
hitables/../math/../core/../math/../math/simd.h:725:16: error: ‘_mm_add_epi32’ was not declared in this scope
  725 |     result.v = _mm_add_epi32(pos_result, neg_result);
      |                ^~~~~~~~~~~~~
make: *** [/opt/R/4.6.0/lib/R/etc/Makeconf:199: PrintClassSizes.o] Error 1
ERROR: compilation failed for package ‘rayrender’
* removing ‘/home/runner/work/_temp/rayrender-benchmark-workdirs/rayrender-bench-root-26b62a3fdc75/rayrender-current-o3_native_no_simd-26b663f9abe5/r-lib/rayrender’",NA,NA,"/home/runner/work/_temp/rayrender-benchmark-workdirs/rayrender-bench-root-26b62a3fdc75/rayrender-current-o3_native_no_simd-26b663f9abe5/logs/R-CMD-INSTALL.log",NA,NA,"/home/runner/work/_temp/rayrender-benchmark-workdirs/rayrender-bench-root-26b62a3fdc75/rayrender-current-o3_native_no_simd-26b663f9abe5"
"2026-05-25T19:47:38Z","26416873682","1","Render Benchmarks","push","current","current","86dbdd169bc45604f4c57dad05befa80d93d4722","false","deferred",NA,NA,NA,"bvh_mixed_primitives","/home/runner/work/rayrender/rayrender/tools/benchmarks/scenes/bvh_mixed_primitives.R","{""width"":50,""height"":50,""samples"":32,""seed"":1,""threads"":1,""time_build"":true,""write_artifact"":false,""sphere_count"":3000,""object_count"":3000}",NA,"3","1","1","50","50","32","1","TRUE","o3_native_no_simd","error in running command","gcc -std=gnu2x","g++ -std=gnu++20","-O3 -march=native","-O3 -march=native","-O3 -march=native",NA,NA,"{""RAYRENDER_DISABLE_SIMD"":""true""}","FALSE","FALSE","FALSE","FALSE","Linux","Linux","6.17.0-1013-azure","x86_64",NA,"4",NA,"R version 4.6.0 (2026-04-24)","rayrender","0.40.1","3.655000",NA,NA,NA,NA,NA,NA,NA,NA,NA,NA,"3.655000",NA,"build_failed","/_temp/Library/libimath/lib/x86_64 -Wl,-rpath,/home/runner/work/_temp/Library/libimath/lib/x86_64 -Wl,-rpath-link,/home/runner/work/_temp/Library/libimath/lib/x86_64 -lImath-3_2
--------------------------------------------------
** finished configure for package 'rayrender'
** libs
specified C++20
using C++ compiler: ‘g++ (Ubuntu 13.3.0-6ubuntu2~24.04.1) 13.3.0’
using C++20
g++ -std=gnu++20 -I""/opt/R/4.6.0/lib/R/include"" -DNDEBUG -I/home/runner/work/_temp/Library/libopenexr/include/OpenEXR -I/home/runner/work/_temp/Library/libimath/include/Imath  -I'/home/runner/work/_temp/Library/Rcpp/include' -I'/home/runner/work/_temp/Library/RcppThread/include' -I'/home/runner/work/_temp/Library/progress/include' -I'/home/runner/work/_temp/Library/spacefillr/include' -I'/home/runner/work/_temp/Library/testthat/include' -I'/home/runner/work/_temp/Library/libopenexr/include' -I'/home/runner/work/_temp/Library/libimath/include' -I/usr/local/include   -DRAY_REPRODUCE_PERLIN -DSTRICT_R_HEADERS -DRAY_HAS_X11 -ffp-contract=off -fvisibility=hidden -fvisibility-inlines-hidden -fpic  -g -O2   -c PrintClassSizes.cpp -o PrintClassSizes.o
In file included from hitables/../math/../core/../math/vec3.h:7,
                 from hitables/../math/../core/ray.h:5,
                 from hitables/../math/aabb.h:4,
                 from hitables/hitable.h:4,
                 from PrintClassSizes.cpp:2:
hitables/../math/../core/../math/../math/simd.h: In function ‘IVec4 simd_sgn(const IVec4&)’:
hitables/../math/../core/../math/../math/simd.h:715:5: error: ‘__m128i’ was not declared in this scope
  715 |     __m128i zero = _mm_setzero_si128();
      |     ^~~~~~~
hitables/../math/../core/../math/../math/simd.h:716:12: error: expected ‘;’ before ‘one’
  716 |     __m128i one = _mm_set1_epi32(1);
      |            ^~~~
      |            ;
hitables/../math/../core/../math/../math/simd.h:717:12: error: expected ‘;’ before ‘neg_one’
  717 |     __m128i neg_one = _mm_set1_epi32(-1);
      |            ^~~~~~~~
      |            ;
hitables/../math/../core/../math/../math/simd.h:719:12: error: expected ‘;’ before ‘gt_mask’
  719 |     __m128i gt_mask = _mm_cmpgt_epi32(a.v, zero);  // x > 0
      |            ^~~~~~~~
      |            ;
hitables/../math/../core/../math/../math/simd.h:720:12: error: expected ‘;’ before ‘lt_mask’
  720 |     __m128i lt_mask = _mm_cmpgt_epi32(zero, a.v);  // x < 0
      |            ^~~~~~~~
      |            ;
hitables/../math/../core/../math/../math/simd.h:722:12: error: expected ‘;’ before ‘pos_result’
  722 |     __m128i pos_result = _mm_and_si128(gt_mask, one);     // 1 where x > 0
      |            ^~~~~~~~~~~
      |            ;
hitables/../math/../core/../math/../math/simd.h:723:12: error: expected ‘;’ before ‘neg_result’
  723 |     __m128i neg_result = _mm_and_si128(lt_mask, neg_one); // -1 where x < 0
      |            ^~~~~~~~~~~
      |            ;
hitables/../math/../core/../math/../math/simd.h:725:30: error: ‘pos_result’ was not declared in this scope; did you mean ‘result’?
  725 |     result.v = _mm_add_epi32(pos_result, neg_result);
      |                              ^~~~~~~~~~
      |                              result
hitables/../math/../core/../math/../math/simd.h:725:42: error: ‘neg_result’ was not declared in this scope; did you mean ‘result’?
  725 |     result.v = _mm_add_epi32(pos_result, neg_result);
      |                                          ^~~~~~~~~~
      |                                          result
hitables/../math/../core/../math/../math/simd.h:725:16: error: ‘_mm_add_epi32’ was not declared in this scope
  725 |     result.v = _mm_add_epi32(pos_result, neg_result);
      |                ^~~~~~~~~~~~~
make: *** [/opt/R/4.6.0/lib/R/etc/Makeconf:199: PrintClassSizes.o] Error 1
ERROR: compilation failed for package ‘rayrender’
* removing ‘/home/runner/work/_temp/rayrender-benchmark-workdirs/rayrender-bench-root-26b62a3fdc75/rayrender-current-o3_native_no_simd-26b663f9abe5/r-lib/rayrender’",NA,NA,"/home/runner/work/_temp/rayrender-benchmark-workdirs/rayrender-bench-root-26b62a3fdc75/rayrender-current-o3_native_no_simd-26b663f9abe5/logs/R-CMD-INSTALL.log",NA,NA,"/home/runner/work/_temp/rayrender-benchmark-workdirs/rayrender-bench-root-26b62a3fdc75/rayrender-current-o3_native_no_simd-26b663f9abe5"
"2026-05-25T19:52:24Z","26416873682","1","Render Benchmarks","push","current","current","86dbdd169bc45604f4c57dad05befa80d93d4722","false","deferred",NA,NA,NA,"bvh_many_spheres","/home/runner/work/rayrender/rayrender/tools/benchmarks/scenes/bvh_many_spheres.R","{""width"":50,""height"":50,""samples"":32,""seed"":1,""threads"":1,""time_build"":true,""write_artifact"":false,""sphere_count"":3000,""object_count"":3000}","1","3","1","1","50","50","32","1","TRUE","o3_native_simd_sse","error in running command","gcc -std=gnu2x","g++ -std=gnu++20","-O3 -march=native -DRAYSIMD -DHAS_SSE","-O3 -march=native -DRAYSIMD -DHAS_SSE","-O3 -march=native -DRAYSIMD -DHAS_SSE",NA,NA,"{}","TRUE","TRUE","TRUE","FALSE","Linux","Linux","6.17.0-1013-azure","x86_64",NA,"4",NA,"R version 4.6.0 (2026-04-24)","rayrender","0.40.1","251.237000",NA,"2.544",NA,"0.736","3.28",NA,"3.920000","0.420000","170368","166.375000","251.237000",NA,"ok",NA,"7ab4bddb9095698e3ffa5b9259fc38d2",NA,"/home/runner/work/_temp/rayrender-benchmark-workdirs/rayrender-bench-root-26d8251e17f9/rayrender-current-o3_native_simd_sse-26d83c9cd168/logs/R-CMD-INSTALL.log","/home/runner/work/_temp/rayrender-benchmark-workdirs/rayrender-bench-root-26d8251e17f9/rayrender-current-o3_native_simd_sse-26d83c9cd168/logs/bvh_many_spheres-1.log","/home/runner/work/_temp/rayrender-benchmark-workdirs/rayrender-bench-root-26d8251e17f9/rayrender-current-o3_native_simd_sse-26d83c9cd168/logs/bvh_many_spheres-1.time.log","/home/runner/work/_temp/rayrender-benchmark-workdirs/rayrender-bench-root-26d8251e17f9/rayrender-current-o3_native_simd_sse-26d83c9cd168"
"2026-05-25T19:52:29Z","26416873682","1","Render Benchmarks","push","current","current","86dbdd169bc45604f4c57dad05befa80d93d4722","false","deferred",NA,NA,NA,"bvh_many_spheres","/home/runner/work/rayrender/rayrender/tools/benchmarks/scenes/bvh_many_spheres.R","{""width"":50,""height"":50,""samples"":32,""seed"":1,""threads"":1,""time_build"":true,""write_artifact"":false,""sphere_count"":3000,""object_count"":3000}","2","3","1","1","50","50","32","1","TRUE","o3_native_simd_sse","error in running command","gcc -std=gnu2x","g++ -std=gnu++20","-O3 -march=native -DRAYSIMD -DHAS_SSE","-O3 -march=native -DRAYSIMD -DHAS_SSE","-O3 -march=native -DRAYSIMD -DHAS_SSE",NA,NA,"{}","TRUE","TRUE","TRUE","FALSE","Linux","Linux","6.17.0-1013-azure","x86_64",NA,"4",NA,"R version 4.6.0 (2026-04-24)","rayrender","0.40.1","251.237000",NA,"2.592",NA,"0.736","3.328",NA,"3.980000","0.430000","169916","165.933594","251.237000",NA,"ok",NA,"7ab4bddb9095698e3ffa5b9259fc38d2",NA,"/home/runner/work/_temp/rayrender-benchmark-workdirs/rayrender-bench-root-26d8251e17f9/rayrender-current-o3_native_simd_sse-26d83c9cd168/logs/R-CMD-INSTALL.log","/home/runner/work/_temp/rayrender-benchmark-workdirs/rayrender-bench-root-26d8251e17f9/rayrender-current-o3_native_simd_sse-26d83c9cd168/logs/bvh_many_spheres-2.log","/home/runner/work/_temp/rayrender-benchmark-workdirs/rayrender-bench-root-26d8251e17f9/rayrender-current-o3_native_simd_sse-26d83c9cd168/logs/bvh_many_spheres-2.time.log","/home/runner/work/_temp/rayrender-benchmark-workdirs/rayrender-bench-root-26d8251e17f9/rayrender-current-o3_native_simd_sse-26d83c9cd168"
"2026-05-25T19:52:33Z","26416873682","1","Render Benchmarks","push","current","current","86dbdd169bc45604f4c57dad05befa80d93d4722","false","deferred",NA,NA,NA,"bvh_many_spheres","/home/runner/work/rayrender/rayrender/tools/benchmarks/scenes/bvh_many_spheres.R","{""width"":50,""height"":50,""samples"":32,""seed"":1,""threads"":1,""time_build"":true,""write_artifact"":false,""sphere_count"":3000,""object_count"":3000}","3","3","1","1","50","50","32","1","TRUE","o3_native_simd_sse","error in running command","gcc -std=gnu2x","g++ -std=gnu++20","-O3 -march=native -DRAYSIMD -DHAS_SSE","-O3 -march=native -DRAYSIMD -DHAS_SSE","-O3 -march=native -DRAYSIMD -DHAS_SSE",NA,NA,"{}","TRUE","TRUE","TRUE","FALSE","Linux","Linux","6.17.0-1013-azure","x86_64",NA,"4",NA,"R version 4.6.0 (2026-04-24)","rayrender","0.40.1","251.237000",NA,"2.603",NA,"0.734","3.337",NA,"3.970000","0.440000","169968","165.984375","251.237000",NA,"ok",NA,"7ab4bddb9095698e3ffa5b9259fc38d2",NA,"/home/runner/work/_temp/rayrender-benchmark-workdirs/rayrender-bench-root-26d8251e17f9/rayrender-current-o3_native_simd_sse-26d83c9cd168/logs/R-CMD-INSTALL.log","/home/runner/work/_temp/rayrender-benchmark-workdirs/rayrender-bench-root-26d8251e17f9/rayrender-current-o3_native_simd_sse-26d83c9cd168/logs/bvh_many_spheres-3.log","/home/runner/work/_temp/rayrender-benchmark-workdirs/rayrender-bench-root-26d8251e17f9/rayrender-current-o3_native_simd_sse-26d83c9cd168/logs/bvh_many_spheres-3.time.log","/home/runner/work/_temp/rayrender-benchmark-workdirs/rayrender-bench-root-26d8251e17f9/rayrender-current-o3_native_simd_sse-26d83c9cd168"
"2026-05-25T19:52:42Z","26416873682","1","Render Benchmarks","push","current","current","86dbdd169bc45604f4c57dad05befa80d93d4722","false","deferred",NA,NA,NA,"bvh_mixed_primitives","/home/runner/work/rayrender/rayrender/tools/benchmarks/scenes/bvh_mixed_primitives.R","{""width"":50,""height"":50,""samples"":32,""seed"":1,""threads"":1,""time_build"":true,""write_artifact"":false,""sphere_count"":3000,""object_count"":3000}","1","3","1","1","50","50","32","1","TRUE","o3_native_simd_sse","error in running command","gcc -std=gnu2x","g++ -std=gnu++20","-O3 -march=native -DRAYSIMD -DHAS_SSE","-O3 -march=native -DRAYSIMD -DHAS_SSE","-O3 -march=native -DRAYSIMD -DHAS_SSE",NA,NA,"{}","TRUE","TRUE","TRUE","FALSE","Linux","Linux","6.17.0-1013-azure","x86_64",NA,"4",NA,"R version 4.6.0 (2026-04-24)","rayrender","0.40.1","251.237000",NA,"2.64",NA,"1.02","3.66",NA,"4.250000","0.490000","170140","166.152344","251.237000",NA,"ok",NA,"3b949af2755eb4dce15a1790d1175a40",NA,"/home/runner/work/_temp/rayrender-benchmark-workdirs/rayrender-bench-root-26d8251e17f9/rayrender-current-o3_native_simd_sse-26d83c9cd168/logs/R-CMD-INSTALL.log","/home/runner/work/_temp/rayrender-benchmark-workdirs/rayrender-bench-root-26d8251e17f9/rayrender-current-o3_native_simd_sse-26d83c9cd168/logs/bvh_mixed_primitives-1.log","/home/runner/work/_temp/rayrender-benchmark-workdirs/rayrender-bench-root-26d8251e17f9/rayrender-current-o3_native_simd_sse-26d83c9cd168/logs/bvh_mixed_primitives-1.time.log","/home/runner/work/_temp/rayrender-benchmark-workdirs/rayrender-bench-root-26d8251e17f9/rayrender-current-o3_native_simd_sse-26d83c9cd168"
"2026-05-25T19:52:46Z","26416873682","1","Render Benchmarks","push","current","current","86dbdd169bc45604f4c57dad05befa80d93d4722","false","deferred",NA,NA,NA,"bvh_mixed_primitives","/home/runner/work/rayrender/rayrender/tools/benchmarks/scenes/bvh_mixed_primitives.R","{""width"":50,""height"":50,""samples"":32,""seed"":1,""threads"":1,""time_build"":true,""write_artifact"":false,""sphere_count"":3000,""object_count"":3000}","2","3","1","1","50","50","32","1","TRUE","o3_native_simd_sse","error in running command","gcc -std=gnu2x","g++ -std=gnu++20","-O3 -march=native -DRAYSIMD -DHAS_SSE","-O3 -march=native -DRAYSIMD -DHAS_SSE","-O3 -march=native -DRAYSIMD -DHAS_SSE",NA,NA,"{}","TRUE","TRUE","TRUE","FALSE","Linux","Linux","6.17.0-1013-azure","x86_64",NA,"4",NA,"R version 4.6.0 (2026-04-24)","rayrender","0.40.1","251.237000",NA,"2.569",NA,"1.009","3.578",NA,"4.180000","0.480000","170244","166.253906","251.237000",NA,"ok",NA,"3b949af2755eb4dce15a1790d1175a40",NA,"/home/runner/work/_temp/rayrender-benchmark-workdirs/rayrender-bench-root-26d8251e17f9/rayrender-current-o3_native_simd_sse-26d83c9cd168/logs/R-CMD-INSTALL.log","/home/runner/work/_temp/rayrender-benchmark-workdirs/rayrender-bench-root-26d8251e17f9/rayrender-current-o3_native_simd_sse-26d83c9cd168/logs/bvh_mixed_primitives-2.log","/home/runner/work/_temp/rayrender-benchmark-workdirs/rayrender-bench-root-26d8251e17f9/rayrender-current-o3_native_simd_sse-26d83c9cd168/logs/bvh_mixed_primitives-2.time.log","/home/runner/work/_temp/rayrender-benchmark-workdirs/rayrender-bench-root-26d8251e17f9/rayrender-current-o3_native_simd_sse-26d83c9cd168"
"2026-05-25T19:52:51Z","26416873682","1","Render Benchmarks","push","current","current","86dbdd169bc45604f4c57dad05befa80d93d4722","false","deferred",NA,NA,NA,"bvh_mixed_primitives","/home/runner/work/rayrender/rayrender/tools/benchmarks/scenes/bvh_mixed_primitives.R","{""width"":50,""height"":50,""samples"":32,""seed"":1,""threads"":1,""time_build"":true,""write_artifact"":false,""sphere_count"":3000,""object_count"":3000}","3","3","1","1","50","50","32","1","TRUE","o3_native_simd_sse","error in running command","gcc -std=gnu2x","g++ -std=gnu++20","-O3 -march=native -DRAYSIMD -DHAS_SSE","-O3 -march=native -DRAYSIMD -DHAS_SSE","-O3 -march=native -DRAYSIMD -DHAS_SSE",NA,NA,"{}","TRUE","TRUE","TRUE","FALSE","Linux","Linux","6.17.0-1013-azure","x86_64",NA,"4",NA,"R version 4.6.0 (2026-04-24)","rayrender","0.40.1","251.237000",NA,"2.624",NA,"1.019","3.643",NA,"4.230000","0.490000","170352","166.359375","251.237000",NA,"ok",NA,"3b949af2755eb4dce15a1790d1175a40",NA,"/home/runner/work/_temp/rayrender-benchmark-workdirs/rayrender-bench-root-26d8251e17f9/rayrender-current-o3_native_simd_sse-26d83c9cd168/logs/R-CMD-INSTALL.log","/home/runner/work/_temp/rayrender-benchmark-workdirs/rayrender-bench-root-26d8251e17f9/rayrender-current-o3_native_simd_sse-26d83c9cd168/logs/bvh_mixed_primitives-3.log","/home/runner/work/_temp/rayrender-benchmark-workdirs/rayrender-bench-root-26d8251e17f9/rayrender-current-o3_native_simd_sse-26d83c9cd168/logs/bvh_mixed_primitives-3.time.log","/home/runner/work/_temp/rayrender-benchmark-workdirs/rayrender-bench-root-26d8251e17f9/rayrender-current-o3_native_simd_sse-26d83c9cd168"
"2026-05-25T20:19:58Z","26417940543","1","Render Benchmarks","push","current","current","89a8126c63e9ec621a57533854c3387be75ffb05","false","deferred",NA,NA,NA,"bvh_many_spheres","/home/runner/work/rayrender/rayrender/tools/benchmarks/scenes/bvh_many_spheres.R","{""width"":50,""height"":50,""samples"":32,""seed"":1,""threads"":1,""time_build"":true,""write_artifact"":false,""sphere_count"":3000,""object_count"":3000}",NA,"3","1","1","50","50","32","1","TRUE","o3_native_no_simd","error in running command","gcc -std=gnu2x","g++ -std=gnu++20","-O3 -march=native","-O3 -march=native","-O3 -march=native",NA,NA,"{""RAYRENDER_DISABLE_SIMD"":""true""}","FALSE","FALSE","FALSE","FALSE","Linux","Linux","6.17.0-1013-azure","x86_64",NA,"4",NA,"R version 4.6.0 (2026-04-24)","rayrender","0.40.1","3.679000",NA,NA,NA,NA,NA,NA,NA,NA,NA,NA,"3.679000",NA,"build_failed","/_temp/Library/libimath/lib/x86_64 -Wl,-rpath,/home/runner/work/_temp/Library/libimath/lib/x86_64 -Wl,-rpath-link,/home/runner/work/_temp/Library/libimath/lib/x86_64 -lImath-3_2
--------------------------------------------------
** finished configure for package 'rayrender'
** libs
specified C++20
using C++ compiler: ‘g++ (Ubuntu 13.3.0-6ubuntu2~24.04.1) 13.3.0’
using C++20
g++ -std=gnu++20 -I""/opt/R/4.6.0/lib/R/include"" -DNDEBUG -I/home/runner/work/_temp/Library/libopenexr/include/OpenEXR -I/home/runner/work/_temp/Library/libimath/include/Imath  -I'/home/runner/work/_temp/Library/Rcpp/include' -I'/home/runner/work/_temp/Library/RcppThread/include' -I'/home/runner/work/_temp/Library/progress/include' -I'/home/runner/work/_temp/Library/spacefillr/include' -I'/home/runner/work/_temp/Library/testthat/include' -I'/home/runner/work/_temp/Library/libopenexr/include' -I'/home/runner/work/_temp/Library/libimath/include' -I/usr/local/include   -DRAY_REPRODUCE_PERLIN -DSTRICT_R_HEADERS -DRAY_HAS_X11 -ffp-contract=off -fvisibility=hidden -fvisibility-inlines-hidden -fpic  -g -O2   -c PrintClassSizes.cpp -o PrintClassSizes.o
In file included from hitables/../math/../core/../math/vec3.h:7,
                 from hitables/../math/../core/ray.h:5,
                 from hitables/../math/aabb.h:4,
                 from hitables/hitable.h:4,
                 from PrintClassSizes.cpp:2:
hitables/../math/../core/../math/../math/simd.h: In function ‘IVec4 simd_sgn(const IVec4&)’:
hitables/../math/../core/../math/../math/simd.h:715:5: error: ‘__m128i’ was not declared in this scope
  715 |     __m128i zero = _mm_setzero_si128();
      |     ^~~~~~~
hitables/../math/../core/../math/../math/simd.h:716:12: error: expected ‘;’ before ‘one’
  716 |     __m128i one = _mm_set1_epi32(1);
      |            ^~~~
      |            ;
hitables/../math/../core/../math/../math/simd.h:717:12: error: expected ‘;’ before ‘neg_one’
  717 |     __m128i neg_one = _mm_set1_epi32(-1);
      |            ^~~~~~~~
      |            ;
hitables/../math/../core/../math/../math/simd.h:719:12: error: expected ‘;’ before ‘gt_mask’
  719 |     __m128i gt_mask = _mm_cmpgt_epi32(a.v, zero);  // x > 0
      |            ^~~~~~~~
      |            ;
hitables/../math/../core/../math/../math/simd.h:720:12: error: expected ‘;’ before ‘lt_mask’
  720 |     __m128i lt_mask = _mm_cmpgt_epi32(zero, a.v);  // x < 0
      |            ^~~~~~~~
      |            ;
hitables/../math/../core/../math/../math/simd.h:722:12: error: expected ‘;’ before ‘pos_result’
  722 |     __m128i pos_result = _mm_and_si128(gt_mask, one);     // 1 where x > 0
      |            ^~~~~~~~~~~
      |            ;
hitables/../math/../core/../math/../math/simd.h:723:12: error: expected ‘;’ before ‘neg_result’
  723 |     __m128i neg_result = _mm_and_si128(lt_mask, neg_one); // -1 where x < 0
      |            ^~~~~~~~~~~
      |            ;
hitables/../math/../core/../math/../math/simd.h:725:30: error: ‘pos_result’ was not declared in this scope; did you mean ‘result’?
  725 |     result.v = _mm_add_epi32(pos_result, neg_result);
      |                              ^~~~~~~~~~
      |                              result
hitables/../math/../core/../math/../math/simd.h:725:42: error: ‘neg_result’ was not declared in this scope; did you mean ‘result’?
  725 |     result.v = _mm_add_epi32(pos_result, neg_result);
      |                                          ^~~~~~~~~~
      |                                          result
hitables/../math/../core/../math/../math/simd.h:725:16: error: ‘_mm_add_epi32’ was not declared in this scope
  725 |     result.v = _mm_add_epi32(pos_result, neg_result);
      |                ^~~~~~~~~~~~~
make: *** [/opt/R/4.6.0/lib/R/etc/Makeconf:199: PrintClassSizes.o] Error 1
ERROR: compilation failed for package ‘rayrender’
* removing ‘/home/runner/work/_temp/rayrender-benchmark-workdirs/rayrender-bench-root-267545470a2f/rayrender-current-o3_native_no_simd-26756f9231b2/r-lib/rayrender’",NA,NA,"/home/runner/work/_temp/rayrender-benchmark-workdirs/rayrender-bench-root-267545470a2f/rayrender-current-o3_native_no_simd-26756f9231b2/logs/R-CMD-INSTALL.log",NA,NA,"/home/runner/work/_temp/rayrender-benchmark-workdirs/rayrender-bench-root-267545470a2f/rayrender-current-o3_native_no_simd-26756f9231b2"
"2026-05-25T20:19:58Z","26417940543","1","Render Benchmarks","push","current","current","89a8126c63e9ec621a57533854c3387be75ffb05","false","deferred",NA,NA,NA,"bvh_mixed_primitives","/home/runner/work/rayrender/rayrender/tools/benchmarks/scenes/bvh_mixed_primitives.R","{""width"":50,""height"":50,""samples"":32,""seed"":1,""threads"":1,""time_build"":true,""write_artifact"":false,""sphere_count"":3000,""object_count"":3000}",NA,"3","1","1","50","50","32","1","TRUE","o3_native_no_simd","error in running command","gcc -std=gnu2x","g++ -std=gnu++20","-O3 -march=native","-O3 -march=native","-O3 -march=native",NA,NA,"{""RAYRENDER_DISABLE_SIMD"":""true""}","FALSE","FALSE","FALSE","FALSE","Linux","Linux","6.17.0-1013-azure","x86_64",NA,"4",NA,"R version 4.6.0 (2026-04-24)","rayrender","0.40.1","3.679000",NA,NA,NA,NA,NA,NA,NA,NA,NA,NA,"3.679000",NA,"build_failed","/_temp/Library/libimath/lib/x86_64 -Wl,-rpath,/home/runner/work/_temp/Library/libimath/lib/x86_64 -Wl,-rpath-link,/home/runner/work/_temp/Library/libimath/lib/x86_64 -lImath-3_2
--------------------------------------------------
** finished configure for package 'rayrender'
** libs
specified C++20
using C++ compiler: ‘g++ (Ubuntu 13.3.0-6ubuntu2~24.04.1) 13.3.0’
using C++20
g++ -std=gnu++20 -I""/opt/R/4.6.0/lib/R/include"" -DNDEBUG -I/home/runner/work/_temp/Library/libopenexr/include/OpenEXR -I/home/runner/work/_temp/Library/libimath/include/Imath  -I'/home/runner/work/_temp/Library/Rcpp/include' -I'/home/runner/work/_temp/Library/RcppThread/include' -I'/home/runner/work/_temp/Library/progress/include' -I'/home/runner/work/_temp/Library/spacefillr/include' -I'/home/runner/work/_temp/Library/testthat/include' -I'/home/runner/work/_temp/Library/libopenexr/include' -I'/home/runner/work/_temp/Library/libimath/include' -I/usr/local/include   -DRAY_REPRODUCE_PERLIN -DSTRICT_R_HEADERS -DRAY_HAS_X11 -ffp-contract=off -fvisibility=hidden -fvisibility-inlines-hidden -fpic  -g -O2   -c PrintClassSizes.cpp -o PrintClassSizes.o
In file included from hitables/../math/../core/../math/vec3.h:7,
                 from hitables/../math/../core/ray.h:5,
                 from hitables/../math/aabb.h:4,
                 from hitables/hitable.h:4,
                 from PrintClassSizes.cpp:2:
hitables/../math/../core/../math/../math/simd.h: In function ‘IVec4 simd_sgn(const IVec4&)’:
hitables/../math/../core/../math/../math/simd.h:715:5: error: ‘__m128i’ was not declared in this scope
  715 |     __m128i zero = _mm_setzero_si128();
      |     ^~~~~~~
hitables/../math/../core/../math/../math/simd.h:716:12: error: expected ‘;’ before ‘one’
  716 |     __m128i one = _mm_set1_epi32(1);
      |            ^~~~
      |            ;
hitables/../math/../core/../math/../math/simd.h:717:12: error: expected ‘;’ before ‘neg_one’
  717 |     __m128i neg_one = _mm_set1_epi32(-1);
      |            ^~~~~~~~
      |            ;
hitables/../math/../core/../math/../math/simd.h:719:12: error: expected ‘;’ before ‘gt_mask’
  719 |     __m128i gt_mask = _mm_cmpgt_epi32(a.v, zero);  // x > 0
      |            ^~~~~~~~
      |            ;
hitables/../math/../core/../math/../math/simd.h:720:12: error: expected ‘;’ before ‘lt_mask’
  720 |     __m128i lt_mask = _mm_cmpgt_epi32(zero, a.v);  // x < 0
      |            ^~~~~~~~
      |            ;
hitables/../math/../core/../math/../math/simd.h:722:12: error: expected ‘;’ before ‘pos_result’
  722 |     __m128i pos_result = _mm_and_si128(gt_mask, one);     // 1 where x > 0
      |            ^~~~~~~~~~~
      |            ;
hitables/../math/../core/../math/../math/simd.h:723:12: error: expected ‘;’ before ‘neg_result’
  723 |     __m128i neg_result = _mm_and_si128(lt_mask, neg_one); // -1 where x < 0
      |            ^~~~~~~~~~~
      |            ;
hitables/../math/../core/../math/../math/simd.h:725:30: error: ‘pos_result’ was not declared in this scope; did you mean ‘result’?
  725 |     result.v = _mm_add_epi32(pos_result, neg_result);
      |                              ^~~~~~~~~~
      |                              result
hitables/../math/../core/../math/../math/simd.h:725:42: error: ‘neg_result’ was not declared in this scope; did you mean ‘result’?
  725 |     result.v = _mm_add_epi32(pos_result, neg_result);
      |                                          ^~~~~~~~~~
      |                                          result
hitables/../math/../core/../math/../math/simd.h:725:16: error: ‘_mm_add_epi32’ was not declared in this scope
  725 |     result.v = _mm_add_epi32(pos_result, neg_result);
      |                ^~~~~~~~~~~~~
make: *** [/opt/R/4.6.0/lib/R/etc/Makeconf:199: PrintClassSizes.o] Error 1
ERROR: compilation failed for package ‘rayrender’
* removing ‘/home/runner/work/_temp/rayrender-benchmark-workdirs/rayrender-bench-root-267545470a2f/rayrender-current-o3_native_no_simd-26756f9231b2/r-lib/rayrender’",NA,NA,"/home/runner/work/_temp/rayrender-benchmark-workdirs/rayrender-bench-root-267545470a2f/rayrender-current-o3_native_no_simd-26756f9231b2/logs/R-CMD-INSTALL.log",NA,NA,"/home/runner/work/_temp/rayrender-benchmark-workdirs/rayrender-bench-root-267545470a2f/rayrender-current-o3_native_no_simd-26756f9231b2"
"2026-05-25T20:24:26Z","26417940543","1","Render Benchmarks","push","current","current","89a8126c63e9ec621a57533854c3387be75ffb05","false","deferred",NA,NA,NA,"bvh_many_spheres","/home/runner/work/rayrender/rayrender/tools/benchmarks/scenes/bvh_many_spheres.R","{""width"":50,""height"":50,""samples"":32,""seed"":1,""threads"":1,""time_build"":true,""write_artifact"":false,""sphere_count"":3000,""object_count"":3000}","1","3","1","1","50","50","32","1","TRUE","o3_native_simd_sse","error in running command","gcc -std=gnu2x","g++ -std=gnu++20","-O3 -march=native -DRAYSIMD -DHAS_SSE","-O3 -march=native -DRAYSIMD -DHAS_SSE","-O3 -march=native -DRAYSIMD -DHAS_SSE",NA,NA,"{}","TRUE","TRUE","TRUE","FALSE","Linux","Linux","6.17.0-1013-azure","x86_64",NA,"4",NA,"R version 4.6.0 (2026-04-24)","rayrender","0.40.1","266.831000",NA,"2.693",NA,"0.757","3.45",NA,"4.200000","0.420000","170144","166.156250","266.831000",NA,"ok",NA,"7ab4bddb9095698e3ffa5b9259fc38d2",NA,"/home/runner/work/_temp/rayrender-benchmark-workdirs/rayrender-bench-root-267d31e48e4d/rayrender-current-o3_native_simd_sse-267d1aa99038/logs/R-CMD-INSTALL.log","/home/runner/work/_temp/rayrender-benchmark-workdirs/rayrender-bench-root-267d31e48e4d/rayrender-current-o3_native_simd_sse-267d1aa99038/logs/bvh_many_spheres-1.log","/home/runner/work/_temp/rayrender-benchmark-workdirs/rayrender-bench-root-267d31e48e4d/rayrender-current-o3_native_simd_sse-267d1aa99038/logs/bvh_many_spheres-1.time.log","/home/runner/work/_temp/rayrender-benchmark-workdirs/rayrender-bench-root-267d31e48e4d/rayrender-current-o3_native_simd_sse-267d1aa99038"
"2026-05-25T20:24:31Z","26417940543","1","Render Benchmarks","push","current","current","89a8126c63e9ec621a57533854c3387be75ffb05","false","deferred",NA,NA,NA,"bvh_many_spheres","/home/runner/work/rayrender/rayrender/tools/benchmarks/scenes/bvh_many_spheres.R","{""width"":50,""height"":50,""samples"":32,""seed"":1,""threads"":1,""time_build"":true,""write_artifact"":false,""sphere_count"":3000,""object_count"":3000}","2","3","1","1","50","50","32","1","TRUE","o3_native_simd_sse","error in running command","gcc -std=gnu2x","g++ -std=gnu++20","-O3 -march=native -DRAYSIMD -DHAS_SSE","-O3 -march=native -DRAYSIMD -DHAS_SSE","-O3 -march=native -DRAYSIMD -DHAS_SSE",NA,NA,"{}","TRUE","TRUE","TRUE","FALSE","Linux","Linux","6.17.0-1013-azure","x86_64",NA,"4",NA,"R version 4.6.0 (2026-04-24)","rayrender","0.40.1","266.831000",NA,"2.691",NA,"0.767","3.458",NA,"4.190000","0.430000","169964","165.980469","266.831000",NA,"ok",NA,"7ab4bddb9095698e3ffa5b9259fc38d2",NA,"/home/runner/work/_temp/rayrender-benchmark-workdirs/rayrender-bench-root-267d31e48e4d/rayrender-current-o3_native_simd_sse-267d1aa99038/logs/R-CMD-INSTALL.log","/home/runner/work/_temp/rayrender-benchmark-workdirs/rayrender-bench-root-267d31e48e4d/rayrender-current-o3_native_simd_sse-267d1aa99038/logs/bvh_many_spheres-2.log","/home/runner/work/_temp/rayrender-benchmark-workdirs/rayrender-bench-root-267d31e48e4d/rayrender-current-o3_native_simd_sse-267d1aa99038/logs/bvh_many_spheres-2.time.log","/home/runner/work/_temp/rayrender-benchmark-workdirs/rayrender-bench-root-267d31e48e4d/rayrender-current-o3_native_simd_sse-267d1aa99038"
"2026-05-25T20:24:36Z","26417940543","1","Render Benchmarks","push","current","current","89a8126c63e9ec621a57533854c3387be75ffb05","false","deferred",NA,NA,NA,"bvh_many_spheres","/home/runner/work/rayrender/rayrender/tools/benchmarks/scenes/bvh_many_spheres.R","{""width"":50,""height"":50,""samples"":32,""seed"":1,""threads"":1,""time_build"":true,""write_artifact"":false,""sphere_count"":3000,""object_count"":3000}","3","3","1","1","50","50","32","1","TRUE","o3_native_simd_sse","error in running command","gcc -std=gnu2x","g++ -std=gnu++20","-O3 -march=native -DRAYSIMD -DHAS_SSE","-O3 -march=native -DRAYSIMD -DHAS_SSE","-O3 -march=native -DRAYSIMD -DHAS_SSE",NA,NA,"{}","TRUE","TRUE","TRUE","FALSE","Linux","Linux","6.17.0-1013-azure","x86_64",NA,"4",NA,"R version 4.6.0 (2026-04-24)","rayrender","0.40.1","266.831000",NA,"2.687",NA,"0.761","3.448",NA,"4.240000","0.420000","170180","166.191406","266.831000",NA,"ok",NA,"7ab4bddb9095698e3ffa5b9259fc38d2",NA,"/home/runner/work/_temp/rayrender-benchmark-workdirs/rayrender-bench-root-267d31e48e4d/rayrender-current-o3_native_simd_sse-267d1aa99038/logs/R-CMD-INSTALL.log","/home/runner/work/_temp/rayrender-benchmark-workdirs/rayrender-bench-root-267d31e48e4d/rayrender-current-o3_native_simd_sse-267d1aa99038/logs/bvh_many_spheres-3.log","/home/runner/work/_temp/rayrender-benchmark-workdirs/rayrender-bench-root-267d31e48e4d/rayrender-current-o3_native_simd_sse-267d1aa99038/logs/bvh_many_spheres-3.time.log","/home/runner/work/_temp/rayrender-benchmark-workdirs/rayrender-bench-root-267d31e48e4d/rayrender-current-o3_native_simd_sse-267d1aa99038"
"2026-05-25T20:24:45Z","26417940543","1","Render Benchmarks","push","current","current","89a8126c63e9ec621a57533854c3387be75ffb05","false","deferred",NA,NA,NA,"bvh_mixed_primitives","/home/runner/work/rayrender/rayrender/tools/benchmarks/scenes/bvh_mixed_primitives.R","{""width"":50,""height"":50,""samples"":32,""seed"":1,""threads"":1,""time_build"":true,""write_artifact"":false,""sphere_count"":3000,""object_count"":3000}","1","3","1","1","50","50","32","1","TRUE","o3_native_simd_sse","error in running command","gcc -std=gnu2x","g++ -std=gnu++20","-O3 -march=native -DRAYSIMD -DHAS_SSE","-O3 -march=native -DRAYSIMD -DHAS_SSE","-O3 -march=native -DRAYSIMD -DHAS_SSE",NA,NA,"{}","TRUE","TRUE","TRUE","FALSE","Linux","Linux","6.17.0-1013-azure","x86_64",NA,"4",NA,"R version 4.6.0 (2026-04-24)","rayrender","0.40.1","266.831000",NA,"2.726",NA,"1.053","3.779",NA,"4.440000","0.490000","170088","166.101562","266.831000",NA,"ok",NA,"3b949af2755eb4dce15a1790d1175a40",NA,"/home/runner/work/_temp/rayrender-benchmark-workdirs/rayrender-bench-root-267d31e48e4d/rayrender-current-o3_native_simd_sse-267d1aa99038/logs/R-CMD-INSTALL.log","/home/runner/work/_temp/rayrender-benchmark-workdirs/rayrender-bench-root-267d31e48e4d/rayrender-current-o3_native_simd_sse-267d1aa99038/logs/bvh_mixed_primitives-1.log","/home/runner/work/_temp/rayrender-benchmark-workdirs/rayrender-bench-root-267d31e48e4d/rayrender-current-o3_native_simd_sse-267d1aa99038/logs/bvh_mixed_primitives-1.time.log","/home/runner/work/_temp/rayrender-benchmark-workdirs/rayrender-bench-root-267d31e48e4d/rayrender-current-o3_native_simd_sse-267d1aa99038"
"2026-05-25T20:24:50Z","26417940543","1","Render Benchmarks","push","current","current","89a8126c63e9ec621a57533854c3387be75ffb05","false","deferred",NA,NA,NA,"bvh_mixed_primitives","/home/runner/work/rayrender/rayrender/tools/benchmarks/scenes/bvh_mixed_primitives.R","{""width"":50,""height"":50,""samples"":32,""seed"":1,""threads"":1,""time_build"":true,""write_artifact"":false,""sphere_count"":3000,""object_count"":3000}","2","3","1","1","50","50","32","1","TRUE","o3_native_simd_sse","error in running command","gcc -std=gnu2x","g++ -std=gnu++20","-O3 -march=native -DRAYSIMD -DHAS_SSE","-O3 -march=native -DRAYSIMD -DHAS_SSE","-O3 -march=native -DRAYSIMD -DHAS_SSE",NA,NA,"{}","TRUE","TRUE","TRUE","FALSE","Linux","Linux","6.17.0-1013-azure","x86_64",NA,"4",NA,"R version 4.6.0 (2026-04-24)","rayrender","0.40.1","266.831000",NA,"2.726",NA,"1.045","3.771",NA,"4.450000","0.480000","170188","166.199219","266.831000",NA,"ok",NA,"3b949af2755eb4dce15a1790d1175a40",NA,"/home/runner/work/_temp/rayrender-benchmark-workdirs/rayrender-bench-root-267d31e48e4d/rayrender-current-o3_native_simd_sse-267d1aa99038/logs/R-CMD-INSTALL.log","/home/runner/work/_temp/rayrender-benchmark-workdirs/rayrender-bench-root-267d31e48e4d/rayrender-current-o3_native_simd_sse-267d1aa99038/logs/bvh_mixed_primitives-2.log","/home/runner/work/_temp/rayrender-benchmark-workdirs/rayrender-bench-root-267d31e48e4d/rayrender-current-o3_native_simd_sse-267d1aa99038/logs/bvh_mixed_primitives-2.time.log","/home/runner/work/_temp/rayrender-benchmark-workdirs/rayrender-bench-root-267d31e48e4d/rayrender-current-o3_native_simd_sse-267d1aa99038"
"2026-05-25T20:24:54Z","26417940543","1","Render Benchmarks","push","current","current","89a8126c63e9ec621a57533854c3387be75ffb05","false","deferred",NA,NA,NA,"bvh_mixed_primitives","/home/runner/work/rayrender/rayrender/tools/benchmarks/scenes/bvh_mixed_primitives.R","{""width"":50,""height"":50,""samples"":32,""seed"":1,""threads"":1,""time_build"":true,""write_artifact"":false,""sphere_count"":3000,""object_count"":3000}","3","3","1","1","50","50","32","1","TRUE","o3_native_simd_sse","error in running command","gcc -std=gnu2x","g++ -std=gnu++20","-O3 -march=native -DRAYSIMD -DHAS_SSE","-O3 -march=native -DRAYSIMD -DHAS_SSE","-O3 -march=native -DRAYSIMD -DHAS_SSE",NA,NA,"{}","TRUE","TRUE","TRUE","FALSE","Linux","Linux","6.17.0-1013-azure","x86_64",NA,"4",NA,"R version 4.6.0 (2026-04-24)","rayrender","0.40.1","266.831000",NA,"2.714",NA,"1.052","3.766",NA,"4.420000","0.500000","170356","166.363281","266.831000",NA,"ok",NA,"3b949af2755eb4dce15a1790d1175a40",NA,"/home/runner/work/_temp/rayrender-benchmark-workdirs/rayrender-bench-root-267d31e48e4d/rayrender-current-o3_native_simd_sse-267d1aa99038/logs/R-CMD-INSTALL.log","/home/runner/work/_temp/rayrender-benchmark-workdirs/rayrender-bench-root-267d31e48e4d/rayrender-current-o3_native_simd_sse-267d1aa99038/logs/bvh_mixed_primitives-3.log","/home/runner/work/_temp/rayrender-benchmark-workdirs/rayrender-bench-root-267d31e48e4d/rayrender-current-o3_native_simd_sse-267d1aa99038/logs/bvh_mixed_primitives-3.time.log","/home/runner/work/_temp/rayrender-benchmark-workdirs/rayrender-bench-root-267d31e48e4d/rayrender-current-o3_native_simd_sse-267d1aa99038"
"2026-05-26T00:51:39Z","26425829110","1","Render Benchmarks","push","current","current","4d1bc555363e8a2f605df8a7188df0cba19a2820","false","deferred",NA,NA,NA,"bvh_many_spheres","/home/runner/work/rayrender/rayrender/tools/benchmarks/scenes/bvh_many_spheres.R","{""width"":50,""height"":50,""samples"":32,""seed"":1,""threads"":1,""time_build"":true,""write_artifact"":false,""sphere_count"":3000,""object_count"":3000}",NA,"3","1","1","50","50","32","1","TRUE","o3_native_no_simd","error in running command","gcc -std=gnu2x","g++ -std=gnu++20","-O3 -march=native","-O3 -march=native","-O3 -march=native",NA,NA,"{""RAYRENDER_DISABLE_SIMD"":""true""}","FALSE","FALSE","FALSE","FALSE","Linux","Linux","6.17.0-1013-azure","x86_64",NA,"4",NA,"R version 4.6.0 (2026-04-24)","rayrender","0.40.1","3.649000",NA,NA,NA,NA,NA,NA,NA,NA,NA,NA,"3.649000",NA,"build_failed","/_temp/Library/libimath/lib/x86_64 -Wl,-rpath,/home/runner/work/_temp/Library/libimath/lib/x86_64 -Wl,-rpath-link,/home/runner/work/_temp/Library/libimath/lib/x86_64 -lImath-3_2
--------------------------------------------------
** finished configure for package 'rayrender'
** libs
specified C++20
using C++ compiler: ‘g++ (Ubuntu 13.3.0-6ubuntu2~24.04.1) 13.3.0’
using C++20
g++ -std=gnu++20 -I""/opt/R/4.6.0/lib/R/include"" -DNDEBUG -I/home/runner/work/_temp/Library/libopenexr/include/OpenEXR -I/home/runner/work/_temp/Library/libimath/include/Imath  -I'/home/runner/work/_temp/Library/Rcpp/include' -I'/home/runner/work/_temp/Library/RcppThread/include' -I'/home/runner/work/_temp/Library/progress/include' -I'/home/runner/work/_temp/Library/spacefillr/include' -I'/home/runner/work/_temp/Library/testthat/include' -I'/home/runner/work/_temp/Library/libopenexr/include' -I'/home/runner/work/_temp/Library/libimath/include' -I/usr/local/include   -DRAY_REPRODUCE_PERLIN -DSTRICT_R_HEADERS -DRAY_HAS_X11 -ffp-contract=off -fvisibility=hidden -fvisibility-inlines-hidden -fpic  -g -O2   -c PrintClassSizes.cpp -o PrintClassSizes.o
In file included from hitables/../math/../core/../math/vec3.h:7,
                 from hitables/../math/../core/ray.h:5,
                 from hitables/../math/aabb.h:4,
                 from hitables/hitable.h:4,
                 from PrintClassSizes.cpp:2:
hitables/../math/../core/../math/../math/simd.h: In function ‘IVec4 simd_sgn(const IVec4&)’:
hitables/../math/../core/../math/../math/simd.h:715:5: error: ‘__m128i’ was not declared in this scope
  715 |     __m128i zero = _mm_setzero_si128();
      |     ^~~~~~~
hitables/../math/../core/../math/../math/simd.h:716:12: error: expected ‘;’ before ‘one’
  716 |     __m128i one = _mm_set1_epi32(1);
      |            ^~~~
      |            ;
hitables/../math/../core/../math/../math/simd.h:717:12: error: expected ‘;’ before ‘neg_one’
  717 |     __m128i neg_one = _mm_set1_epi32(-1);
      |            ^~~~~~~~
      |            ;
hitables/../math/../core/../math/../math/simd.h:719:12: error: expected ‘;’ before ‘gt_mask’
  719 |     __m128i gt_mask = _mm_cmpgt_epi32(a.v, zero);  // x > 0
      |            ^~~~~~~~
      |            ;
hitables/../math/../core/../math/../math/simd.h:720:12: error: expected ‘;’ before ‘lt_mask’
  720 |     __m128i lt_mask = _mm_cmpgt_epi32(zero, a.v);  // x < 0
      |            ^~~~~~~~
      |            ;
hitables/../math/../core/../math/../math/simd.h:722:12: error: expected ‘;’ before ‘pos_result’
  722 |     __m128i pos_result = _mm_and_si128(gt_mask, one);     // 1 where x > 0
      |            ^~~~~~~~~~~
      |            ;
hitables/../math/../core/../math/../math/simd.h:723:12: error: expected ‘;’ before ‘neg_result’
  723 |     __m128i neg_result = _mm_and_si128(lt_mask, neg_one); // -1 where x < 0
      |            ^~~~~~~~~~~
      |            ;
hitables/../math/../core/../math/../math/simd.h:725:30: error: ‘pos_result’ was not declared in this scope; did you mean ‘result’?
  725 |     result.v = _mm_add_epi32(pos_result, neg_result);
      |                              ^~~~~~~~~~
      |                              result
hitables/../math/../core/../math/../math/simd.h:725:42: error: ‘neg_result’ was not declared in this scope; did you mean ‘result’?
  725 |     result.v = _mm_add_epi32(pos_result, neg_result);
      |                                          ^~~~~~~~~~
      |                                          result
hitables/../math/../core/../math/../math/simd.h:725:16: error: ‘_mm_add_epi32’ was not declared in this scope
  725 |     result.v = _mm_add_epi32(pos_result, neg_result);
      |                ^~~~~~~~~~~~~
make: *** [/opt/R/4.6.0/lib/R/etc/Makeconf:199: PrintClassSizes.o] Error 1
ERROR: compilation failed for package ‘rayrender’
* removing ‘/home/runner/work/_temp/rayrender-benchmark-workdirs/rayrender-bench-root-265f34e016a9/rayrender-current-o3_native_no_simd-265f6e68d934/r-lib/rayrender’",NA,NA,"/home/runner/work/_temp/rayrender-benchmark-workdirs/rayrender-bench-root-265f34e016a9/rayrender-current-o3_native_no_simd-265f6e68d934/logs/R-CMD-INSTALL.log",NA,NA,"/home/runner/work/_temp/rayrender-benchmark-workdirs/rayrender-bench-root-265f34e016a9/rayrender-current-o3_native_no_simd-265f6e68d934"
"2026-05-26T00:51:39Z","26425829110","1","Render Benchmarks","push","current","current","4d1bc555363e8a2f605df8a7188df0cba19a2820","false","deferred",NA,NA,NA,"bvh_mixed_primitives","/home/runner/work/rayrender/rayrender/tools/benchmarks/scenes/bvh_mixed_primitives.R","{""width"":50,""height"":50,""samples"":32,""seed"":1,""threads"":1,""time_build"":true,""write_artifact"":false,""sphere_count"":3000,""object_count"":3000}",NA,"3","1","1","50","50","32","1","TRUE","o3_native_no_simd","error in running command","gcc -std=gnu2x","g++ -std=gnu++20","-O3 -march=native","-O3 -march=native","-O3 -march=native",NA,NA,"{""RAYRENDER_DISABLE_SIMD"":""true""}","FALSE","FALSE","FALSE","FALSE","Linux","Linux","6.17.0-1013-azure","x86_64",NA,"4",NA,"R version 4.6.0 (2026-04-24)","rayrender","0.40.1","3.649000",NA,NA,NA,NA,NA,NA,NA,NA,NA,NA,"3.649000",NA,"build_failed","/_temp/Library/libimath/lib/x86_64 -Wl,-rpath,/home/runner/work/_temp/Library/libimath/lib/x86_64 -Wl,-rpath-link,/home/runner/work/_temp/Library/libimath/lib/x86_64 -lImath-3_2
--------------------------------------------------
** finished configure for package 'rayrender'
** libs
specified C++20
using C++ compiler: ‘g++ (Ubuntu 13.3.0-6ubuntu2~24.04.1) 13.3.0’
using C++20
g++ -std=gnu++20 -I""/opt/R/4.6.0/lib/R/include"" -DNDEBUG -I/home/runner/work/_temp/Library/libopenexr/include/OpenEXR -I/home/runner/work/_temp/Library/libimath/include/Imath  -I'/home/runner/work/_temp/Library/Rcpp/include' -I'/home/runner/work/_temp/Library/RcppThread/include' -I'/home/runner/work/_temp/Library/progress/include' -I'/home/runner/work/_temp/Library/spacefillr/include' -I'/home/runner/work/_temp/Library/testthat/include' -I'/home/runner/work/_temp/Library/libopenexr/include' -I'/home/runner/work/_temp/Library/libimath/include' -I/usr/local/include   -DRAY_REPRODUCE_PERLIN -DSTRICT_R_HEADERS -DRAY_HAS_X11 -ffp-contract=off -fvisibility=hidden -fvisibility-inlines-hidden -fpic  -g -O2   -c PrintClassSizes.cpp -o PrintClassSizes.o
In file included from hitables/../math/../core/../math/vec3.h:7,
                 from hitables/../math/../core/ray.h:5,
                 from hitables/../math/aabb.h:4,
                 from hitables/hitable.h:4,
                 from PrintClassSizes.cpp:2:
hitables/../math/../core/../math/../math/simd.h: In function ‘IVec4 simd_sgn(const IVec4&)’:
hitables/../math/../core/../math/../math/simd.h:715:5: error: ‘__m128i’ was not declared in this scope
  715 |     __m128i zero = _mm_setzero_si128();
      |     ^~~~~~~
hitables/../math/../core/../math/../math/simd.h:716:12: error: expected ‘;’ before ‘one’
  716 |     __m128i one = _mm_set1_epi32(1);
      |            ^~~~
      |            ;
hitables/../math/../core/../math/../math/simd.h:717:12: error: expected ‘;’ before ‘neg_one’
  717 |     __m128i neg_one = _mm_set1_epi32(-1);
      |            ^~~~~~~~
      |            ;
hitables/../math/../core/../math/../math/simd.h:719:12: error: expected ‘;’ before ‘gt_mask’
  719 |     __m128i gt_mask = _mm_cmpgt_epi32(a.v, zero);  // x > 0
      |            ^~~~~~~~
      |            ;
hitables/../math/../core/../math/../math/simd.h:720:12: error: expected ‘;’ before ‘lt_mask’
  720 |     __m128i lt_mask = _mm_cmpgt_epi32(zero, a.v);  // x < 0
      |            ^~~~~~~~
      |            ;
hitables/../math/../core/../math/../math/simd.h:722:12: error: expected ‘;’ before ‘pos_result’
  722 |     __m128i pos_result = _mm_and_si128(gt_mask, one);     // 1 where x > 0
      |            ^~~~~~~~~~~
      |            ;
hitables/../math/../core/../math/../math/simd.h:723:12: error: expected ‘;’ before ‘neg_result’
  723 |     __m128i neg_result = _mm_and_si128(lt_mask, neg_one); // -1 where x < 0
      |            ^~~~~~~~~~~
      |            ;
hitables/../math/../core/../math/../math/simd.h:725:30: error: ‘pos_result’ was not declared in this scope; did you mean ‘result’?
  725 |     result.v = _mm_add_epi32(pos_result, neg_result);
      |                              ^~~~~~~~~~
      |                              result
hitables/../math/../core/../math/../math/simd.h:725:42: error: ‘neg_result’ was not declared in this scope; did you mean ‘result’?
  725 |     result.v = _mm_add_epi32(pos_result, neg_result);
      |                                          ^~~~~~~~~~
      |                                          result
hitables/../math/../core/../math/../math/simd.h:725:16: error: ‘_mm_add_epi32’ was not declared in this scope
  725 |     result.v = _mm_add_epi32(pos_result, neg_result);
      |                ^~~~~~~~~~~~~
make: *** [/opt/R/4.6.0/lib/R/etc/Makeconf:199: PrintClassSizes.o] Error 1
ERROR: compilation failed for package ‘rayrender’
* removing ‘/home/runner/work/_temp/rayrender-benchmark-workdirs/rayrender-bench-root-265f34e016a9/rayrender-current-o3_native_no_simd-265f6e68d934/r-lib/rayrender’",NA,NA,"/home/runner/work/_temp/rayrender-benchmark-workdirs/rayrender-bench-root-265f34e016a9/rayrender-current-o3_native_no_simd-265f6e68d934/logs/R-CMD-INSTALL.log",NA,NA,"/home/runner/work/_temp/rayrender-benchmark-workdirs/rayrender-bench-root-265f34e016a9/rayrender-current-o3_native_no_simd-265f6e68d934"
"2026-05-26T00:57:02Z","26425829110","1","Render Benchmarks","push","current","current","4d1bc555363e8a2f605df8a7188df0cba19a2820","false","deferred",NA,NA,NA,"bvh_many_spheres","/home/runner/work/rayrender/rayrender/tools/benchmarks/scenes/bvh_many_spheres.R","{""width"":50,""height"":50,""samples"":32,""seed"":1,""threads"":1,""time_build"":true,""write_artifact"":false,""sphere_count"":3000,""object_count"":3000}","1","3","1","1","50","50","32","1","TRUE","o3_native_simd_sse","error in running command","gcc -std=gnu2x","g++ -std=gnu++20","-O3 -march=native -DRAYSIMD -DHAS_SSE","-O3 -march=native -DRAYSIMD -DHAS_SSE","-O3 -march=native -DRAYSIMD -DHAS_SSE",NA,NA,"{}","TRUE","TRUE","TRUE","FALSE","Linux","Linux","6.17.0-1013-azure","x86_64",NA,"4",NA,"R version 4.6.0 (2026-04-24)","rayrender","0.40.1","266.714000",NA,"2.678",NA,"0.754","3.432",NA,"4.160000","0.430000","169872","165.890625","266.714000",NA,"ok",NA,"7ab4bddb9095698e3ffa5b9259fc38d2",NA,"/home/runner/work/_temp/rayrender-benchmark-workdirs/rayrender-bench-root-2648492d891f/rayrender-current-o3_native_simd_sse-26487f904d6b/logs/R-CMD-INSTALL.log","/home/runner/work/_temp/rayrender-benchmark-workdirs/rayrender-bench-root-2648492d891f/rayrender-current-o3_native_simd_sse-26487f904d6b/logs/bvh_many_spheres-1.log","/home/runner/work/_temp/rayrender-benchmark-workdirs/rayrender-bench-root-2648492d891f/rayrender-current-o3_native_simd_sse-26487f904d6b/logs/bvh_many_spheres-1.time.log","/home/runner/work/_temp/rayrender-benchmark-workdirs/rayrender-bench-root-2648492d891f/rayrender-current-o3_native_simd_sse-26487f904d6b"
"2026-05-26T00:57:06Z","26425829110","1","Render Benchmarks","push","current","current","4d1bc555363e8a2f605df8a7188df0cba19a2820","false","deferred",NA,NA,NA,"bvh_many_spheres","/home/runner/work/rayrender/rayrender/tools/benchmarks/scenes/bvh_many_spheres.R","{""width"":50,""height"":50,""samples"":32,""seed"":1,""threads"":1,""time_build"":true,""write_artifact"":false,""sphere_count"":3000,""object_count"":3000}","2","3","1","1","50","50","32","1","TRUE","o3_native_simd_sse","error in running command","gcc -std=gnu2x","g++ -std=gnu++20","-O3 -march=native -DRAYSIMD -DHAS_SSE","-O3 -march=native -DRAYSIMD -DHAS_SSE","-O3 -march=native -DRAYSIMD -DHAS_SSE",NA,NA,"{}","TRUE","TRUE","TRUE","FALSE","Linux","Linux","6.17.0-1013-azure","x86_64",NA,"4",NA,"R version 4.6.0 (2026-04-24)","rayrender","0.40.1","266.714000",NA,"2.658",NA,"0.752","3.41",NA,"4.120000","0.440000","170172","166.183594","266.714000",NA,"ok",NA,"7ab4bddb9095698e3ffa5b9259fc38d2",NA,"/home/runner/work/_temp/rayrender-benchmark-workdirs/rayrender-bench-root-2648492d891f/rayrender-current-o3_native_simd_sse-26487f904d6b/logs/R-CMD-INSTALL.log","/home/runner/work/_temp/rayrender-benchmark-workdirs/rayrender-bench-root-2648492d891f/rayrender-current-o3_native_simd_sse-26487f904d6b/logs/bvh_many_spheres-2.log","/home/runner/work/_temp/rayrender-benchmark-workdirs/rayrender-bench-root-2648492d891f/rayrender-current-o3_native_simd_sse-26487f904d6b/logs/bvh_many_spheres-2.time.log","/home/runner/work/_temp/rayrender-benchmark-workdirs/rayrender-bench-root-2648492d891f/rayrender-current-o3_native_simd_sse-26487f904d6b"
"2026-05-26T00:57:10Z","26425829110","1","Render Benchmarks","push","current","current","4d1bc555363e8a2f605df8a7188df0cba19a2820","false","deferred",NA,NA,NA,"bvh_many_spheres","/home/runner/work/rayrender/rayrender/tools/benchmarks/scenes/bvh_many_spheres.R","{""width"":50,""height"":50,""samples"":32,""seed"":1,""threads"":1,""time_build"":true,""write_artifact"":false,""sphere_count"":3000,""object_count"":3000}","3","3","1","1","50","50","32","1","TRUE","o3_native_simd_sse","error in running command","gcc -std=gnu2x","g++ -std=gnu++20","-O3 -march=native -DRAYSIMD -DHAS_SSE","-O3 -march=native -DRAYSIMD -DHAS_SSE","-O3 -march=native -DRAYSIMD -DHAS_SSE",NA,NA,"{}","TRUE","TRUE","TRUE","FALSE","Linux","Linux","6.17.0-1013-azure","x86_64",NA,"4",NA,"R version 4.6.0 (2026-04-24)","rayrender","0.40.1","266.714000",NA,"2.7",NA,"0.749000000000001","3.449",NA,"4.160000","0.420000","170020","166.035156","266.714000",NA,"ok",NA,"7ab4bddb9095698e3ffa5b9259fc38d2",NA,"/home/runner/work/_temp/rayrender-benchmark-workdirs/rayrender-bench-root-2648492d891f/rayrender-current-o3_native_simd_sse-26487f904d6b/logs/R-CMD-INSTALL.log","/home/runner/work/_temp/rayrender-benchmark-workdirs/rayrender-bench-root-2648492d891f/rayrender-current-o3_native_simd_sse-26487f904d6b/logs/bvh_many_spheres-3.log","/home/runner/work/_temp/rayrender-benchmark-workdirs/rayrender-bench-root-2648492d891f/rayrender-current-o3_native_simd_sse-26487f904d6b/logs/bvh_many_spheres-3.time.log","/home/runner/work/_temp/rayrender-benchmark-workdirs/rayrender-bench-root-2648492d891f/rayrender-current-o3_native_simd_sse-26487f904d6b"
"2026-05-26T00:57:20Z","26425829110","1","Render Benchmarks","push","current","current","4d1bc555363e8a2f605df8a7188df0cba19a2820","false","deferred",NA,NA,NA,"bvh_mixed_primitives","/home/runner/work/rayrender/rayrender/tools/benchmarks/scenes/bvh_mixed_primitives.R","{""width"":50,""height"":50,""samples"":32,""seed"":1,""threads"":1,""time_build"":true,""write_artifact"":false,""sphere_count"":3000,""object_count"":3000}","1","3","1","1","50","50","32","1","TRUE","o3_native_simd_sse","error in running command","gcc -std=gnu2x","g++ -std=gnu++20","-O3 -march=native -DRAYSIMD -DHAS_SSE","-O3 -march=native -DRAYSIMD -DHAS_SSE","-O3 -march=native -DRAYSIMD -DHAS_SSE",NA,NA,"{}","TRUE","TRUE","TRUE","FALSE","Linux","Linux","6.17.0-1013-azure","x86_64",NA,"4",NA,"R version 4.6.0 (2026-04-24)","rayrender","0.40.1","266.714000",NA,"2.741",NA,"1.051","3.792",NA,"4.440000","0.510000","170400","166.406250","266.714000",NA,"ok",NA,"3b949af2755eb4dce15a1790d1175a40",NA,"/home/runner/work/_temp/rayrender-benchmark-workdirs/rayrender-bench-root-2648492d891f/rayrender-current-o3_native_simd_sse-26487f904d6b/logs/R-CMD-INSTALL.log","/home/runner/work/_temp/rayrender-benchmark-workdirs/rayrender-bench-root-2648492d891f/rayrender-current-o3_native_simd_sse-26487f904d6b/logs/bvh_mixed_primitives-1.log","/home/runner/work/_temp/rayrender-benchmark-workdirs/rayrender-bench-root-2648492d891f/rayrender-current-o3_native_simd_sse-26487f904d6b/logs/bvh_mixed_primitives-1.time.log","/home/runner/work/_temp/rayrender-benchmark-workdirs/rayrender-bench-root-2648492d891f/rayrender-current-o3_native_simd_sse-26487f904d6b"
"2026-05-26T00:57:24Z","26425829110","1","Render Benchmarks","push","current","current","4d1bc555363e8a2f605df8a7188df0cba19a2820","false","deferred",NA,NA,NA,"bvh_mixed_primitives","/home/runner/work/rayrender/rayrender/tools/benchmarks/scenes/bvh_mixed_primitives.R","{""width"":50,""height"":50,""samples"":32,""seed"":1,""threads"":1,""time_build"":true,""write_artifact"":false,""sphere_count"":3000,""object_count"":3000}","2","3","1","1","50","50","32","1","TRUE","o3_native_simd_sse","error in running command","gcc -std=gnu2x","g++ -std=gnu++20","-O3 -march=native -DRAYSIMD -DHAS_SSE","-O3 -march=native -DRAYSIMD -DHAS_SSE","-O3 -march=native -DRAYSIMD -DHAS_SSE",NA,NA,"{}","TRUE","TRUE","TRUE","FALSE","Linux","Linux","6.17.0-1013-azure","x86_64",NA,"4",NA,"R version 4.6.0 (2026-04-24)","rayrender","0.40.1","266.714000",NA,"2.686",NA,"1.04","3.726",NA,"4.370000","0.490000","170284","166.292969","266.714000",NA,"ok",NA,"3b949af2755eb4dce15a1790d1175a40",NA,"/home/runner/work/_temp/rayrender-benchmark-workdirs/rayrender-bench-root-2648492d891f/rayrender-current-o3_native_simd_sse-26487f904d6b/logs/R-CMD-INSTALL.log","/home/runner/work/_temp/rayrender-benchmark-workdirs/rayrender-bench-root-2648492d891f/rayrender-current-o3_native_simd_sse-26487f904d6b/logs/bvh_mixed_primitives-2.log","/home/runner/work/_temp/rayrender-benchmark-workdirs/rayrender-bench-root-2648492d891f/rayrender-current-o3_native_simd_sse-26487f904d6b/logs/bvh_mixed_primitives-2.time.log","/home/runner/work/_temp/rayrender-benchmark-workdirs/rayrender-bench-root-2648492d891f/rayrender-current-o3_native_simd_sse-26487f904d6b"
"2026-05-26T00:57:29Z","26425829110","1","Render Benchmarks","push","current","current","4d1bc555363e8a2f605df8a7188df0cba19a2820","false","deferred",NA,NA,NA,"bvh_mixed_primitives","/home/runner/work/rayrender/rayrender/tools/benchmarks/scenes/bvh_mixed_primitives.R","{""width"":50,""height"":50,""samples"":32,""seed"":1,""threads"":1,""time_build"":true,""write_artifact"":false,""sphere_count"":3000,""object_count"":3000}","3","3","1","1","50","50","32","1","TRUE","o3_native_simd_sse","error in running command","gcc -std=gnu2x","g++ -std=gnu++20","-O3 -march=native -DRAYSIMD -DHAS_SSE","-O3 -march=native -DRAYSIMD -DHAS_SSE","-O3 -march=native -DRAYSIMD -DHAS_SSE",NA,NA,"{}","TRUE","TRUE","TRUE","FALSE","Linux","Linux","6.17.0-1013-azure","x86_64",NA,"4",NA,"R version 4.6.0 (2026-04-24)","rayrender","0.40.1","266.714000",NA,"2.626",NA,"1.038","3.664",NA,"4.320000","0.470000","170332","166.339844","266.714000",NA,"ok",NA,"3b949af2755eb4dce15a1790d1175a40",NA,"/home/runner/work/_temp/rayrender-benchmark-workdirs/rayrender-bench-root-2648492d891f/rayrender-current-o3_native_simd_sse-26487f904d6b/logs/R-CMD-INSTALL.log","/home/runner/work/_temp/rayrender-benchmark-workdirs/rayrender-bench-root-2648492d891f/rayrender-current-o3_native_simd_sse-26487f904d6b/logs/bvh_mixed_primitives-3.log","/home/runner/work/_temp/rayrender-benchmark-workdirs/rayrender-bench-root-2648492d891f/rayrender-current-o3_native_simd_sse-26487f904d6b/logs/bvh_mixed_primitives-3.time.log","/home/runner/work/_temp/rayrender-benchmark-workdirs/rayrender-bench-root-2648492d891f/rayrender-current-o3_native_simd_sse-26487f904d6b"
"2026-06-02T12:16:42Z","26818408857","1","Render Benchmarks","push","current","current","64d0e74dc960b21d5c7132d137d5fa2a3ca58aa6","false","deferred",NA,NA,NA,"bvh_many_spheres","/home/runner/work/rayrender/rayrender/tools/benchmarks/scenes/bvh_many_spheres.R","{""width"":50,""height"":50,""samples"":32,""seed"":1,""threads"":1,""time_build"":true,""write_artifact"":false,""sphere_count"":3000,""object_count"":3000}",NA,"3","1","1","50","50","32","1","TRUE","o3_native_no_simd","error in running command","gcc -std=gnu2x","g++ -std=gnu++20","-O3 -march=native","-O3 -march=native","-O3 -march=native",NA,NA,"{""RAYRENDER_DISABLE_SIMD"":""true""}","FALSE","FALSE","FALSE","FALSE","Linux","Linux","6.17.0-1015-azure","x86_64",NA,"4",NA,"R version 4.6.0 (2026-04-24)","rayrender","0.40.1","3.590000",NA,NA,NA,NA,NA,NA,NA,NA,NA,NA,"3.590000",NA,"build_failed","/_temp/Library/libimath/lib/x86_64 -Wl,-rpath,/home/runner/work/_temp/Library/libimath/lib/x86_64 -Wl,-rpath-link,/home/runner/work/_temp/Library/libimath/lib/x86_64 -lImath-3_2
--------------------------------------------------
** finished configure for package 'rayrender'
** libs
specified C++20
using C++ compiler: ‘g++ (Ubuntu 13.3.0-6ubuntu2~24.04.1) 13.3.0’
using C++20
g++ -std=gnu++20 -I""/opt/R/4.6.0/lib/R/include"" -DNDEBUG -I/home/runner/work/_temp/Library/libopenexr/include/OpenEXR -I/home/runner/work/_temp/Library/libimath/include/Imath  -I'/home/runner/work/_temp/Library/Rcpp/include' -I'/home/runner/work/_temp/Library/RcppThread/include' -I'/home/runner/work/_temp/Library/progress/include' -I'/home/runner/work/_temp/Library/spacefillr/include' -I'/home/runner/work/_temp/Library/testthat/include' -I'/home/runner/work/_temp/Library/libopenexr/include' -I'/home/runner/work/_temp/Library/libimath/include' -I/usr/local/include   -DRAY_REPRODUCE_PERLIN -DSTRICT_R_HEADERS -DRAY_HAS_X11 -ffp-contract=off -fvisibility=hidden -fvisibility-inlines-hidden -fpic  -g -O2   -c PrintClassSizes.cpp -o PrintClassSizes.o
In file included from hitables/../math/../core/../math/vec3.h:7,
                 from hitables/../math/../core/ray.h:5,
                 from hitables/../math/aabb.h:4,
                 from hitables/hitable.h:4,
                 from PrintClassSizes.cpp:2:
hitables/../math/../core/../math/../math/simd.h: In function ‘IVec4 simd_sgn(const IVec4&)’:
hitables/../math/../core/../math/../math/simd.h:715:5: error: ‘__m128i’ was not declared in this scope
  715 |     __m128i zero = _mm_setzero_si128();
      |     ^~~~~~~
hitables/../math/../core/../math/../math/simd.h:716:12: error: expected ‘;’ before ‘one’
  716 |     __m128i one = _mm_set1_epi32(1);
      |            ^~~~
      |            ;
hitables/../math/../core/../math/../math/simd.h:717:12: error: expected ‘;’ before ‘neg_one’
  717 |     __m128i neg_one = _mm_set1_epi32(-1);
      |            ^~~~~~~~
      |            ;
hitables/../math/../core/../math/../math/simd.h:719:12: error: expected ‘;’ before ‘gt_mask’
  719 |     __m128i gt_mask = _mm_cmpgt_epi32(a.v, zero);  // x > 0
      |            ^~~~~~~~
      |            ;
hitables/../math/../core/../math/../math/simd.h:720:12: error: expected ‘;’ before ‘lt_mask’
  720 |     __m128i lt_mask = _mm_cmpgt_epi32(zero, a.v);  // x < 0
      |            ^~~~~~~~
      |            ;
hitables/../math/../core/../math/../math/simd.h:722:12: error: expected ‘;’ before ‘pos_result’
  722 |     __m128i pos_result = _mm_and_si128(gt_mask, one);     // 1 where x > 0
      |            ^~~~~~~~~~~
      |            ;
hitables/../math/../core/../math/../math/simd.h:723:12: error: expected ‘;’ before ‘neg_result’
  723 |     __m128i neg_result = _mm_and_si128(lt_mask, neg_one); // -1 where x < 0
      |            ^~~~~~~~~~~
      |            ;
hitables/../math/../core/../math/../math/simd.h:725:30: error: ‘pos_result’ was not declared in this scope; did you mean ‘result’?
  725 |     result.v = _mm_add_epi32(pos_result, neg_result);
      |                              ^~~~~~~~~~
      |                              result
hitables/../math/../core/../math/../math/simd.h:725:42: error: ‘neg_result’ was not declared in this scope; did you mean ‘result’?
  725 |     result.v = _mm_add_epi32(pos_result, neg_result);
      |                                          ^~~~~~~~~~
      |                                          result
hitables/../math/../core/../math/../math/simd.h:725:16: error: ‘_mm_add_epi32’ was not declared in this scope
  725 |     result.v = _mm_add_epi32(pos_result, neg_result);
      |                ^~~~~~~~~~~~~
make: *** [/opt/R/4.6.0/lib/R/etc/Makeconf:199: PrintClassSizes.o] Error 1
ERROR: compilation failed for package ‘rayrender’
* removing ‘/home/runner/work/_temp/rayrender-benchmark-workdirs/rayrender-bench-root-33044fcd1edc/rayrender-current-o3_native_no_simd-33041731af52/r-lib/rayrender’",NA,NA,"/home/runner/work/_temp/rayrender-benchmark-workdirs/rayrender-bench-root-33044fcd1edc/rayrender-current-o3_native_no_simd-33041731af52/logs/R-CMD-INSTALL.log",NA,NA,"/home/runner/work/_temp/rayrender-benchmark-workdirs/rayrender-bench-root-33044fcd1edc/rayrender-current-o3_native_no_simd-33041731af52"
"2026-06-02T12:16:42Z","26818408857","1","Render Benchmarks","push","current","current","64d0e74dc960b21d5c7132d137d5fa2a3ca58aa6","false","deferred",NA,NA,NA,"bvh_mixed_primitives","/home/runner/work/rayrender/rayrender/tools/benchmarks/scenes/bvh_mixed_primitives.R","{""width"":50,""height"":50,""samples"":32,""seed"":1,""threads"":1,""time_build"":true,""write_artifact"":false,""sphere_count"":3000,""object_count"":3000}",NA,"3","1","1","50","50","32","1","TRUE","o3_native_no_simd","error in running command","gcc -std=gnu2x","g++ -std=gnu++20","-O3 -march=native","-O3 -march=native","-O3 -march=native",NA,NA,"{""RAYRENDER_DISABLE_SIMD"":""true""}","FALSE","FALSE","FALSE","FALSE","Linux","Linux","6.17.0-1015-azure","x86_64",NA,"4",NA,"R version 4.6.0 (2026-04-24)","rayrender","0.40.1","3.590000",NA,NA,NA,NA,NA,NA,NA,NA,NA,NA,"3.590000",NA,"build_failed","/_temp/Library/libimath/lib/x86_64 -Wl,-rpath,/home/runner/work/_temp/Library/libimath/lib/x86_64 -Wl,-rpath-link,/home/runner/work/_temp/Library/libimath/lib/x86_64 -lImath-3_2
--------------------------------------------------
** finished configure for package 'rayrender'
** libs
specified C++20
using C++ compiler: ‘g++ (Ubuntu 13.3.0-6ubuntu2~24.04.1) 13.3.0’
using C++20
g++ -std=gnu++20 -I""/opt/R/4.6.0/lib/R/include"" -DNDEBUG -I/home/runner/work/_temp/Library/libopenexr/include/OpenEXR -I/home/runner/work/_temp/Library/libimath/include/Imath  -I'/home/runner/work/_temp/Library/Rcpp/include' -I'/home/runner/work/_temp/Library/RcppThread/include' -I'/home/runner/work/_temp/Library/progress/include' -I'/home/runner/work/_temp/Library/spacefillr/include' -I'/home/runner/work/_temp/Library/testthat/include' -I'/home/runner/work/_temp/Library/libopenexr/include' -I'/home/runner/work/_temp/Library/libimath/include' -I/usr/local/include   -DRAY_REPRODUCE_PERLIN -DSTRICT_R_HEADERS -DRAY_HAS_X11 -ffp-contract=off -fvisibility=hidden -fvisibility-inlines-hidden -fpic  -g -O2   -c PrintClassSizes.cpp -o PrintClassSizes.o
In file included from hitables/../math/../core/../math/vec3.h:7,
                 from hitables/../math/../core/ray.h:5,
                 from hitables/../math/aabb.h:4,
                 from hitables/hitable.h:4,
                 from PrintClassSizes.cpp:2:
hitables/../math/../core/../math/../math/simd.h: In function ‘IVec4 simd_sgn(const IVec4&)’:
hitables/../math/../core/../math/../math/simd.h:715:5: error: ‘__m128i’ was not declared in this scope
  715 |     __m128i zero = _mm_setzero_si128();
      |     ^~~~~~~
hitables/../math/../core/../math/../math/simd.h:716:12: error: expected ‘;’ before ‘one’
  716 |     __m128i one = _mm_set1_epi32(1);
      |            ^~~~
      |            ;
hitables/../math/../core/../math/../math/simd.h:717:12: error: expected ‘;’ before ‘neg_one’
  717 |     __m128i neg_one = _mm_set1_epi32(-1);
      |            ^~~~~~~~
      |            ;
hitables/../math/../core/../math/../math/simd.h:719:12: error: expected ‘;’ before ‘gt_mask’
  719 |     __m128i gt_mask = _mm_cmpgt_epi32(a.v, zero);  // x > 0
      |            ^~~~~~~~
      |            ;
hitables/../math/../core/../math/../math/simd.h:720:12: error: expected ‘;’ before ‘lt_mask’
  720 |     __m128i lt_mask = _mm_cmpgt_epi32(zero, a.v);  // x < 0
      |            ^~~~~~~~
      |            ;
hitables/../math/../core/../math/../math/simd.h:722:12: error: expected ‘;’ before ‘pos_result’
  722 |     __m128i pos_result = _mm_and_si128(gt_mask, one);     // 1 where x > 0
      |            ^~~~~~~~~~~
      |            ;
hitables/../math/../core/../math/../math/simd.h:723:12: error: expected ‘;’ before ‘neg_result’
  723 |     __m128i neg_result = _mm_and_si128(lt_mask, neg_one); // -1 where x < 0
      |            ^~~~~~~~~~~
      |            ;
hitables/../math/../core/../math/../math/simd.h:725:30: error: ‘pos_result’ was not declared in this scope; did you mean ‘result’?
  725 |     result.v = _mm_add_epi32(pos_result, neg_result);
      |                              ^~~~~~~~~~
      |                              result
hitables/../math/../core/../math/../math/simd.h:725:42: error: ‘neg_result’ was not declared in this scope; did you mean ‘result’?
  725 |     result.v = _mm_add_epi32(pos_result, neg_result);
      |                                          ^~~~~~~~~~
      |                                          result
hitables/../math/../core/../math/../math/simd.h:725:16: error: ‘_mm_add_epi32’ was not declared in this scope
  725 |     result.v = _mm_add_epi32(pos_result, neg_result);
      |                ^~~~~~~~~~~~~
make: *** [/opt/R/4.6.0/lib/R/etc/Makeconf:199: PrintClassSizes.o] Error 1
ERROR: compilation failed for package ‘rayrender’
* removing ‘/home/runner/work/_temp/rayrender-benchmark-workdirs/rayrender-bench-root-33044fcd1edc/rayrender-current-o3_native_no_simd-33041731af52/r-lib/rayrender’",NA,NA,"/home/runner/work/_temp/rayrender-benchmark-workdirs/rayrender-bench-root-33044fcd1edc/rayrender-current-o3_native_no_simd-33041731af52/logs/R-CMD-INSTALL.log",NA,NA,"/home/runner/work/_temp/rayrender-benchmark-workdirs/rayrender-bench-root-33044fcd1edc/rayrender-current-o3_native_no_simd-33041731af52"
"2026-06-02T12:20:09Z","26818408857","1","Render Benchmarks","push","current","current","64d0e74dc960b21d5c7132d137d5fa2a3ca58aa6","false","deferred",NA,NA,NA,"bvh_many_spheres","/home/runner/work/rayrender/rayrender/tools/benchmarks/scenes/bvh_many_spheres.R","{""width"":50,""height"":50,""samples"":32,""seed"":1,""threads"":1,""time_build"":true,""write_artifact"":false,""sphere_count"":3000,""object_count"":3000}","1","3","1","1","50","50","32","1","TRUE","o3_native_simd_sse","error in running command","gcc -std=gnu2x","g++ -std=gnu++20","-O3 -march=native -DRAYSIMD -DHAS_SSE","-O3 -march=native -DRAYSIMD -DHAS_SSE","-O3 -march=native -DRAYSIMD -DHAS_SSE",NA,NA,"{}","TRUE","TRUE","TRUE","FALSE","Linux","Linux","6.17.0-1015-azure","x86_64",NA,"4",NA,"R version 4.6.0 (2026-04-24)","rayrender","0.40.1","245.345000",NA,"2.366",NA,"0.71","3.076",NA,"3.800000","0.320000","173484","169.417969","245.345000",NA,"ok",NA,"7ab4bddb9095698e3ffa5b9259fc38d2",NA,"/home/runner/work/_temp/rayrender-benchmark-workdirs/rayrender-bench-root-32b242ce5457/rayrender-current-o3_native_simd_sse-32b252f37bc3/logs/R-CMD-INSTALL.log","/home/runner/work/_temp/rayrender-benchmark-workdirs/rayrender-bench-root-32b242ce5457/rayrender-current-o3_native_simd_sse-32b252f37bc3/logs/bvh_many_spheres-1.log","/home/runner/work/_temp/rayrender-benchmark-workdirs/rayrender-bench-root-32b242ce5457/rayrender-current-o3_native_simd_sse-32b252f37bc3/logs/bvh_many_spheres-1.time.log","/home/runner/work/_temp/rayrender-benchmark-workdirs/rayrender-bench-root-32b242ce5457/rayrender-current-o3_native_simd_sse-32b252f37bc3"
"2026-06-02T12:20:13Z","26818408857","1","Render Benchmarks","push","current","current","64d0e74dc960b21d5c7132d137d5fa2a3ca58aa6","false","deferred",NA,NA,NA,"bvh_many_spheres","/home/runner/work/rayrender/rayrender/tools/benchmarks/scenes/bvh_many_spheres.R","{""width"":50,""height"":50,""samples"":32,""seed"":1,""threads"":1,""time_build"":true,""write_artifact"":false,""sphere_count"":3000,""object_count"":3000}","2","3","1","1","50","50","32","1","TRUE","o3_native_simd_sse","error in running command","gcc -std=gnu2x","g++ -std=gnu++20","-O3 -march=native -DRAYSIMD -DHAS_SSE","-O3 -march=native -DRAYSIMD -DHAS_SSE","-O3 -march=native -DRAYSIMD -DHAS_SSE",NA,NA,"{}","TRUE","TRUE","TRUE","FALSE","Linux","Linux","6.17.0-1015-azure","x86_64",NA,"4",NA,"R version 4.6.0 (2026-04-24)","rayrender","0.40.1","245.345000",NA,"2.342",NA,"0.714","3.056",NA,"3.790000","0.320000","173928","169.851562","245.345000",NA,"ok",NA,"7ab4bddb9095698e3ffa5b9259fc38d2",NA,"/home/runner/work/_temp/rayrender-benchmark-workdirs/rayrender-bench-root-32b242ce5457/rayrender-current-o3_native_simd_sse-32b252f37bc3/logs/R-CMD-INSTALL.log","/home/runner/work/_temp/rayrender-benchmark-workdirs/rayrender-bench-root-32b242ce5457/rayrender-current-o3_native_simd_sse-32b252f37bc3/logs/bvh_many_spheres-2.log","/home/runner/work/_temp/rayrender-benchmark-workdirs/rayrender-bench-root-32b242ce5457/rayrender-current-o3_native_simd_sse-32b252f37bc3/logs/bvh_many_spheres-2.time.log","/home/runner/work/_temp/rayrender-benchmark-workdirs/rayrender-bench-root-32b242ce5457/rayrender-current-o3_native_simd_sse-32b252f37bc3"
"2026-06-02T12:20:17Z","26818408857","1","Render Benchmarks","push","current","current","64d0e74dc960b21d5c7132d137d5fa2a3ca58aa6","false","deferred",NA,NA,NA,"bvh_many_spheres","/home/runner/work/rayrender/rayrender/tools/benchmarks/scenes/bvh_many_spheres.R","{""width"":50,""height"":50,""samples"":32,""seed"":1,""threads"":1,""time_build"":true,""write_artifact"":false,""sphere_count"":3000,""object_count"":3000}","3","3","1","1","50","50","32","1","TRUE","o3_native_simd_sse","error in running command","gcc -std=gnu2x","g++ -std=gnu++20","-O3 -march=native -DRAYSIMD -DHAS_SSE","-O3 -march=native -DRAYSIMD -DHAS_SSE","-O3 -march=native -DRAYSIMD -DHAS_SSE",NA,NA,"{}","TRUE","TRUE","TRUE","FALSE","Linux","Linux","6.17.0-1015-azure","x86_64",NA,"4",NA,"R version 4.6.0 (2026-04-24)","rayrender","0.40.1","245.345000",NA,"2.336",NA,"0.708","3.044",NA,"3.750000","0.340000","173820","169.746094","245.345000",NA,"ok",NA,"7ab4bddb9095698e3ffa5b9259fc38d2",NA,"/home/runner/work/_temp/rayrender-benchmark-workdirs/rayrender-bench-root-32b242ce5457/rayrender-current-o3_native_simd_sse-32b252f37bc3/logs/R-CMD-INSTALL.log","/home/runner/work/_temp/rayrender-benchmark-workdirs/rayrender-bench-root-32b242ce5457/rayrender-current-o3_native_simd_sse-32b252f37bc3/logs/bvh_many_spheres-3.log","/home/runner/work/_temp/rayrender-benchmark-workdirs/rayrender-bench-root-32b242ce5457/rayrender-current-o3_native_simd_sse-32b252f37bc3/logs/bvh_many_spheres-3.time.log","/home/runner/work/_temp/rayrender-benchmark-workdirs/rayrender-bench-root-32b242ce5457/rayrender-current-o3_native_simd_sse-32b252f37bc3"
"2026-06-02T12:20:26Z","26818408857","1","Render Benchmarks","push","current","current","64d0e74dc960b21d5c7132d137d5fa2a3ca58aa6","false","deferred",NA,NA,NA,"bvh_mixed_primitives","/home/runner/work/rayrender/rayrender/tools/benchmarks/scenes/bvh_mixed_primitives.R","{""width"":50,""height"":50,""samples"":32,""seed"":1,""threads"":1,""time_build"":true,""write_artifact"":false,""sphere_count"":3000,""object_count"":3000}","1","3","1","1","50","50","32","1","TRUE","o3_native_simd_sse","error in running command","gcc -std=gnu2x","g++ -std=gnu++20","-O3 -march=native -DRAYSIMD -DHAS_SSE","-O3 -march=native -DRAYSIMD -DHAS_SSE","-O3 -march=native -DRAYSIMD -DHAS_SSE",NA,NA,"{}","TRUE","TRUE","TRUE","FALSE","Linux","Linux","6.17.0-1015-azure","x86_64",NA,"4",NA,"R version 4.6.0 (2026-04-24)","rayrender","0.40.1","245.345000",NA,"2.403",NA,"0.999","3.402",NA,"4.080000","0.370000","173532","169.464844","245.345000",NA,"ok",NA,"3b949af2755eb4dce15a1790d1175a40",NA,"/home/runner/work/_temp/rayrender-benchmark-workdirs/rayrender-bench-root-32b242ce5457/rayrender-current-o3_native_simd_sse-32b252f37bc3/logs/R-CMD-INSTALL.log","/home/runner/work/_temp/rayrender-benchmark-workdirs/rayrender-bench-root-32b242ce5457/rayrender-current-o3_native_simd_sse-32b252f37bc3/logs/bvh_mixed_primitives-1.log","/home/runner/work/_temp/rayrender-benchmark-workdirs/rayrender-bench-root-32b242ce5457/rayrender-current-o3_native_simd_sse-32b252f37bc3/logs/bvh_mixed_primitives-1.time.log","/home/runner/work/_temp/rayrender-benchmark-workdirs/rayrender-bench-root-32b242ce5457/rayrender-current-o3_native_simd_sse-32b252f37bc3"
"2026-06-02T12:20:30Z","26818408857","1","Render Benchmarks","push","current","current","64d0e74dc960b21d5c7132d137d5fa2a3ca58aa6","false","deferred",NA,NA,NA,"bvh_mixed_primitives","/home/runner/work/rayrender/rayrender/tools/benchmarks/scenes/bvh_mixed_primitives.R","{""width"":50,""height"":50,""samples"":32,""seed"":1,""threads"":1,""time_build"":true,""write_artifact"":false,""sphere_count"":3000,""object_count"":3000}","2","3","1","1","50","50","32","1","TRUE","o3_native_simd_sse","error in running command","gcc -std=gnu2x","g++ -std=gnu++20","-O3 -march=native -DRAYSIMD -DHAS_SSE","-O3 -march=native -DRAYSIMD -DHAS_SSE","-O3 -march=native -DRAYSIMD -DHAS_SSE",NA,NA,"{}","TRUE","TRUE","TRUE","FALSE","Linux","Linux","6.17.0-1015-azure","x86_64",NA,"4",NA,"R version 4.6.0 (2026-04-24)","rayrender","0.40.1","245.345000",NA,"2.388",NA,"0.985","3.373",NA,"4.040000","0.370000","173372","169.308594","245.345000",NA,"ok",NA,"3b949af2755eb4dce15a1790d1175a40",NA,"/home/runner/work/_temp/rayrender-benchmark-workdirs/rayrender-bench-root-32b242ce5457/rayrender-current-o3_native_simd_sse-32b252f37bc3/logs/R-CMD-INSTALL.log","/home/runner/work/_temp/rayrender-benchmark-workdirs/rayrender-bench-root-32b242ce5457/rayrender-current-o3_native_simd_sse-32b252f37bc3/logs/bvh_mixed_primitives-2.log","/home/runner/work/_temp/rayrender-benchmark-workdirs/rayrender-bench-root-32b242ce5457/rayrender-current-o3_native_simd_sse-32b252f37bc3/logs/bvh_mixed_primitives-2.time.log","/home/runner/work/_temp/rayrender-benchmark-workdirs/rayrender-bench-root-32b242ce5457/rayrender-current-o3_native_simd_sse-32b252f37bc3"
"2026-06-02T12:20:34Z","26818408857","1","Render Benchmarks","push","current","current","64d0e74dc960b21d5c7132d137d5fa2a3ca58aa6","false","deferred",NA,NA,NA,"bvh_mixed_primitives","/home/runner/work/rayrender/rayrender/tools/benchmarks/scenes/bvh_mixed_primitives.R","{""width"":50,""height"":50,""samples"":32,""seed"":1,""threads"":1,""time_build"":true,""write_artifact"":false,""sphere_count"":3000,""object_count"":3000}","3","3","1","1","50","50","32","1","TRUE","o3_native_simd_sse","error in running command","gcc -std=gnu2x","g++ -std=gnu++20","-O3 -march=native -DRAYSIMD -DHAS_SSE","-O3 -march=native -DRAYSIMD -DHAS_SSE","-O3 -march=native -DRAYSIMD -DHAS_SSE",NA,NA,"{}","TRUE","TRUE","TRUE","FALSE","Linux","Linux","6.17.0-1015-azure","x86_64",NA,"4",NA,"R version 4.6.0 (2026-04-24)","rayrender","0.40.1","245.345000",NA,"2.398",NA,"0.997","3.395",NA,"4.070000","0.350000","173496","169.429688","245.345000",NA,"ok",NA,"3b949af2755eb4dce15a1790d1175a40",NA,"/home/runner/work/_temp/rayrender-benchmark-workdirs/rayrender-bench-root-32b242ce5457/rayrender-current-o3_native_simd_sse-32b252f37bc3/logs/R-CMD-INSTALL.log","/home/runner/work/_temp/rayrender-benchmark-workdirs/rayrender-bench-root-32b242ce5457/rayrender-current-o3_native_simd_sse-32b252f37bc3/logs/bvh_mixed_primitives-3.log","/home/runner/work/_temp/rayrender-benchmark-workdirs/rayrender-bench-root-32b242ce5457/rayrender-current-o3_native_simd_sse-32b252f37bc3/logs/bvh_mixed_primitives-3.time.log","/home/runner/work/_temp/rayrender-benchmark-workdirs/rayrender-bench-root-32b242ce5457/rayrender-current-o3_native_simd_sse-32b252f37bc3"
"2026-06-03T04:57:07Z","26864344245","1","Render Benchmarks","push","current","current","a81b7be5f019cd5e1d02e0fb0c9551d24f1c6f3a","false","deferred",NA,NA,NA,"bvh_many_spheres","/home/runner/work/rayrender/rayrender/tools/benchmarks/scenes/bvh_many_spheres.R","{""width"":50,""height"":50,""samples"":32,""seed"":1,""threads"":1,""time_build"":true,""write_artifact"":false,""sphere_count"":3000,""object_count"":3000}",NA,"3","1","1","50","50","32","1","TRUE","o3_native_no_simd","error in running command","gcc -std=gnu2x","g++ -std=gnu++20","-O3 -march=native","-O3 -march=native","-O3 -march=native",NA,NA,"{""RAYRENDER_DISABLE_SIMD"":""true""}","FALSE","FALSE","FALSE","FALSE","Linux","Linux","6.17.0-1015-azure","x86_64",NA,"4",NA,"R version 4.6.0 (2026-04-24)","rayrender","0.40.1","3.440000",NA,NA,NA,NA,NA,NA,NA,NA,NA,NA,"3.440000",NA,"build_failed","/_temp/Library/libimath/lib/x86_64 -Wl,-rpath,/home/runner/work/_temp/Library/libimath/lib/x86_64 -Wl,-rpath-link,/home/runner/work/_temp/Library/libimath/lib/x86_64 -lImath-3_2
--------------------------------------------------
** finished configure for package 'rayrender'
** libs
specified C++20
using C++ compiler: ‘g++ (Ubuntu 13.3.0-6ubuntu2~24.04.1) 13.3.0’
using C++20
g++ -std=gnu++20 -I""/opt/R/4.6.0/lib/R/include"" -DNDEBUG -I/home/runner/work/_temp/Library/libopenexr/include/OpenEXR -I/home/runner/work/_temp/Library/libimath/include/Imath  -I'/home/runner/work/_temp/Library/Rcpp/include' -I'/home/runner/work/_temp/Library/RcppThread/include' -I'/home/runner/work/_temp/Library/progress/include' -I'/home/runner/work/_temp/Library/spacefillr/include' -I'/home/runner/work/_temp/Library/testthat/include' -I'/home/runner/work/_temp/Library/libopenexr/include' -I'/home/runner/work/_temp/Library/libimath/include' -I/usr/local/include   -DRAY_REPRODUCE_PERLIN -DSTRICT_R_HEADERS -DRAY_HAS_X11 -ffp-contract=off -fvisibility=hidden -fvisibility-inlines-hidden -fpic  -g -O2   -c PrintClassSizes.cpp -o PrintClassSizes.o
In file included from hitables/../math/../core/../math/vec3.h:7,
                 from hitables/../math/../core/ray.h:5,
                 from hitables/../math/aabb.h:4,
                 from hitables/hitable.h:4,
                 from PrintClassSizes.cpp:2:
hitables/../math/../core/../math/../math/simd.h: In function ‘IVec4 simd_sgn(const IVec4&)’:
hitables/../math/../core/../math/../math/simd.h:715:5: error: ‘__m128i’ was not declared in this scope
  715 |     __m128i zero = _mm_setzero_si128();
      |     ^~~~~~~
hitables/../math/../core/../math/../math/simd.h:716:12: error: expected ‘;’ before ‘one’
  716 |     __m128i one = _mm_set1_epi32(1);
      |            ^~~~
      |            ;
hitables/../math/../core/../math/../math/simd.h:717:12: error: expected ‘;’ before ‘neg_one’
  717 |     __m128i neg_one = _mm_set1_epi32(-1);
      |            ^~~~~~~~
      |            ;
hitables/../math/../core/../math/../math/simd.h:719:12: error: expected ‘;’ before ‘gt_mask’
  719 |     __m128i gt_mask = _mm_cmpgt_epi32(a.v, zero);  // x > 0
      |            ^~~~~~~~
      |            ;
hitables/../math/../core/../math/../math/simd.h:720:12: error: expected ‘;’ before ‘lt_mask’
  720 |     __m128i lt_mask = _mm_cmpgt_epi32(zero, a.v);  // x < 0
      |            ^~~~~~~~
      |            ;
hitables/../math/../core/../math/../math/simd.h:722:12: error: expected ‘;’ before ‘pos_result’
  722 |     __m128i pos_result = _mm_and_si128(gt_mask, one);     // 1 where x > 0
      |            ^~~~~~~~~~~
      |            ;
hitables/../math/../core/../math/../math/simd.h:723:12: error: expected ‘;’ before ‘neg_result’
  723 |     __m128i neg_result = _mm_and_si128(lt_mask, neg_one); // -1 where x < 0
      |            ^~~~~~~~~~~
      |            ;
hitables/../math/../core/../math/../math/simd.h:725:30: error: ‘pos_result’ was not declared in this scope; did you mean ‘result’?
  725 |     result.v = _mm_add_epi32(pos_result, neg_result);
      |                              ^~~~~~~~~~
      |                              result
hitables/../math/../core/../math/../math/simd.h:725:42: error: ‘neg_result’ was not declared in this scope; did you mean ‘result’?
  725 |     result.v = _mm_add_epi32(pos_result, neg_result);
      |                                          ^~~~~~~~~~
      |                                          result
hitables/../math/../core/../math/../math/simd.h:725:16: error: ‘_mm_add_epi32’ was not declared in this scope
  725 |     result.v = _mm_add_epi32(pos_result, neg_result);
      |                ^~~~~~~~~~~~~
make: *** [/opt/R/4.6.0/lib/R/etc/Makeconf:199: PrintClassSizes.o] Error 1
ERROR: compilation failed for package ‘rayrender’
* removing ‘/home/runner/work/_temp/rayrender-benchmark-workdirs/rayrender-bench-root-2711760c910e/rayrender-current-o3_native_no_simd-27115a13e605/r-lib/rayrender’",NA,NA,"/home/runner/work/_temp/rayrender-benchmark-workdirs/rayrender-bench-root-2711760c910e/rayrender-current-o3_native_no_simd-27115a13e605/logs/R-CMD-INSTALL.log",NA,NA,"/home/runner/work/_temp/rayrender-benchmark-workdirs/rayrender-bench-root-2711760c910e/rayrender-current-o3_native_no_simd-27115a13e605"
"2026-06-03T04:57:08Z","26864344245","1","Render Benchmarks","push","current","current","a81b7be5f019cd5e1d02e0fb0c9551d24f1c6f3a","false","deferred",NA,NA,NA,"bvh_mixed_primitives","/home/runner/work/rayrender/rayrender/tools/benchmarks/scenes/bvh_mixed_primitives.R","{""width"":50,""height"":50,""samples"":32,""seed"":1,""threads"":1,""time_build"":true,""write_artifact"":false,""sphere_count"":3000,""object_count"":3000}",NA,"3","1","1","50","50","32","1","TRUE","o3_native_no_simd","error in running command","gcc -std=gnu2x","g++ -std=gnu++20","-O3 -march=native","-O3 -march=native","-O3 -march=native",NA,NA,"{""RAYRENDER_DISABLE_SIMD"":""true""}","FALSE","FALSE","FALSE","FALSE","Linux","Linux","6.17.0-1015-azure","x86_64",NA,"4",NA,"R version 4.6.0 (2026-04-24)","rayrender","0.40.1","3.440000",NA,NA,NA,NA,NA,NA,NA,NA,NA,NA,"3.440000",NA,"build_failed","/_temp/Library/libimath/lib/x86_64 -Wl,-rpath,/home/runner/work/_temp/Library/libimath/lib/x86_64 -Wl,-rpath-link,/home/runner/work/_temp/Library/libimath/lib/x86_64 -lImath-3_2
--------------------------------------------------
** finished configure for package 'rayrender'
** libs
specified C++20
using C++ compiler: ‘g++ (Ubuntu 13.3.0-6ubuntu2~24.04.1) 13.3.0’
using C++20
g++ -std=gnu++20 -I""/opt/R/4.6.0/lib/R/include"" -DNDEBUG -I/home/runner/work/_temp/Library/libopenexr/include/OpenEXR -I/home/runner/work/_temp/Library/libimath/include/Imath  -I'/home/runner/work/_temp/Library/Rcpp/include' -I'/home/runner/work/_temp/Library/RcppThread/include' -I'/home/runner/work/_temp/Library/progress/include' -I'/home/runner/work/_temp/Library/spacefillr/include' -I'/home/runner/work/_temp/Library/testthat/include' -I'/home/runner/work/_temp/Library/libopenexr/include' -I'/home/runner/work/_temp/Library/libimath/include' -I/usr/local/include   -DRAY_REPRODUCE_PERLIN -DSTRICT_R_HEADERS -DRAY_HAS_X11 -ffp-contract=off -fvisibility=hidden -fvisibility-inlines-hidden -fpic  -g -O2   -c PrintClassSizes.cpp -o PrintClassSizes.o
In file included from hitables/../math/../core/../math/vec3.h:7,
                 from hitables/../math/../core/ray.h:5,
                 from hitables/../math/aabb.h:4,
                 from hitables/hitable.h:4,
                 from PrintClassSizes.cpp:2:
hitables/../math/../core/../math/../math/simd.h: In function ‘IVec4 simd_sgn(const IVec4&)’:
hitables/../math/../core/../math/../math/simd.h:715:5: error: ‘__m128i’ was not declared in this scope
  715 |     __m128i zero = _mm_setzero_si128();
      |     ^~~~~~~
hitables/../math/../core/../math/../math/simd.h:716:12: error: expected ‘;’ before ‘one’
  716 |     __m128i one = _mm_set1_epi32(1);
      |            ^~~~
      |            ;
hitables/../math/../core/../math/../math/simd.h:717:12: error: expected ‘;’ before ‘neg_one’
  717 |     __m128i neg_one = _mm_set1_epi32(-1);
      |            ^~~~~~~~
      |            ;
hitables/../math/../core/../math/../math/simd.h:719:12: error: expected ‘;’ before ‘gt_mask’
  719 |     __m128i gt_mask = _mm_cmpgt_epi32(a.v, zero);  // x > 0
      |            ^~~~~~~~
      |            ;
hitables/../math/../core/../math/../math/simd.h:720:12: error: expected ‘;’ before ‘lt_mask’
  720 |     __m128i lt_mask = _mm_cmpgt_epi32(zero, a.v);  // x < 0
      |            ^~~~~~~~
      |            ;
hitables/../math/../core/../math/../math/simd.h:722:12: error: expected ‘;’ before ‘pos_result’
  722 |     __m128i pos_result = _mm_and_si128(gt_mask, one);     // 1 where x > 0
      |            ^~~~~~~~~~~
      |            ;
hitables/../math/../core/../math/../math/simd.h:723:12: error: expected ‘;’ before ‘neg_result’
  723 |     __m128i neg_result = _mm_and_si128(lt_mask, neg_one); // -1 where x < 0
      |            ^~~~~~~~~~~
      |            ;
hitables/../math/../core/../math/../math/simd.h:725:30: error: ‘pos_result’ was not declared in this scope; did you mean ‘result’?
  725 |     result.v = _mm_add_epi32(pos_result, neg_result);
      |                              ^~~~~~~~~~
      |                              result
hitables/../math/../core/../math/../math/simd.h:725:42: error: ‘neg_result’ was not declared in this scope; did you mean ‘result’?
  725 |     result.v = _mm_add_epi32(pos_result, neg_result);
      |                                          ^~~~~~~~~~
      |                                          result
hitables/../math/../core/../math/../math/simd.h:725:16: error: ‘_mm_add_epi32’ was not declared in this scope
  725 |     result.v = _mm_add_epi32(pos_result, neg_result);
      |                ^~~~~~~~~~~~~
make: *** [/opt/R/4.6.0/lib/R/etc/Makeconf:199: PrintClassSizes.o] Error 1
ERROR: compilation failed for package ‘rayrender’
* removing ‘/home/runner/work/_temp/rayrender-benchmark-workdirs/rayrender-bench-root-2711760c910e/rayrender-current-o3_native_no_simd-27115a13e605/r-lib/rayrender’",NA,NA,"/home/runner/work/_temp/rayrender-benchmark-workdirs/rayrender-bench-root-2711760c910e/rayrender-current-o3_native_no_simd-27115a13e605/logs/R-CMD-INSTALL.log",NA,NA,"/home/runner/work/_temp/rayrender-benchmark-workdirs/rayrender-bench-root-2711760c910e/rayrender-current-o3_native_no_simd-27115a13e605"
"2026-06-03T05:02:10Z","26864344245","1","Render Benchmarks","push","current","current","a81b7be5f019cd5e1d02e0fb0c9551d24f1c6f3a","false","deferred",NA,NA,NA,"bvh_many_spheres","/home/runner/work/rayrender/rayrender/tools/benchmarks/scenes/bvh_many_spheres.R","{""width"":50,""height"":50,""samples"":32,""seed"":1,""threads"":1,""time_build"":true,""write_artifact"":false,""sphere_count"":3000,""object_count"":3000}","1","3","1","1","50","50","32","1","TRUE","o3_native_simd_sse","error in running command","gcc -std=gnu2x","g++ -std=gnu++20","-O3 -march=native -DRAYSIMD -DHAS_SSE","-O3 -march=native -DRAYSIMD -DHAS_SSE","-O3 -march=native -DRAYSIMD -DHAS_SSE",NA,NA,"{}","TRUE","TRUE","TRUE","FALSE","Linux","Linux","6.17.0-1015-azure","x86_64",NA,"4",NA,"R version 4.6.0 (2026-04-24)","rayrender","0.40.1","253.735000",NA,"2.613",NA,"0.734","3.347",NA,"4.030000","0.420000","173532","169.464844","253.735000",NA,"ok",NA,"7ab4bddb9095698e3ffa5b9259fc38d2",NA,"/home/runner/work/_temp/rayrender-benchmark-workdirs/rayrender-bench-root-2782f003a27/rayrender-current-o3_native_simd_sse-27823a84579f/logs/R-CMD-INSTALL.log","/home/runner/work/_temp/rayrender-benchmark-workdirs/rayrender-bench-root-2782f003a27/rayrender-current-o3_native_simd_sse-27823a84579f/logs/bvh_many_spheres-1.log","/home/runner/work/_temp/rayrender-benchmark-workdirs/rayrender-bench-root-2782f003a27/rayrender-current-o3_native_simd_sse-27823a84579f/logs/bvh_many_spheres-1.time.log","/home/runner/work/_temp/rayrender-benchmark-workdirs/rayrender-bench-root-2782f003a27/rayrender-current-o3_native_simd_sse-27823a84579f"
"2026-06-03T05:02:14Z","26864344245","1","Render Benchmarks","push","current","current","a81b7be5f019cd5e1d02e0fb0c9551d24f1c6f3a","false","deferred",NA,NA,NA,"bvh_many_spheres","/home/runner/work/rayrender/rayrender/tools/benchmarks/scenes/bvh_many_spheres.R","{""width"":50,""height"":50,""samples"":32,""seed"":1,""threads"":1,""time_build"":true,""write_artifact"":false,""sphere_count"":3000,""object_count"":3000}","2","3","1","1","50","50","32","1","TRUE","o3_native_simd_sse","error in running command","gcc -std=gnu2x","g++ -std=gnu++20","-O3 -march=native -DRAYSIMD -DHAS_SSE","-O3 -march=native -DRAYSIMD -DHAS_SSE","-O3 -march=native -DRAYSIMD -DHAS_SSE",NA,NA,"{}","TRUE","TRUE","TRUE","FALSE","Linux","Linux","6.17.0-1015-azure","x86_64",NA,"4",NA,"R version 4.6.0 (2026-04-24)","rayrender","0.40.1","253.735000",NA,"2.58",NA,"0.734","3.314",NA,"4.020000","0.420000","173660","169.589844","253.735000",NA,"ok",NA,"7ab4bddb9095698e3ffa5b9259fc38d2",NA,"/home/runner/work/_temp/rayrender-benchmark-workdirs/rayrender-bench-root-2782f003a27/rayrender-current-o3_native_simd_sse-27823a84579f/logs/R-CMD-INSTALL.log","/home/runner/work/_temp/rayrender-benchmark-workdirs/rayrender-bench-root-2782f003a27/rayrender-current-o3_native_simd_sse-27823a84579f/logs/bvh_many_spheres-2.log","/home/runner/work/_temp/rayrender-benchmark-workdirs/rayrender-bench-root-2782f003a27/rayrender-current-o3_native_simd_sse-27823a84579f/logs/bvh_many_spheres-2.time.log","/home/runner/work/_temp/rayrender-benchmark-workdirs/rayrender-bench-root-2782f003a27/rayrender-current-o3_native_simd_sse-27823a84579f"
"2026-06-03T05:02:19Z","26864344245","1","Render Benchmarks","push","current","current","a81b7be5f019cd5e1d02e0fb0c9551d24f1c6f3a","false","deferred",NA,NA,NA,"bvh_many_spheres","/home/runner/work/rayrender/rayrender/tools/benchmarks/scenes/bvh_many_spheres.R","{""width"":50,""height"":50,""samples"":32,""seed"":1,""threads"":1,""time_build"":true,""write_artifact"":false,""sphere_count"":3000,""object_count"":3000}","3","3","1","1","50","50","32","1","TRUE","o3_native_simd_sse","error in running command","gcc -std=gnu2x","g++ -std=gnu++20","-O3 -march=native -DRAYSIMD -DHAS_SSE","-O3 -march=native -DRAYSIMD -DHAS_SSE","-O3 -march=native -DRAYSIMD -DHAS_SSE",NA,NA,"{}","TRUE","TRUE","TRUE","FALSE","Linux","Linux","6.17.0-1015-azure","x86_64",NA,"4",NA,"R version 4.6.0 (2026-04-24)","rayrender","0.40.1","253.735000",NA,"2.651",NA,"0.74","3.391",NA,"4.110000","0.420000","173332","169.269531","253.735000",NA,"ok",NA,"7ab4bddb9095698e3ffa5b9259fc38d2",NA,"/home/runner/work/_temp/rayrender-benchmark-workdirs/rayrender-bench-root-2782f003a27/rayrender-current-o3_native_simd_sse-27823a84579f/logs/R-CMD-INSTALL.log","/home/runner/work/_temp/rayrender-benchmark-workdirs/rayrender-bench-root-2782f003a27/rayrender-current-o3_native_simd_sse-27823a84579f/logs/bvh_many_spheres-3.log","/home/runner/work/_temp/rayrender-benchmark-workdirs/rayrender-bench-root-2782f003a27/rayrender-current-o3_native_simd_sse-27823a84579f/logs/bvh_many_spheres-3.time.log","/home/runner/work/_temp/rayrender-benchmark-workdirs/rayrender-bench-root-2782f003a27/rayrender-current-o3_native_simd_sse-27823a84579f"
"2026-06-03T05:02:28Z","26864344245","1","Render Benchmarks","push","current","current","a81b7be5f019cd5e1d02e0fb0c9551d24f1c6f3a","false","deferred",NA,NA,NA,"bvh_mixed_primitives","/home/runner/work/rayrender/rayrender/tools/benchmarks/scenes/bvh_mixed_primitives.R","{""width"":50,""height"":50,""samples"":32,""seed"":1,""threads"":1,""time_build"":true,""write_artifact"":false,""sphere_count"":3000,""object_count"":3000}","1","3","1","1","50","50","32","1","TRUE","o3_native_simd_sse","error in running command","gcc -std=gnu2x","g++ -std=gnu++20","-O3 -march=native -DRAYSIMD -DHAS_SSE","-O3 -march=native -DRAYSIMD -DHAS_SSE","-O3 -march=native -DRAYSIMD -DHAS_SSE",NA,NA,"{}","TRUE","TRUE","TRUE","FALSE","Linux","Linux","6.17.0-1015-azure","x86_64",NA,"4",NA,"R version 4.6.0 (2026-04-24)","rayrender","0.40.1","253.735000",NA,"2.7",NA,"1.045","3.745",NA,"4.430000","0.480000","173696","169.625000","253.735000",NA,"ok",NA,"3b949af2755eb4dce15a1790d1175a40",NA,"/home/runner/work/_temp/rayrender-benchmark-workdirs/rayrender-bench-root-2782f003a27/rayrender-current-o3_native_simd_sse-27823a84579f/logs/R-CMD-INSTALL.log","/home/runner/work/_temp/rayrender-benchmark-workdirs/rayrender-bench-root-2782f003a27/rayrender-current-o3_native_simd_sse-27823a84579f/logs/bvh_mixed_primitives-1.log","/home/runner/work/_temp/rayrender-benchmark-workdirs/rayrender-bench-root-2782f003a27/rayrender-current-o3_native_simd_sse-27823a84579f/logs/bvh_mixed_primitives-1.time.log","/home/runner/work/_temp/rayrender-benchmark-workdirs/rayrender-bench-root-2782f003a27/rayrender-current-o3_native_simd_sse-27823a84579f"
"2026-06-03T05:02:33Z","26864344245","1","Render Benchmarks","push","current","current","a81b7be5f019cd5e1d02e0fb0c9551d24f1c6f3a","false","deferred",NA,NA,NA,"bvh_mixed_primitives","/home/runner/work/rayrender/rayrender/tools/benchmarks/scenes/bvh_mixed_primitives.R","{""width"":50,""height"":50,""samples"":32,""seed"":1,""threads"":1,""time_build"":true,""write_artifact"":false,""sphere_count"":3000,""object_count"":3000}","2","3","1","1","50","50","32","1","TRUE","o3_native_simd_sse","error in running command","gcc -std=gnu2x","g++ -std=gnu++20","-O3 -march=native -DRAYSIMD -DHAS_SSE","-O3 -march=native -DRAYSIMD -DHAS_SSE","-O3 -march=native -DRAYSIMD -DHAS_SSE",NA,NA,"{}","TRUE","TRUE","TRUE","FALSE","Linux","Linux","6.17.0-1015-azure","x86_64",NA,"4",NA,"R version 4.6.0 (2026-04-24)","rayrender","0.40.1","253.735000",NA,"2.735",NA,"1.022","3.757",NA,"4.430000","0.490000","173596","169.527344","253.735000",NA,"ok",NA,"3b949af2755eb4dce15a1790d1175a40",NA,"/home/runner/work/_temp/rayrender-benchmark-workdirs/rayrender-bench-root-2782f003a27/rayrender-current-o3_native_simd_sse-27823a84579f/logs/R-CMD-INSTALL.log","/home/runner/work/_temp/rayrender-benchmark-workdirs/rayrender-bench-root-2782f003a27/rayrender-current-o3_native_simd_sse-27823a84579f/logs/bvh_mixed_primitives-2.log","/home/runner/work/_temp/rayrender-benchmark-workdirs/rayrender-bench-root-2782f003a27/rayrender-current-o3_native_simd_sse-27823a84579f/logs/bvh_mixed_primitives-2.time.log","/home/runner/work/_temp/rayrender-benchmark-workdirs/rayrender-bench-root-2782f003a27/rayrender-current-o3_native_simd_sse-27823a84579f"
"2026-06-03T05:02:38Z","26864344245","1","Render Benchmarks","push","current","current","a81b7be5f019cd5e1d02e0fb0c9551d24f1c6f3a","false","deferred",NA,NA,NA,"bvh_mixed_primitives","/home/runner/work/rayrender/rayrender/tools/benchmarks/scenes/bvh_mixed_primitives.R","{""width"":50,""height"":50,""samples"":32,""seed"":1,""threads"":1,""time_build"":true,""write_artifact"":false,""sphere_count"":3000,""object_count"":3000}","3","3","1","1","50","50","32","1","TRUE","o3_native_simd_sse","error in running command","gcc -std=gnu2x","g++ -std=gnu++20","-O3 -march=native -DRAYSIMD -DHAS_SSE","-O3 -march=native -DRAYSIMD -DHAS_SSE","-O3 -march=native -DRAYSIMD -DHAS_SSE",NA,NA,"{}","TRUE","TRUE","TRUE","FALSE","Linux","Linux","6.17.0-1015-azure","x86_64",NA,"4",NA,"R version 4.6.0 (2026-04-24)","rayrender","0.40.1","253.735000",NA,"2.7",NA,"1.037","3.737",NA,"4.420000","0.470000","173180","169.121094","253.735000",NA,"ok",NA,"3b949af2755eb4dce15a1790d1175a40",NA,"/home/runner/work/_temp/rayrender-benchmark-workdirs/rayrender-bench-root-2782f003a27/rayrender-current-o3_native_simd_sse-27823a84579f/logs/R-CMD-INSTALL.log","/home/runner/work/_temp/rayrender-benchmark-workdirs/rayrender-bench-root-2782f003a27/rayrender-current-o3_native_simd_sse-27823a84579f/logs/bvh_mixed_primitives-3.log","/home/runner/work/_temp/rayrender-benchmark-workdirs/rayrender-bench-root-2782f003a27/rayrender-current-o3_native_simd_sse-27823a84579f/logs/bvh_mixed_primitives-3.time.log","/home/runner/work/_temp/rayrender-benchmark-workdirs/rayrender-bench-root-2782f003a27/rayrender-current-o3_native_simd_sse-27823a84579f"
"2026-06-05T05:33:57Z","26997043840","1","Render Benchmarks","push","current","current","2e3cbfdef540e791825060ee6246e934c4826100","false","deferred",NA,NA,NA,"bvh_many_spheres","/home/runner/work/rayrender/rayrender/tools/benchmarks/scenes/bvh_many_spheres.R","{""width"":50,""height"":50,""samples"":32,""seed"":1,""threads"":1,""time_build"":true,""write_artifact"":false,""sphere_count"":3000,""object_count"":3000}",NA,"3","1","1","50","50","32","1","TRUE","o3_native_no_simd","error in running command","gcc -std=gnu2x","g++ -std=gnu++20","-O3 -march=native","-O3 -march=native","-O3 -march=native",NA,NA,"{""RAYRENDER_DISABLE_SIMD"":""true""}","FALSE","FALSE","FALSE","FALSE","Linux","Linux","6.17.0-1015-azure","x86_64",NA,"4",NA,"R version 4.6.0 (2026-04-24)","rayrender","0.40.1","3.676000",NA,NA,NA,NA,NA,NA,NA,NA,NA,NA,"3.676000",NA,"build_failed","/_temp/Library/libimath/lib/x86_64 -Wl,-rpath,/home/runner/work/_temp/Library/libimath/lib/x86_64 -Wl,-rpath-link,/home/runner/work/_temp/Library/libimath/lib/x86_64 -lImath-3_2
--------------------------------------------------
** finished configure for package 'rayrender'
** libs
specified C++20
using C++ compiler: ‘g++ (Ubuntu 13.3.0-6ubuntu2~24.04.1) 13.3.0’
using C++20
g++ -std=gnu++20 -I""/opt/R/4.6.0/lib/R/include"" -DNDEBUG -I/home/runner/work/_temp/Library/libopenexr/include/OpenEXR -I/home/runner/work/_temp/Library/libimath/include/Imath  -I'/home/runner/work/_temp/Library/Rcpp/include' -I'/home/runner/work/_temp/Library/RcppThread/include' -I'/home/runner/work/_temp/Library/progress/include' -I'/home/runner/work/_temp/Library/spacefillr/include' -I'/home/runner/work/_temp/Library/testthat/include' -I'/home/runner/work/_temp/Library/libopenexr/include' -I'/home/runner/work/_temp/Library/libimath/include' -I/usr/local/include   -DRAY_REPRODUCE_PERLIN -DSTRICT_R_HEADERS -DRAY_HAS_X11 -ffp-contract=off -fvisibility=hidden -fvisibility-inlines-hidden -fpic  -g -O2   -c PrintClassSizes.cpp -o PrintClassSizes.o
In file included from hitables/../math/../core/../math/vec3.h:7,
                 from hitables/../math/../core/ray.h:5,
                 from hitables/../math/aabb.h:4,
                 from hitables/hitable.h:4,
                 from PrintClassSizes.cpp:2:
hitables/../math/../core/../math/../math/simd.h: In function ‘IVec4 simd_sgn(const IVec4&)’:
hitables/../math/../core/../math/../math/simd.h:715:5: error: ‘__m128i’ was not declared in this scope
  715 |     __m128i zero = _mm_setzero_si128();
      |     ^~~~~~~
hitables/../math/../core/../math/../math/simd.h:716:12: error: expected ‘;’ before ‘one’
  716 |     __m128i one = _mm_set1_epi32(1);
      |            ^~~~
      |            ;
hitables/../math/../core/../math/../math/simd.h:717:12: error: expected ‘;’ before ‘neg_one’
  717 |     __m128i neg_one = _mm_set1_epi32(-1);
      |            ^~~~~~~~
      |            ;
hitables/../math/../core/../math/../math/simd.h:719:12: error: expected ‘;’ before ‘gt_mask’
  719 |     __m128i gt_mask = _mm_cmpgt_epi32(a.v, zero);  // x > 0
      |            ^~~~~~~~
      |            ;
hitables/../math/../core/../math/../math/simd.h:720:12: error: expected ‘;’ before ‘lt_mask’
  720 |     __m128i lt_mask = _mm_cmpgt_epi32(zero, a.v);  // x < 0
      |            ^~~~~~~~
      |            ;
hitables/../math/../core/../math/../math/simd.h:722:12: error: expected ‘;’ before ‘pos_result’
  722 |     __m128i pos_result = _mm_and_si128(gt_mask, one);     // 1 where x > 0
      |            ^~~~~~~~~~~
      |            ;
hitables/../math/../core/../math/../math/simd.h:723:12: error: expected ‘;’ before ‘neg_result’
  723 |     __m128i neg_result = _mm_and_si128(lt_mask, neg_one); // -1 where x < 0
      |            ^~~~~~~~~~~
      |            ;
hitables/../math/../core/../math/../math/simd.h:725:30: error: ‘pos_result’ was not declared in this scope; did you mean ‘result’?
  725 |     result.v = _mm_add_epi32(pos_result, neg_result);
      |                              ^~~~~~~~~~
      |                              result
hitables/../math/../core/../math/../math/simd.h:725:42: error: ‘neg_result’ was not declared in this scope; did you mean ‘result’?
  725 |     result.v = _mm_add_epi32(pos_result, neg_result);
      |                                          ^~~~~~~~~~
      |                                          result
hitables/../math/../core/../math/../math/simd.h:725:16: error: ‘_mm_add_epi32’ was not declared in this scope
  725 |     result.v = _mm_add_epi32(pos_result, neg_result);
      |                ^~~~~~~~~~~~~
make: *** [/opt/R/4.6.0/lib/R/etc/Makeconf:199: PrintClassSizes.o] Error 1
ERROR: compilation failed for package ‘rayrender’
* removing ‘/home/runner/work/_temp/rayrender-benchmark-workdirs/rayrender-bench-root-324870342fbe/rayrender-current-o3_native_no_simd-3248323c3b38/r-lib/rayrender’",NA,NA,"/home/runner/work/_temp/rayrender-benchmark-workdirs/rayrender-bench-root-324870342fbe/rayrender-current-o3_native_no_simd-3248323c3b38/logs/R-CMD-INSTALL.log",NA,NA,"/home/runner/work/_temp/rayrender-benchmark-workdirs/rayrender-bench-root-324870342fbe/rayrender-current-o3_native_no_simd-3248323c3b38"
"2026-06-05T05:33:58Z","26997043840","1","Render Benchmarks","push","current","current","2e3cbfdef540e791825060ee6246e934c4826100","false","deferred",NA,NA,NA,"bvh_mixed_primitives","/home/runner/work/rayrender/rayrender/tools/benchmarks/scenes/bvh_mixed_primitives.R","{""width"":50,""height"":50,""samples"":32,""seed"":1,""threads"":1,""time_build"":true,""write_artifact"":false,""sphere_count"":3000,""object_count"":3000}",NA,"3","1","1","50","50","32","1","TRUE","o3_native_no_simd","error in running command","gcc -std=gnu2x","g++ -std=gnu++20","-O3 -march=native","-O3 -march=native","-O3 -march=native",NA,NA,"{""RAYRENDER_DISABLE_SIMD"":""true""}","FALSE","FALSE","FALSE","FALSE","Linux","Linux","6.17.0-1015-azure","x86_64",NA,"4",NA,"R version 4.6.0 (2026-04-24)","rayrender","0.40.1","3.676000",NA,NA,NA,NA,NA,NA,NA,NA,NA,NA,"3.676000",NA,"build_failed","/_temp/Library/libimath/lib/x86_64 -Wl,-rpath,/home/runner/work/_temp/Library/libimath/lib/x86_64 -Wl,-rpath-link,/home/runner/work/_temp/Library/libimath/lib/x86_64 -lImath-3_2
--------------------------------------------------
** finished configure for package 'rayrender'
** libs
specified C++20
using C++ compiler: ‘g++ (Ubuntu 13.3.0-6ubuntu2~24.04.1) 13.3.0’
using C++20
g++ -std=gnu++20 -I""/opt/R/4.6.0/lib/R/include"" -DNDEBUG -I/home/runner/work/_temp/Library/libopenexr/include/OpenEXR -I/home/runner/work/_temp/Library/libimath/include/Imath  -I'/home/runner/work/_temp/Library/Rcpp/include' -I'/home/runner/work/_temp/Library/RcppThread/include' -I'/home/runner/work/_temp/Library/progress/include' -I'/home/runner/work/_temp/Library/spacefillr/include' -I'/home/runner/work/_temp/Library/testthat/include' -I'/home/runner/work/_temp/Library/libopenexr/include' -I'/home/runner/work/_temp/Library/libimath/include' -I/usr/local/include   -DRAY_REPRODUCE_PERLIN -DSTRICT_R_HEADERS -DRAY_HAS_X11 -ffp-contract=off -fvisibility=hidden -fvisibility-inlines-hidden -fpic  -g -O2   -c PrintClassSizes.cpp -o PrintClassSizes.o
In file included from hitables/../math/../core/../math/vec3.h:7,
                 from hitables/../math/../core/ray.h:5,
                 from hitables/../math/aabb.h:4,
                 from hitables/hitable.h:4,
                 from PrintClassSizes.cpp:2:
hitables/../math/../core/../math/../math/simd.h: In function ‘IVec4 simd_sgn(const IVec4&)’:
hitables/../math/../core/../math/../math/simd.h:715:5: error: ‘__m128i’ was not declared in this scope
  715 |     __m128i zero = _mm_setzero_si128();
      |     ^~~~~~~
hitables/../math/../core/../math/../math/simd.h:716:12: error: expected ‘;’ before ‘one’
  716 |     __m128i one = _mm_set1_epi32(1);
      |            ^~~~
      |            ;
hitables/../math/../core/../math/../math/simd.h:717:12: error: expected ‘;’ before ‘neg_one’
  717 |     __m128i neg_one = _mm_set1_epi32(-1);
      |            ^~~~~~~~
      |            ;
hitables/../math/../core/../math/../math/simd.h:719:12: error: expected ‘;’ before ‘gt_mask’
  719 |     __m128i gt_mask = _mm_cmpgt_epi32(a.v, zero);  // x > 0
      |            ^~~~~~~~
      |            ;
hitables/../math/../core/../math/../math/simd.h:720:12: error: expected ‘;’ before ‘lt_mask’
  720 |     __m128i lt_mask = _mm_cmpgt_epi32(zero, a.v);  // x < 0
      |            ^~~~~~~~
      |            ;
hitables/../math/../core/../math/../math/simd.h:722:12: error: expected ‘;’ before ‘pos_result’
  722 |     __m128i pos_result = _mm_and_si128(gt_mask, one);     // 1 where x > 0
      |            ^~~~~~~~~~~
      |            ;
hitables/../math/../core/../math/../math/simd.h:723:12: error: expected ‘;’ before ‘neg_result’
  723 |     __m128i neg_result = _mm_and_si128(lt_mask, neg_one); // -1 where x < 0
      |            ^~~~~~~~~~~
      |            ;
hitables/../math/../core/../math/../math/simd.h:725:30: error: ‘pos_result’ was not declared in this scope; did you mean ‘result’?
  725 |     result.v = _mm_add_epi32(pos_result, neg_result);
      |                              ^~~~~~~~~~
      |                              result
hitables/../math/../core/../math/../math/simd.h:725:42: error: ‘neg_result’ was not declared in this scope; did you mean ‘result’?
  725 |     result.v = _mm_add_epi32(pos_result, neg_result);
      |                                          ^~~~~~~~~~
      |                                          result
hitables/../math/../core/../math/../math/simd.h:725:16: error: ‘_mm_add_epi32’ was not declared in this scope
  725 |     result.v = _mm_add_epi32(pos_result, neg_result);
      |                ^~~~~~~~~~~~~
make: *** [/opt/R/4.6.0/lib/R/etc/Makeconf:199: PrintClassSizes.o] Error 1
ERROR: compilation failed for package ‘rayrender’
* removing ‘/home/runner/work/_temp/rayrender-benchmark-workdirs/rayrender-bench-root-324870342fbe/rayrender-current-o3_native_no_simd-3248323c3b38/r-lib/rayrender’",NA,NA,"/home/runner/work/_temp/rayrender-benchmark-workdirs/rayrender-bench-root-324870342fbe/rayrender-current-o3_native_no_simd-3248323c3b38/logs/R-CMD-INSTALL.log",NA,NA,"/home/runner/work/_temp/rayrender-benchmark-workdirs/rayrender-bench-root-324870342fbe/rayrender-current-o3_native_no_simd-3248323c3b38"
"2026-06-05T05:36:41Z","26997043840","1","Render Benchmarks","push","current","current","2e3cbfdef540e791825060ee6246e934c4826100","false","deferred",NA,NA,NA,"bvh_many_spheres","/home/runner/work/rayrender/rayrender/tools/benchmarks/scenes/bvh_many_spheres.R","{""width"":50,""height"":50,""samples"":32,""seed"":1,""threads"":1,""time_build"":true,""write_artifact"":false,""sphere_count"":3000,""object_count"":3000}","1","3","1","1","50","50","32","1","TRUE","o3_native_simd_sse","error in running command","gcc -std=gnu2x","g++ -std=gnu++20","-O3 -march=native -DRAYSIMD -DHAS_SSE","-O3 -march=native -DRAYSIMD -DHAS_SSE","-O3 -march=native -DRAYSIMD -DHAS_SSE",NA,NA,"{}","TRUE","TRUE","TRUE","FALSE","Linux","Linux","6.17.0-1015-azure","x86_64",NA,"4",NA,"R version 4.6.0 (2026-04-24)","rayrender","0.40.1","239.247000",NA,"2.338",NA,"0.701","3.039",NA,"3.710000","0.330000","173504","169.437500","239.247000",NA,"ok",NA,"7ab4bddb9095698e3ffa5b9259fc38d2",NA,"/home/runner/work/_temp/rayrender-benchmark-workdirs/rayrender-bench-root-31df2c1210dc/rayrender-current-o3_native_simd_sse-31df60ea4729/logs/R-CMD-INSTALL.log","/home/runner/work/_temp/rayrender-benchmark-workdirs/rayrender-bench-root-31df2c1210dc/rayrender-current-o3_native_simd_sse-31df60ea4729/logs/bvh_many_spheres-1.log","/home/runner/work/_temp/rayrender-benchmark-workdirs/rayrender-bench-root-31df2c1210dc/rayrender-current-o3_native_simd_sse-31df60ea4729/logs/bvh_many_spheres-1.time.log","/home/runner/work/_temp/rayrender-benchmark-workdirs/rayrender-bench-root-31df2c1210dc/rayrender-current-o3_native_simd_sse-31df60ea4729"
"2026-06-05T05:36:45Z","26997043840","1","Render Benchmarks","push","current","current","2e3cbfdef540e791825060ee6246e934c4826100","false","deferred",NA,NA,NA,"bvh_many_spheres","/home/runner/work/rayrender/rayrender/tools/benchmarks/scenes/bvh_many_spheres.R","{""width"":50,""height"":50,""samples"":32,""seed"":1,""threads"":1,""time_build"":true,""write_artifact"":false,""sphere_count"":3000,""object_count"":3000}","2","3","1","1","50","50","32","1","TRUE","o3_native_simd_sse","error in running command","gcc -std=gnu2x","g++ -std=gnu++20","-O3 -march=native -DRAYSIMD -DHAS_SSE","-O3 -march=native -DRAYSIMD -DHAS_SSE","-O3 -march=native -DRAYSIMD -DHAS_SSE",NA,NA,"{}","TRUE","TRUE","TRUE","FALSE","Linux","Linux","6.17.0-1015-azure","x86_64",NA,"4",NA,"R version 4.6.0 (2026-04-24)","rayrender","0.40.1","239.247000",NA,"2.313",NA,"0.694","3.007",NA,"3.680000","0.350000","173692","169.621094","239.247000",NA,"ok",NA,"7ab4bddb9095698e3ffa5b9259fc38d2",NA,"/home/runner/work/_temp/rayrender-benchmark-workdirs/rayrender-bench-root-31df2c1210dc/rayrender-current-o3_native_simd_sse-31df60ea4729/logs/R-CMD-INSTALL.log","/home/runner/work/_temp/rayrender-benchmark-workdirs/rayrender-bench-root-31df2c1210dc/rayrender-current-o3_native_simd_sse-31df60ea4729/logs/bvh_many_spheres-2.log","/home/runner/work/_temp/rayrender-benchmark-workdirs/rayrender-bench-root-31df2c1210dc/rayrender-current-o3_native_simd_sse-31df60ea4729/logs/bvh_many_spheres-2.time.log","/home/runner/work/_temp/rayrender-benchmark-workdirs/rayrender-bench-root-31df2c1210dc/rayrender-current-o3_native_simd_sse-31df60ea4729"
"2026-06-05T05:36:49Z","26997043840","1","Render Benchmarks","push","current","current","2e3cbfdef540e791825060ee6246e934c4826100","false","deferred",NA,NA,NA,"bvh_many_spheres","/home/runner/work/rayrender/rayrender/tools/benchmarks/scenes/bvh_many_spheres.R","{""width"":50,""height"":50,""samples"":32,""seed"":1,""threads"":1,""time_build"":true,""write_artifact"":false,""sphere_count"":3000,""object_count"":3000}","3","3","1","1","50","50","32","1","TRUE","o3_native_simd_sse","error in running command","gcc -std=gnu2x","g++ -std=gnu++20","-O3 -march=native -DRAYSIMD -DHAS_SSE","-O3 -march=native -DRAYSIMD -DHAS_SSE","-O3 -march=native -DRAYSIMD -DHAS_SSE",NA,NA,"{}","TRUE","TRUE","TRUE","FALSE","Linux","Linux","6.17.0-1015-azure","x86_64",NA,"4",NA,"R version 4.6.0 (2026-04-24)","rayrender","0.40.1","239.247000",NA,"2.32",NA,"0.694","3.014",NA,"3.660000","0.330000","173336","169.273438","239.247000",NA,"ok",NA,"7ab4bddb9095698e3ffa5b9259fc38d2",NA,"/home/runner/work/_temp/rayrender-benchmark-workdirs/rayrender-bench-root-31df2c1210dc/rayrender-current-o3_native_simd_sse-31df60ea4729/logs/R-CMD-INSTALL.log","/home/runner/work/_temp/rayrender-benchmark-workdirs/rayrender-bench-root-31df2c1210dc/rayrender-current-o3_native_simd_sse-31df60ea4729/logs/bvh_many_spheres-3.log","/home/runner/work/_temp/rayrender-benchmark-workdirs/rayrender-bench-root-31df2c1210dc/rayrender-current-o3_native_simd_sse-31df60ea4729/logs/bvh_many_spheres-3.time.log","/home/runner/work/_temp/rayrender-benchmark-workdirs/rayrender-bench-root-31df2c1210dc/rayrender-current-o3_native_simd_sse-31df60ea4729"
"2026-06-05T05:36:57Z","26997043840","1","Render Benchmarks","push","current","current","2e3cbfdef540e791825060ee6246e934c4826100","false","deferred",NA,NA,NA,"bvh_mixed_primitives","/home/runner/work/rayrender/rayrender/tools/benchmarks/scenes/bvh_mixed_primitives.R","{""width"":50,""height"":50,""samples"":32,""seed"":1,""threads"":1,""time_build"":true,""write_artifact"":false,""sphere_count"":3000,""object_count"":3000}","1","3","1","1","50","50","32","1","TRUE","o3_native_simd_sse","error in running command","gcc -std=gnu2x","g++ -std=gnu++20","-O3 -march=native -DRAYSIMD -DHAS_SSE","-O3 -march=native -DRAYSIMD -DHAS_SSE","-O3 -march=native -DRAYSIMD -DHAS_SSE",NA,NA,"{}","TRUE","TRUE","TRUE","FALSE","Linux","Linux","6.17.0-1015-azure","x86_64",NA,"4",NA,"R version 4.6.0 (2026-04-24)","rayrender","0.40.1","239.247000",NA,"2.361",NA,"0.969","3.33",NA,"3.910000","0.390000","173468","169.402344","239.247000",NA,"ok",NA,"3b949af2755eb4dce15a1790d1175a40",NA,"/home/runner/work/_temp/rayrender-benchmark-workdirs/rayrender-bench-root-31df2c1210dc/rayrender-current-o3_native_simd_sse-31df60ea4729/logs/R-CMD-INSTALL.log","/home/runner/work/_temp/rayrender-benchmark-workdirs/rayrender-bench-root-31df2c1210dc/rayrender-current-o3_native_simd_sse-31df60ea4729/logs/bvh_mixed_primitives-1.log","/home/runner/work/_temp/rayrender-benchmark-workdirs/rayrender-bench-root-31df2c1210dc/rayrender-current-o3_native_simd_sse-31df60ea4729/logs/bvh_mixed_primitives-1.time.log","/home/runner/work/_temp/rayrender-benchmark-workdirs/rayrender-bench-root-31df2c1210dc/rayrender-current-o3_native_simd_sse-31df60ea4729"
"2026-06-05T05:37:02Z","26997043840","1","Render Benchmarks","push","current","current","2e3cbfdef540e791825060ee6246e934c4826100","false","deferred",NA,NA,NA,"bvh_mixed_primitives","/home/runner/work/rayrender/rayrender/tools/benchmarks/scenes/bvh_mixed_primitives.R","{""width"":50,""height"":50,""samples"":32,""seed"":1,""threads"":1,""time_build"":true,""write_artifact"":false,""sphere_count"":3000,""object_count"":3000}","2","3","1","1","50","50","32","1","TRUE","o3_native_simd_sse","error in running command","gcc -std=gnu2x","g++ -std=gnu++20","-O3 -march=native -DRAYSIMD -DHAS_SSE","-O3 -march=native -DRAYSIMD -DHAS_SSE","-O3 -march=native -DRAYSIMD -DHAS_SSE",NA,NA,"{}","TRUE","TRUE","TRUE","FALSE","Linux","Linux","6.17.0-1015-azure","x86_64",NA,"4",NA,"R version 4.6.0 (2026-04-24)","rayrender","0.40.1","239.247000",NA,"2.388",NA,"0.986","3.374",NA,"4.000000","0.370000","173308","169.246094","239.247000",NA,"ok",NA,"3b949af2755eb4dce15a1790d1175a40",NA,"/home/runner/work/_temp/rayrender-benchmark-workdirs/rayrender-bench-root-31df2c1210dc/rayrender-current-o3_native_simd_sse-31df60ea4729/logs/R-CMD-INSTALL.log","/home/runner/work/_temp/rayrender-benchmark-workdirs/rayrender-bench-root-31df2c1210dc/rayrender-current-o3_native_simd_sse-31df60ea4729/logs/bvh_mixed_primitives-2.log","/home/runner/work/_temp/rayrender-benchmark-workdirs/rayrender-bench-root-31df2c1210dc/rayrender-current-o3_native_simd_sse-31df60ea4729/logs/bvh_mixed_primitives-2.time.log","/home/runner/work/_temp/rayrender-benchmark-workdirs/rayrender-bench-root-31df2c1210dc/rayrender-current-o3_native_simd_sse-31df60ea4729"
"2026-06-05T05:37:06Z","26997043840","1","Render Benchmarks","push","current","current","2e3cbfdef540e791825060ee6246e934c4826100","false","deferred",NA,NA,NA,"bvh_mixed_primitives","/home/runner/work/rayrender/rayrender/tools/benchmarks/scenes/bvh_mixed_primitives.R","{""width"":50,""height"":50,""samples"":32,""seed"":1,""threads"":1,""time_build"":true,""write_artifact"":false,""sphere_count"":3000,""object_count"":3000}","3","3","1","1","50","50","32","1","TRUE","o3_native_simd_sse","error in running command","gcc -std=gnu2x","g++ -std=gnu++20","-O3 -march=native -DRAYSIMD -DHAS_SSE","-O3 -march=native -DRAYSIMD -DHAS_SSE","-O3 -march=native -DRAYSIMD -DHAS_SSE",NA,NA,"{}","TRUE","TRUE","TRUE","FALSE","Linux","Linux","6.17.0-1015-azure","x86_64",NA,"4",NA,"R version 4.6.0 (2026-04-24)","rayrender","0.40.1","239.247000",NA,"2.357",NA,"0.982","3.339",NA,"3.940000","0.380000","173316","169.253906","239.247000",NA,"ok",NA,"3b949af2755eb4dce15a1790d1175a40",NA,"/home/runner/work/_temp/rayrender-benchmark-workdirs/rayrender-bench-root-31df2c1210dc/rayrender-current-o3_native_simd_sse-31df60ea4729/logs/R-CMD-INSTALL.log","/home/runner/work/_temp/rayrender-benchmark-workdirs/rayrender-bench-root-31df2c1210dc/rayrender-current-o3_native_simd_sse-31df60ea4729/logs/bvh_mixed_primitives-3.log","/home/runner/work/_temp/rayrender-benchmark-workdirs/rayrender-bench-root-31df2c1210dc/rayrender-current-o3_native_simd_sse-31df60ea4729/logs/bvh_mixed_primitives-3.time.log","/home/runner/work/_temp/rayrender-benchmark-workdirs/rayrender-bench-root-31df2c1210dc/rayrender-current-o3_native_simd_sse-31df60ea4729"
"2026-06-05T06:01:49Z","26997220244","1","Render Benchmarks","push","current","current","6e9943496cd2963679f30668cf32d017853b5d5a","false","master",NA,NA,NA,"bvh_many_spheres","/home/runner/work/rayrender/rayrender/tools/benchmarks/scenes/bvh_many_spheres.R","{""width"":50,""height"":50,""samples"":32,""seed"":1,""threads"":1,""time_build"":true,""write_artifact"":false,""sphere_count"":3000,""object_count"":3000}",NA,"3","1","1","50","50","32","1","TRUE","o3_native_no_simd","error in running command","gcc -std=gnu2x","g++ -std=gnu++20","-O3 -march=native","-O3 -march=native","-O3 -march=native",NA,NA,"{""RAYRENDER_DISABLE_SIMD"":""true""}","FALSE","FALSE","FALSE","FALSE","Linux","Linux","6.17.0-1015-azure","x86_64",NA,"4",NA,"R version 4.6.0 (2026-04-24)","rayrender","0.41.0","3.841000",NA,NA,NA,NA,NA,NA,NA,NA,NA,NA,"3.841000",NA,"build_failed","/_temp/Library/libimath/lib/x86_64 -Wl,-rpath,/home/runner/work/_temp/Library/libimath/lib/x86_64 -Wl,-rpath-link,/home/runner/work/_temp/Library/libimath/lib/x86_64 -lImath-3_2
--------------------------------------------------
** finished configure for package 'rayrender'
** libs
specified C++20
using C++ compiler: ‘g++ (Ubuntu 13.3.0-6ubuntu2~24.04.1) 13.3.0’
using C++20
g++ -std=gnu++20 -I""/opt/R/4.6.0/lib/R/include"" -DNDEBUG -I/home/runner/work/_temp/Library/libopenexr/include/OpenEXR -I/home/runner/work/_temp/Library/libimath/include/Imath  -I'/home/runner/work/_temp/Library/Rcpp/include' -I'/home/runner/work/_temp/Library/RcppThread/include' -I'/home/runner/work/_temp/Library/progress/include' -I'/home/runner/work/_temp/Library/spacefillr/include' -I'/home/runner/work/_temp/Library/testthat/include' -I'/home/runner/work/_temp/Library/libopenexr/include' -I'/home/runner/work/_temp/Library/libimath/include' -I/usr/local/include   -DRAY_REPRODUCE_PERLIN -DSTRICT_R_HEADERS -DRAY_HAS_X11 -ffp-contract=off -fvisibility=hidden -fvisibility-inlines-hidden -fpic  -g -O2   -c PrintClassSizes.cpp -o PrintClassSizes.o
In file included from hitables/../math/../core/../math/vec3.h:7,
                 from hitables/../math/../core/ray.h:5,
                 from hitables/../math/aabb.h:4,
                 from hitables/hitable.h:4,
                 from PrintClassSizes.cpp:2:
hitables/../math/../core/../math/../math/simd.h: In function ‘IVec4 simd_sgn(const IVec4&)’:
hitables/../math/../core/../math/../math/simd.h:715:5: error: ‘__m128i’ was not declared in this scope
  715 |     __m128i zero = _mm_setzero_si128();
      |     ^~~~~~~
hitables/../math/../core/../math/../math/simd.h:716:12: error: expected ‘;’ before ‘one’
  716 |     __m128i one = _mm_set1_epi32(1);
      |            ^~~~
      |            ;
hitables/../math/../core/../math/../math/simd.h:717:12: error: expected ‘;’ before ‘neg_one’
  717 |     __m128i neg_one = _mm_set1_epi32(-1);
      |            ^~~~~~~~
      |            ;
hitables/../math/../core/../math/../math/simd.h:719:12: error: expected ‘;’ before ‘gt_mask’
  719 |     __m128i gt_mask = _mm_cmpgt_epi32(a.v, zero);  // x > 0
      |            ^~~~~~~~
      |            ;
hitables/../math/../core/../math/../math/simd.h:720:12: error: expected ‘;’ before ‘lt_mask’
  720 |     __m128i lt_mask = _mm_cmpgt_epi32(zero, a.v);  // x < 0
      |            ^~~~~~~~
      |            ;
hitables/../math/../core/../math/../math/simd.h:722:12: error: expected ‘;’ before ‘pos_result’
  722 |     __m128i pos_result = _mm_and_si128(gt_mask, one);     // 1 where x > 0
      |            ^~~~~~~~~~~
      |            ;
hitables/../math/../core/../math/../math/simd.h:723:12: error: expected ‘;’ before ‘neg_result’
  723 |     __m128i neg_result = _mm_and_si128(lt_mask, neg_one); // -1 where x < 0
      |            ^~~~~~~~~~~
      |            ;
hitables/../math/../core/../math/../math/simd.h:725:30: error: ‘pos_result’ was not declared in this scope; did you mean ‘result’?
  725 |     result.v = _mm_add_epi32(pos_result, neg_result);
      |                              ^~~~~~~~~~
      |                              result
hitables/../math/../core/../math/../math/simd.h:725:42: error: ‘neg_result’ was not declared in this scope; did you mean ‘result’?
  725 |     result.v = _mm_add_epi32(pos_result, neg_result);
      |                                          ^~~~~~~~~~
      |                                          result
hitables/../math/../core/../math/../math/simd.h:725:16: error: ‘_mm_add_epi32’ was not declared in this scope
  725 |     result.v = _mm_add_epi32(pos_result, neg_result);
      |                ^~~~~~~~~~~~~
make: *** [/opt/R/4.6.0/lib/R/etc/Makeconf:199: PrintClassSizes.o] Error 1
ERROR: compilation failed for package ‘rayrender’
* removing ‘/home/runner/work/_temp/rayrender-benchmark-workdirs/rayrender-bench-root-278542406ea4/rayrender-current-o3_native_no_simd-278579335702/r-lib/rayrender’",NA,NA,"/home/runner/work/_temp/rayrender-benchmark-workdirs/rayrender-bench-root-278542406ea4/rayrender-current-o3_native_no_simd-278579335702/logs/R-CMD-INSTALL.log",NA,NA,"/home/runner/work/_temp/rayrender-benchmark-workdirs/rayrender-bench-root-278542406ea4/rayrender-current-o3_native_no_simd-278579335702"
"2026-06-05T06:01:49Z","26997220244","1","Render Benchmarks","push","current","current","6e9943496cd2963679f30668cf32d017853b5d5a","false","master",NA,NA,NA,"bvh_mixed_primitives","/home/runner/work/rayrender/rayrender/tools/benchmarks/scenes/bvh_mixed_primitives.R","{""width"":50,""height"":50,""samples"":32,""seed"":1,""threads"":1,""time_build"":true,""write_artifact"":false,""sphere_count"":3000,""object_count"":3000}",NA,"3","1","1","50","50","32","1","TRUE","o3_native_no_simd","error in running command","gcc -std=gnu2x","g++ -std=gnu++20","-O3 -march=native","-O3 -march=native","-O3 -march=native",NA,NA,"{""RAYRENDER_DISABLE_SIMD"":""true""}","FALSE","FALSE","FALSE","FALSE","Linux","Linux","6.17.0-1015-azure","x86_64",NA,"4",NA,"R version 4.6.0 (2026-04-24)","rayrender","0.41.0","3.841000",NA,NA,NA,NA,NA,NA,NA,NA,NA,NA,"3.841000",NA,"build_failed","/_temp/Library/libimath/lib/x86_64 -Wl,-rpath,/home/runner/work/_temp/Library/libimath/lib/x86_64 -Wl,-rpath-link,/home/runner/work/_temp/Library/libimath/lib/x86_64 -lImath-3_2
--------------------------------------------------
** finished configure for package 'rayrender'
** libs
specified C++20
using C++ compiler: ‘g++ (Ubuntu 13.3.0-6ubuntu2~24.04.1) 13.3.0’
using C++20
g++ -std=gnu++20 -I""/opt/R/4.6.0/lib/R/include"" -DNDEBUG -I/home/runner/work/_temp/Library/libopenexr/include/OpenEXR -I/home/runner/work/_temp/Library/libimath/include/Imath  -I'/home/runner/work/_temp/Library/Rcpp/include' -I'/home/runner/work/_temp/Library/RcppThread/include' -I'/home/runner/work/_temp/Library/progress/include' -I'/home/runner/work/_temp/Library/spacefillr/include' -I'/home/runner/work/_temp/Library/testthat/include' -I'/home/runner/work/_temp/Library/libopenexr/include' -I'/home/runner/work/_temp/Library/libimath/include' -I/usr/local/include   -DRAY_REPRODUCE_PERLIN -DSTRICT_R_HEADERS -DRAY_HAS_X11 -ffp-contract=off -fvisibility=hidden -fvisibility-inlines-hidden -fpic  -g -O2   -c PrintClassSizes.cpp -o PrintClassSizes.o
In file included from hitables/../math/../core/../math/vec3.h:7,
                 from hitables/../math/../core/ray.h:5,
                 from hitables/../math/aabb.h:4,
                 from hitables/hitable.h:4,
                 from PrintClassSizes.cpp:2:
hitables/../math/../core/../math/../math/simd.h: In function ‘IVec4 simd_sgn(const IVec4&)’:
hitables/../math/../core/../math/../math/simd.h:715:5: error: ‘__m128i’ was not declared in this scope
  715 |     __m128i zero = _mm_setzero_si128();
      |     ^~~~~~~
hitables/../math/../core/../math/../math/simd.h:716:12: error: expected ‘;’ before ‘one’
  716 |     __m128i one = _mm_set1_epi32(1);
      |            ^~~~
      |            ;
hitables/../math/../core/../math/../math/simd.h:717:12: error: expected ‘;’ before ‘neg_one’
  717 |     __m128i neg_one = _mm_set1_epi32(-1);
      |            ^~~~~~~~
      |            ;
hitables/../math/../core/../math/../math/simd.h:719:12: error: expected ‘;’ before ‘gt_mask’
  719 |     __m128i gt_mask = _mm_cmpgt_epi32(a.v, zero);  // x > 0
      |            ^~~~~~~~
      |            ;
hitables/../math/../core/../math/../math/simd.h:720:12: error: expected ‘;’ before ‘lt_mask’
  720 |     __m128i lt_mask = _mm_cmpgt_epi32(zero, a.v);  // x < 0
      |            ^~~~~~~~
      |            ;
hitables/../math/../core/../math/../math/simd.h:722:12: error: expected ‘;’ before ‘pos_result’
  722 |     __m128i pos_result = _mm_and_si128(gt_mask, one);     // 1 where x > 0
      |            ^~~~~~~~~~~
      |            ;
hitables/../math/../core/../math/../math/simd.h:723:12: error: expected ‘;’ before ‘neg_result’
  723 |     __m128i neg_result = _mm_and_si128(lt_mask, neg_one); // -1 where x < 0
      |            ^~~~~~~~~~~
      |            ;
hitables/../math/../core/../math/../math/simd.h:725:30: error: ‘pos_result’ was not declared in this scope; did you mean ‘result’?
  725 |     result.v = _mm_add_epi32(pos_result, neg_result);
      |                              ^~~~~~~~~~
      |                              result
hitables/../math/../core/../math/../math/simd.h:725:42: error: ‘neg_result’ was not declared in this scope; did you mean ‘result’?
  725 |     result.v = _mm_add_epi32(pos_result, neg_result);
      |                                          ^~~~~~~~~~
      |                                          result
hitables/../math/../core/../math/../math/simd.h:725:16: error: ‘_mm_add_epi32’ was not declared in this scope
  725 |     result.v = _mm_add_epi32(pos_result, neg_result);
      |                ^~~~~~~~~~~~~
make: *** [/opt/R/4.6.0/lib/R/etc/Makeconf:199: PrintClassSizes.o] Error 1
ERROR: compilation failed for package ‘rayrender’
* removing ‘/home/runner/work/_temp/rayrender-benchmark-workdirs/rayrender-bench-root-278542406ea4/rayrender-current-o3_native_no_simd-278579335702/r-lib/rayrender’",NA,NA,"/home/runner/work/_temp/rayrender-benchmark-workdirs/rayrender-bench-root-278542406ea4/rayrender-current-o3_native_no_simd-278579335702/logs/R-CMD-INSTALL.log",NA,NA,"/home/runner/work/_temp/rayrender-benchmark-workdirs/rayrender-bench-root-278542406ea4/rayrender-current-o3_native_no_simd-278579335702"
"2026-06-05T06:06:37Z","26997220244","1","Render Benchmarks","push","current","current","6e9943496cd2963679f30668cf32d017853b5d5a","false","master",NA,NA,NA,"bvh_many_spheres","/home/runner/work/rayrender/rayrender/tools/benchmarks/scenes/bvh_many_spheres.R","{""width"":50,""height"":50,""samples"":32,""seed"":1,""threads"":1,""time_build"":true,""write_artifact"":false,""sphere_count"":3000,""object_count"":3000}","1","3","1","1","50","50","32","1","TRUE","o3_native_simd_sse","error in running command","gcc -std=gnu2x","g++ -std=gnu++20","-O3 -march=native -DRAYSIMD -DHAS_SSE","-O3 -march=native -DRAYSIMD -DHAS_SSE","-O3 -march=native -DRAYSIMD -DHAS_SSE",NA,NA,"{}","TRUE","TRUE","TRUE","FALSE","Linux","Linux","6.17.0-1015-azure","x86_64",NA,"4",NA,"R version 4.6.0 (2026-04-24)","rayrender","0.41.0","282.946000",NA,"2.76",NA,"0.769","3.529",NA,"4.330000","0.440000","173396","169.332031","282.946000",NA,"ok",NA,"7ab4bddb9095698e3ffa5b9259fc38d2",NA,"/home/runner/work/_temp/rayrender-benchmark-workdirs/rayrender-bench-root-27923db86bc0/rayrender-current-o3_native_simd_sse-27921419df43/logs/R-CMD-INSTALL.log","/home/runner/work/_temp/rayrender-benchmark-workdirs/rayrender-bench-root-27923db86bc0/rayrender-current-o3_native_simd_sse-27921419df43/logs/bvh_many_spheres-1.log","/home/runner/work/_temp/rayrender-benchmark-workdirs/rayrender-bench-root-27923db86bc0/rayrender-current-o3_native_simd_sse-27921419df43/logs/bvh_many_spheres-1.time.log","/home/runner/work/_temp/rayrender-benchmark-workdirs/rayrender-bench-root-27923db86bc0/rayrender-current-o3_native_simd_sse-27921419df43"
"2026-06-05T06:06:42Z","26997220244","1","Render Benchmarks","push","current","current","6e9943496cd2963679f30668cf32d017853b5d5a","false","master",NA,NA,NA,"bvh_many_spheres","/home/runner/work/rayrender/rayrender/tools/benchmarks/scenes/bvh_many_spheres.R","{""width"":50,""height"":50,""samples"":32,""seed"":1,""threads"":1,""time_build"":true,""write_artifact"":false,""sphere_count"":3000,""object_count"":3000}","2","3","1","1","50","50","32","1","TRUE","o3_native_simd_sse","error in running command","gcc -std=gnu2x","g++ -std=gnu++20","-O3 -march=native -DRAYSIMD -DHAS_SSE","-O3 -march=native -DRAYSIMD -DHAS_SSE","-O3 -march=native -DRAYSIMD -DHAS_SSE",NA,NA,"{}","TRUE","TRUE","TRUE","FALSE","Linux","Linux","6.17.0-1015-azure","x86_64",NA,"4",NA,"R version 4.6.0 (2026-04-24)","rayrender","0.41.0","282.946000",NA,"2.765",NA,"0.773","3.538",NA,"4.310000","0.450000","173540","169.472656","282.946000",NA,"ok",NA,"7ab4bddb9095698e3ffa5b9259fc38d2",NA,"/home/runner/work/_temp/rayrender-benchmark-workdirs/rayrender-bench-root-27923db86bc0/rayrender-current-o3_native_simd_sse-27921419df43/logs/R-CMD-INSTALL.log","/home/runner/work/_temp/rayrender-benchmark-workdirs/rayrender-bench-root-27923db86bc0/rayrender-current-o3_native_simd_sse-27921419df43/logs/bvh_many_spheres-2.log","/home/runner/work/_temp/rayrender-benchmark-workdirs/rayrender-bench-root-27923db86bc0/rayrender-current-o3_native_simd_sse-27921419df43/logs/bvh_many_spheres-2.time.log","/home/runner/work/_temp/rayrender-benchmark-workdirs/rayrender-bench-root-27923db86bc0/rayrender-current-o3_native_simd_sse-27921419df43"
"2026-06-05T06:06:47Z","26997220244","1","Render Benchmarks","push","current","current","6e9943496cd2963679f30668cf32d017853b5d5a","false","master",NA,NA,NA,"bvh_many_spheres","/home/runner/work/rayrender/rayrender/tools/benchmarks/scenes/bvh_many_spheres.R","{""width"":50,""height"":50,""samples"":32,""seed"":1,""threads"":1,""time_build"":true,""write_artifact"":false,""sphere_count"":3000,""object_count"":3000}","3","3","1","1","50","50","32","1","TRUE","o3_native_simd_sse","error in running command","gcc -std=gnu2x","g++ -std=gnu++20","-O3 -march=native -DRAYSIMD -DHAS_SSE","-O3 -march=native -DRAYSIMD -DHAS_SSE","-O3 -march=native -DRAYSIMD -DHAS_SSE",NA,NA,"{}","TRUE","TRUE","TRUE","FALSE","Linux","Linux","6.17.0-1015-azure","x86_64",NA,"4",NA,"R version 4.6.0 (2026-04-24)","rayrender","0.41.0","282.946000",NA,"2.764",NA,"0.774","3.538",NA,"4.310000","0.440000","173584","169.515625","282.946000",NA,"ok",NA,"7ab4bddb9095698e3ffa5b9259fc38d2",NA,"/home/runner/work/_temp/rayrender-benchmark-workdirs/rayrender-bench-root-27923db86bc0/rayrender-current-o3_native_simd_sse-27921419df43/logs/R-CMD-INSTALL.log","/home/runner/work/_temp/rayrender-benchmark-workdirs/rayrender-bench-root-27923db86bc0/rayrender-current-o3_native_simd_sse-27921419df43/logs/bvh_many_spheres-3.log","/home/runner/work/_temp/rayrender-benchmark-workdirs/rayrender-bench-root-27923db86bc0/rayrender-current-o3_native_simd_sse-27921419df43/logs/bvh_many_spheres-3.time.log","/home/runner/work/_temp/rayrender-benchmark-workdirs/rayrender-bench-root-27923db86bc0/rayrender-current-o3_native_simd_sse-27921419df43"
"2026-06-05T06:06:56Z","26997220244","1","Render Benchmarks","push","current","current","6e9943496cd2963679f30668cf32d017853b5d5a","false","master",NA,NA,NA,"bvh_mixed_primitives","/home/runner/work/rayrender/rayrender/tools/benchmarks/scenes/bvh_mixed_primitives.R","{""width"":50,""height"":50,""samples"":32,""seed"":1,""threads"":1,""time_build"":true,""write_artifact"":false,""sphere_count"":3000,""object_count"":3000}","1","3","1","1","50","50","32","1","TRUE","o3_native_simd_sse","error in running command","gcc -std=gnu2x","g++ -std=gnu++20","-O3 -march=native -DRAYSIMD -DHAS_SSE","-O3 -march=native -DRAYSIMD -DHAS_SSE","-O3 -march=native -DRAYSIMD -DHAS_SSE",NA,NA,"{}","TRUE","TRUE","TRUE","FALSE","Linux","Linux","6.17.0-1015-azure","x86_64",NA,"4",NA,"R version 4.6.0 (2026-04-24)","rayrender","0.41.0","282.946000",NA,"2.723",NA,"1.092","3.815",NA,"4.600000","0.490000","173444","169.378906","282.946000",NA,"ok",NA,"3b949af2755eb4dce15a1790d1175a40",NA,"/home/runner/work/_temp/rayrender-benchmark-workdirs/rayrender-bench-root-27923db86bc0/rayrender-current-o3_native_simd_sse-27921419df43/logs/R-CMD-INSTALL.log","/home/runner/work/_temp/rayrender-benchmark-workdirs/rayrender-bench-root-27923db86bc0/rayrender-current-o3_native_simd_sse-27921419df43/logs/bvh_mixed_primitives-1.log","/home/runner/work/_temp/rayrender-benchmark-workdirs/rayrender-bench-root-27923db86bc0/rayrender-current-o3_native_simd_sse-27921419df43/logs/bvh_mixed_primitives-1.time.log","/home/runner/work/_temp/rayrender-benchmark-workdirs/rayrender-bench-root-27923db86bc0/rayrender-current-o3_native_simd_sse-27921419df43"
"2026-06-05T06:07:01Z","26997220244","1","Render Benchmarks","push","current","current","6e9943496cd2963679f30668cf32d017853b5d5a","false","master",NA,NA,NA,"bvh_mixed_primitives","/home/runner/work/rayrender/rayrender/tools/benchmarks/scenes/bvh_mixed_primitives.R","{""width"":50,""height"":50,""samples"":32,""seed"":1,""threads"":1,""time_build"":true,""write_artifact"":false,""sphere_count"":3000,""object_count"":3000}","2","3","1","1","50","50","32","1","TRUE","o3_native_simd_sse","error in running command","gcc -std=gnu2x","g++ -std=gnu++20","-O3 -march=native -DRAYSIMD -DHAS_SSE","-O3 -march=native -DRAYSIMD -DHAS_SSE","-O3 -march=native -DRAYSIMD -DHAS_SSE",NA,NA,"{}","TRUE","TRUE","TRUE","FALSE","Linux","Linux","6.17.0-1015-azure","x86_64",NA,"4",NA,"R version 4.6.0 (2026-04-24)","rayrender","0.41.0","282.946000",NA,"2.776",NA,"1.093","3.869",NA,"4.580000","0.510000","173572","169.503906","282.946000",NA,"ok",NA,"3b949af2755eb4dce15a1790d1175a40",NA,"/home/runner/work/_temp/rayrender-benchmark-workdirs/rayrender-bench-root-27923db86bc0/rayrender-current-o3_native_simd_sse-27921419df43/logs/R-CMD-INSTALL.log","/home/runner/work/_temp/rayrender-benchmark-workdirs/rayrender-bench-root-27923db86bc0/rayrender-current-o3_native_simd_sse-27921419df43/logs/bvh_mixed_primitives-2.log","/home/runner/work/_temp/rayrender-benchmark-workdirs/rayrender-bench-root-27923db86bc0/rayrender-current-o3_native_simd_sse-27921419df43/logs/bvh_mixed_primitives-2.time.log","/home/runner/work/_temp/rayrender-benchmark-workdirs/rayrender-bench-root-27923db86bc0/rayrender-current-o3_native_simd_sse-27921419df43"
"2026-06-05T06:07:06Z","26997220244","1","Render Benchmarks","push","current","current","6e9943496cd2963679f30668cf32d017853b5d5a","false","master",NA,NA,NA,"bvh_mixed_primitives","/home/runner/work/rayrender/rayrender/tools/benchmarks/scenes/bvh_mixed_primitives.R","{""width"":50,""height"":50,""samples"":32,""seed"":1,""threads"":1,""time_build"":true,""write_artifact"":false,""sphere_count"":3000,""object_count"":3000}","3","3","1","1","50","50","32","1","TRUE","o3_native_simd_sse","error in running command","gcc -std=gnu2x","g++ -std=gnu++20","-O3 -march=native -DRAYSIMD -DHAS_SSE","-O3 -march=native -DRAYSIMD -DHAS_SSE","-O3 -march=native -DRAYSIMD -DHAS_SSE",NA,NA,"{}","TRUE","TRUE","TRUE","FALSE","Linux","Linux","6.17.0-1015-azure","x86_64",NA,"4",NA,"R version 4.6.0 (2026-04-24)","rayrender","0.41.0","282.946000",NA,"2.785",NA,"1.107","3.892",NA,"4.630000","0.490000","173240","169.179688","282.946000",NA,"ok",NA,"3b949af2755eb4dce15a1790d1175a40",NA,"/home/runner/work/_temp/rayrender-benchmark-workdirs/rayrender-bench-root-27923db86bc0/rayrender-current-o3_native_simd_sse-27921419df43/logs/R-CMD-INSTALL.log","/home/runner/work/_temp/rayrender-benchmark-workdirs/rayrender-bench-root-27923db86bc0/rayrender-current-o3_native_simd_sse-27921419df43/logs/bvh_mixed_primitives-3.log","/home/runner/work/_temp/rayrender-benchmark-workdirs/rayrender-bench-root-27923db86bc0/rayrender-current-o3_native_simd_sse-27921419df43/logs/bvh_mixed_primitives-3.time.log","/home/runner/work/_temp/rayrender-benchmark-workdirs/rayrender-bench-root-27923db86bc0/rayrender-current-o3_native_simd_sse-27921419df43"
"2026-06-06T21:38:30Z","27074327787","1","Render Benchmarks","push","current","current","65114d3f34f6ccd0a5826d0891c40f9863268298","false","master",NA,NA,NA,"bvh_many_spheres","/home/runner/work/rayrender/rayrender/tools/benchmarks/scenes/bvh_many_spheres.R","{""width"":50,""height"":50,""samples"":32,""seed"":1,""threads"":1,""time_build"":true,""write_artifact"":false,""sphere_count"":3000,""object_count"":3000}",NA,"3","1","1","50","50","32","1","TRUE","o3_native_no_simd","error in running command","gcc -std=gnu2x","g++ -std=gnu++20","-O3 -march=native","-O3 -march=native","-O3 -march=native",NA,NA,"{""RAYRENDER_DISABLE_SIMD"":""true""}","FALSE","FALSE","FALSE","FALSE","Linux","Linux","6.17.0-1015-azure","x86_64",NA,"4",NA,"R version 4.6.0 (2026-04-24)","rayrender","0.41.1","3.809000",NA,NA,NA,NA,NA,NA,NA,NA,NA,NA,"3.809000",NA,"build_failed","/_temp/Library/libimath/lib/x86_64 -Wl,-rpath,/home/runner/work/_temp/Library/libimath/lib/x86_64 -Wl,-rpath-link,/home/runner/work/_temp/Library/libimath/lib/x86_64 -lImath-3_2
--------------------------------------------------
** finished configure for package 'rayrender'
** libs
specified C++20
using C++ compiler: ‘g++ (Ubuntu 13.3.0-6ubuntu2~24.04.1) 13.3.0’
using C++20
g++ -std=gnu++20 -I""/opt/R/4.6.0/lib/R/include"" -DNDEBUG -I/home/runner/work/_temp/Library/libopenexr/include/OpenEXR -I/home/runner/work/_temp/Library/libimath/include/Imath  -I'/home/runner/work/_temp/Library/Rcpp/include' -I'/home/runner/work/_temp/Library/RcppThread/include' -I'/home/runner/work/_temp/Library/progress/include' -I'/home/runner/work/_temp/Library/spacefillr/include' -I'/home/runner/work/_temp/Library/testthat/include' -I'/home/runner/work/_temp/Library/libopenexr/include' -I'/home/runner/work/_temp/Library/libimath/include' -I/usr/local/include   -DRAY_REPRODUCE_PERLIN -DSTRICT_R_HEADERS -DRAY_HAS_X11 -ffp-contract=off -fvisibility=hidden -fvisibility-inlines-hidden -fpic  -g -O2   -c PrintClassSizes.cpp -o PrintClassSizes.o
In file included from hitables/../math/../core/../math/vec3.h:7,
                 from hitables/../math/../core/ray.h:5,
                 from hitables/../math/aabb.h:4,
                 from hitables/hitable.h:4,
                 from PrintClassSizes.cpp:2:
hitables/../math/../core/../math/../math/simd.h: In function ‘IVec4 simd_sgn(const IVec4&)’:
hitables/../math/../core/../math/../math/simd.h:715:5: error: ‘__m128i’ was not declared in this scope
  715 |     __m128i zero = _mm_setzero_si128();
      |     ^~~~~~~
hitables/../math/../core/../math/../math/simd.h:716:12: error: expected ‘;’ before ‘one’
  716 |     __m128i one = _mm_set1_epi32(1);
      |            ^~~~
      |            ;
hitables/../math/../core/../math/../math/simd.h:717:12: error: expected ‘;’ before ‘neg_one’
  717 |     __m128i neg_one = _mm_set1_epi32(-1);
      |            ^~~~~~~~
      |            ;
hitables/../math/../core/../math/../math/simd.h:719:12: error: expected ‘;’ before ‘gt_mask’
  719 |     __m128i gt_mask = _mm_cmpgt_epi32(a.v, zero);  // x > 0
      |            ^~~~~~~~
      |            ;
hitables/../math/../core/../math/../math/simd.h:720:12: error: expected ‘;’ before ‘lt_mask’
  720 |     __m128i lt_mask = _mm_cmpgt_epi32(zero, a.v);  // x < 0
      |            ^~~~~~~~
      |            ;
hitables/../math/../core/../math/../math/simd.h:722:12: error: expected ‘;’ before ‘pos_result’
  722 |     __m128i pos_result = _mm_and_si128(gt_mask, one);     // 1 where x > 0
      |            ^~~~~~~~~~~
      |            ;
hitables/../math/../core/../math/../math/simd.h:723:12: error: expected ‘;’ before ‘neg_result’
  723 |     __m128i neg_result = _mm_and_si128(lt_mask, neg_one); // -1 where x < 0
      |            ^~~~~~~~~~~
      |            ;
hitables/../math/../core/../math/../math/simd.h:725:30: error: ‘pos_result’ was not declared in this scope; did you mean ‘result’?
  725 |     result.v = _mm_add_epi32(pos_result, neg_result);
      |                              ^~~~~~~~~~
      |                              result
hitables/../math/../core/../math/../math/simd.h:725:42: error: ‘neg_result’ was not declared in this scope; did you mean ‘result’?
  725 |     result.v = _mm_add_epi32(pos_result, neg_result);
      |                                          ^~~~~~~~~~
      |                                          result
hitables/../math/../core/../math/../math/simd.h:725:16: error: ‘_mm_add_epi32’ was not declared in this scope
  725 |     result.v = _mm_add_epi32(pos_result, neg_result);
      |                ^~~~~~~~~~~~~
make: *** [/opt/R/4.6.0/lib/R/etc/Makeconf:199: PrintClassSizes.o] Error 1
ERROR: compilation failed for package ‘rayrender’
* removing ‘/home/runner/work/_temp/rayrender-benchmark-workdirs/rayrender-bench-root-30ea4412d8a3/rayrender-current-o3_native_no_simd-30ea1867f398/r-lib/rayrender’",NA,NA,"/home/runner/work/_temp/rayrender-benchmark-workdirs/rayrender-bench-root-30ea4412d8a3/rayrender-current-o3_native_no_simd-30ea1867f398/logs/R-CMD-INSTALL.log",NA,NA,"/home/runner/work/_temp/rayrender-benchmark-workdirs/rayrender-bench-root-30ea4412d8a3/rayrender-current-o3_native_no_simd-30ea1867f398"
"2026-06-06T21:38:31Z","27074327787","1","Render Benchmarks","push","current","current","65114d3f34f6ccd0a5826d0891c40f9863268298","false","master",NA,NA,NA,"bvh_mixed_primitives","/home/runner/work/rayrender/rayrender/tools/benchmarks/scenes/bvh_mixed_primitives.R","{""width"":50,""height"":50,""samples"":32,""seed"":1,""threads"":1,""time_build"":true,""write_artifact"":false,""sphere_count"":3000,""object_count"":3000}",NA,"3","1","1","50","50","32","1","TRUE","o3_native_no_simd","error in running command","gcc -std=gnu2x","g++ -std=gnu++20","-O3 -march=native","-O3 -march=native","-O3 -march=native",NA,NA,"{""RAYRENDER_DISABLE_SIMD"":""true""}","FALSE","FALSE","FALSE","FALSE","Linux","Linux","6.17.0-1015-azure","x86_64",NA,"4",NA,"R version 4.6.0 (2026-04-24)","rayrender","0.41.1","3.809000",NA,NA,NA,NA,NA,NA,NA,NA,NA,NA,"3.809000",NA,"build_failed","/_temp/Library/libimath/lib/x86_64 -Wl,-rpath,/home/runner/work/_temp/Library/libimath/lib/x86_64 -Wl,-rpath-link,/home/runner/work/_temp/Library/libimath/lib/x86_64 -lImath-3_2
--------------------------------------------------
** finished configure for package 'rayrender'
** libs
specified C++20
using C++ compiler: ‘g++ (Ubuntu 13.3.0-6ubuntu2~24.04.1) 13.3.0’
using C++20
g++ -std=gnu++20 -I""/opt/R/4.6.0/lib/R/include"" -DNDEBUG -I/home/runner/work/_temp/Library/libopenexr/include/OpenEXR -I/home/runner/work/_temp/Library/libimath/include/Imath  -I'/home/runner/work/_temp/Library/Rcpp/include' -I'/home/runner/work/_temp/Library/RcppThread/include' -I'/home/runner/work/_temp/Library/progress/include' -I'/home/runner/work/_temp/Library/spacefillr/include' -I'/home/runner/work/_temp/Library/testthat/include' -I'/home/runner/work/_temp/Library/libopenexr/include' -I'/home/runner/work/_temp/Library/libimath/include' -I/usr/local/include   -DRAY_REPRODUCE_PERLIN -DSTRICT_R_HEADERS -DRAY_HAS_X11 -ffp-contract=off -fvisibility=hidden -fvisibility-inlines-hidden -fpic  -g -O2   -c PrintClassSizes.cpp -o PrintClassSizes.o
In file included from hitables/../math/../core/../math/vec3.h:7,
                 from hitables/../math/../core/ray.h:5,
                 from hitables/../math/aabb.h:4,
                 from hitables/hitable.h:4,
                 from PrintClassSizes.cpp:2:
hitables/../math/../core/../math/../math/simd.h: In function ‘IVec4 simd_sgn(const IVec4&)’:
hitables/../math/../core/../math/../math/simd.h:715:5: error: ‘__m128i’ was not declared in this scope
  715 |     __m128i zero = _mm_setzero_si128();
      |     ^~~~~~~
hitables/../math/../core/../math/../math/simd.h:716:12: error: expected ‘;’ before ‘one’
  716 |     __m128i one = _mm_set1_epi32(1);
      |            ^~~~
      |            ;
hitables/../math/../core/../math/../math/simd.h:717:12: error: expected ‘;’ before ‘neg_one’
  717 |     __m128i neg_one = _mm_set1_epi32(-1);
      |            ^~~~~~~~
      |            ;
hitables/../math/../core/../math/../math/simd.h:719:12: error: expected ‘;’ before ‘gt_mask’
  719 |     __m128i gt_mask = _mm_cmpgt_epi32(a.v, zero);  // x > 0
      |            ^~~~~~~~
      |            ;
hitables/../math/../core/../math/../math/simd.h:720:12: error: expected ‘;’ before ‘lt_mask’
  720 |     __m128i lt_mask = _mm_cmpgt_epi32(zero, a.v);  // x < 0
      |            ^~~~~~~~
      |            ;
hitables/../math/../core/../math/../math/simd.h:722:12: error: expected ‘;’ before ‘pos_result’
  722 |     __m128i pos_result = _mm_and_si128(gt_mask, one);     // 1 where x > 0
      |            ^~~~~~~~~~~
      |            ;
hitables/../math/../core/../math/../math/simd.h:723:12: error: expected ‘;’ before ‘neg_result’
  723 |     __m128i neg_result = _mm_and_si128(lt_mask, neg_one); // -1 where x < 0
      |            ^~~~~~~~~~~
      |            ;
hitables/../math/../core/../math/../math/simd.h:725:30: error: ‘pos_result’ was not declared in this scope; did you mean ‘result’?
  725 |     result.v = _mm_add_epi32(pos_result, neg_result);
      |                              ^~~~~~~~~~
      |                              result
hitables/../math/../core/../math/../math/simd.h:725:42: error: ‘neg_result’ was not declared in this scope; did you mean ‘result’?
  725 |     result.v = _mm_add_epi32(pos_result, neg_result);
      |                                          ^~~~~~~~~~
      |                                          result
hitables/../math/../core/../math/../math/simd.h:725:16: error: ‘_mm_add_epi32’ was not declared in this scope
  725 |     result.v = _mm_add_epi32(pos_result, neg_result);
      |                ^~~~~~~~~~~~~
make: *** [/opt/R/4.6.0/lib/R/etc/Makeconf:199: PrintClassSizes.o] Error 1
ERROR: compilation failed for package ‘rayrender’
* removing ‘/home/runner/work/_temp/rayrender-benchmark-workdirs/rayrender-bench-root-30ea4412d8a3/rayrender-current-o3_native_no_simd-30ea1867f398/r-lib/rayrender’",NA,NA,"/home/runner/work/_temp/rayrender-benchmark-workdirs/rayrender-bench-root-30ea4412d8a3/rayrender-current-o3_native_no_simd-30ea1867f398/logs/R-CMD-INSTALL.log",NA,NA,"/home/runner/work/_temp/rayrender-benchmark-workdirs/rayrender-bench-root-30ea4412d8a3/rayrender-current-o3_native_no_simd-30ea1867f398"
"2026-06-06T21:42:15Z","27074327787","1","Render Benchmarks","push","current","current","65114d3f34f6ccd0a5826d0891c40f9863268298","false","master",NA,NA,NA,"bvh_many_spheres","/home/runner/work/rayrender/rayrender/tools/benchmarks/scenes/bvh_many_spheres.R","{""width"":50,""height"":50,""samples"":32,""seed"":1,""threads"":1,""time_build"":true,""write_artifact"":false,""sphere_count"":3000,""object_count"":3000}","1","3","1","1","50","50","32","1","TRUE","o3_native_simd_sse","error in running command","gcc -std=gnu2x","g++ -std=gnu++20","-O3 -march=native -DRAYSIMD -DHAS_SSE","-O3 -march=native -DRAYSIMD -DHAS_SSE","-O3 -march=native -DRAYSIMD -DHAS_SSE",NA,NA,"{}","TRUE","TRUE","TRUE","FALSE","Linux","Linux","6.17.0-1015-azure","x86_64",NA,"4",NA,"R version 4.6.0 (2026-04-24)","rayrender","0.41.1","254.221000",NA,"2.378",NA,"0.782","3.16",NA,"3.850000","0.440000","173220","169.160156","254.221000",NA,"ok",NA,"7ab4bddb9095698e3ffa5b9259fc38d2",NA,"/home/runner/work/_temp/rayrender-benchmark-workdirs/rayrender-bench-root-310c56e7a302/rayrender-current-o3_native_simd_sse-310c7c6cd292/logs/R-CMD-INSTALL.log","/home/runner/work/_temp/rayrender-benchmark-workdirs/rayrender-bench-root-310c56e7a302/rayrender-current-o3_native_simd_sse-310c7c6cd292/logs/bvh_many_spheres-1.log","/home/runner/work/_temp/rayrender-benchmark-workdirs/rayrender-bench-root-310c56e7a302/rayrender-current-o3_native_simd_sse-310c7c6cd292/logs/bvh_many_spheres-1.time.log","/home/runner/work/_temp/rayrender-benchmark-workdirs/rayrender-bench-root-310c56e7a302/rayrender-current-o3_native_simd_sse-310c7c6cd292"
"2026-06-06T21:42:19Z","27074327787","1","Render Benchmarks","push","current","current","65114d3f34f6ccd0a5826d0891c40f9863268298","false","master",NA,NA,NA,"bvh_many_spheres","/home/runner/work/rayrender/rayrender/tools/benchmarks/scenes/bvh_many_spheres.R","{""width"":50,""height"":50,""samples"":32,""seed"":1,""threads"":1,""time_build"":true,""write_artifact"":false,""sphere_count"":3000,""object_count"":3000}","2","3","1","1","50","50","32","1","TRUE","o3_native_simd_sse","error in running command","gcc -std=gnu2x","g++ -std=gnu++20","-O3 -march=native -DRAYSIMD -DHAS_SSE","-O3 -march=native -DRAYSIMD -DHAS_SSE","-O3 -march=native -DRAYSIMD -DHAS_SSE",NA,NA,"{}","TRUE","TRUE","TRUE","FALSE","Linux","Linux","6.17.0-1015-azure","x86_64",NA,"4",NA,"R version 4.6.0 (2026-04-24)","rayrender","0.41.1","254.221000",NA,"2.412",NA,"0.768","3.18",NA,"3.970000","0.420000","173564","169.496094","254.221000",NA,"ok",NA,"7ab4bddb9095698e3ffa5b9259fc38d2",NA,"/home/runner/work/_temp/rayrender-benchmark-workdirs/rayrender-bench-root-310c56e7a302/rayrender-current-o3_native_simd_sse-310c7c6cd292/logs/R-CMD-INSTALL.log","/home/runner/work/_temp/rayrender-benchmark-workdirs/rayrender-bench-root-310c56e7a302/rayrender-current-o3_native_simd_sse-310c7c6cd292/logs/bvh_many_spheres-2.log","/home/runner/work/_temp/rayrender-benchmark-workdirs/rayrender-bench-root-310c56e7a302/rayrender-current-o3_native_simd_sse-310c7c6cd292/logs/bvh_many_spheres-2.time.log","/home/runner/work/_temp/rayrender-benchmark-workdirs/rayrender-bench-root-310c56e7a302/rayrender-current-o3_native_simd_sse-310c7c6cd292"
"2026-06-06T21:42:23Z","27074327787","1","Render Benchmarks","push","current","current","65114d3f34f6ccd0a5826d0891c40f9863268298","false","master",NA,NA,NA,"bvh_many_spheres","/home/runner/work/rayrender/rayrender/tools/benchmarks/scenes/bvh_many_spheres.R","{""width"":50,""height"":50,""samples"":32,""seed"":1,""threads"":1,""time_build"":true,""write_artifact"":false,""sphere_count"":3000,""object_count"":3000}","3","3","1","1","50","50","32","1","TRUE","o3_native_simd_sse","error in running command","gcc -std=gnu2x","g++ -std=gnu++20","-O3 -march=native -DRAYSIMD -DHAS_SSE","-O3 -march=native -DRAYSIMD -DHAS_SSE","-O3 -march=native -DRAYSIMD -DHAS_SSE",NA,NA,"{}","TRUE","TRUE","TRUE","FALSE","Linux","Linux","6.17.0-1015-azure","x86_64",NA,"4",NA,"R version 4.6.0 (2026-04-24)","rayrender","0.41.1","254.221000",NA,"2.361",NA,"0.787","3.148",NA,"3.840000","0.420000","173416","169.351562","254.221000",NA,"ok",NA,"7ab4bddb9095698e3ffa5b9259fc38d2",NA,"/home/runner/work/_temp/rayrender-benchmark-workdirs/rayrender-bench-root-310c56e7a302/rayrender-current-o3_native_simd_sse-310c7c6cd292/logs/R-CMD-INSTALL.log","/home/runner/work/_temp/rayrender-benchmark-workdirs/rayrender-bench-root-310c56e7a302/rayrender-current-o3_native_simd_sse-310c7c6cd292/logs/bvh_many_spheres-3.log","/home/runner/work/_temp/rayrender-benchmark-workdirs/rayrender-bench-root-310c56e7a302/rayrender-current-o3_native_simd_sse-310c7c6cd292/logs/bvh_many_spheres-3.time.log","/home/runner/work/_temp/rayrender-benchmark-workdirs/rayrender-bench-root-310c56e7a302/rayrender-current-o3_native_simd_sse-310c7c6cd292"
"2026-06-06T21:42:32Z","27074327787","1","Render Benchmarks","push","current","current","65114d3f34f6ccd0a5826d0891c40f9863268298","false","master",NA,NA,NA,"bvh_mixed_primitives","/home/runner/work/rayrender/rayrender/tools/benchmarks/scenes/bvh_mixed_primitives.R","{""width"":50,""height"":50,""samples"":32,""seed"":1,""threads"":1,""time_build"":true,""write_artifact"":false,""sphere_count"":3000,""object_count"":3000}","1","3","1","1","50","50","32","1","TRUE","o3_native_simd_sse","error in running command","gcc -std=gnu2x","g++ -std=gnu++20","-O3 -march=native -DRAYSIMD -DHAS_SSE","-O3 -march=native -DRAYSIMD -DHAS_SSE","-O3 -march=native -DRAYSIMD -DHAS_SSE",NA,NA,"{}","TRUE","TRUE","TRUE","FALSE","Linux","Linux","6.17.0-1015-azure","x86_64",NA,"4",NA,"R version 4.6.0 (2026-04-24)","rayrender","0.41.1","254.221000",NA,"2.385",NA,"1.057","3.442",NA,"4.040000","0.510000","174052","169.972656","254.221000",NA,"ok",NA,"3b949af2755eb4dce15a1790d1175a40",NA,"/home/runner/work/_temp/rayrender-benchmark-workdirs/rayrender-bench-root-310c56e7a302/rayrender-current-o3_native_simd_sse-310c7c6cd292/logs/R-CMD-INSTALL.log","/home/runner/work/_temp/rayrender-benchmark-workdirs/rayrender-bench-root-310c56e7a302/rayrender-current-o3_native_simd_sse-310c7c6cd292/logs/bvh_mixed_primitives-1.log","/home/runner/work/_temp/rayrender-benchmark-workdirs/rayrender-bench-root-310c56e7a302/rayrender-current-o3_native_simd_sse-310c7c6cd292/logs/bvh_mixed_primitives-1.time.log","/home/runner/work/_temp/rayrender-benchmark-workdirs/rayrender-bench-root-310c56e7a302/rayrender-current-o3_native_simd_sse-310c7c6cd292"
"2026-06-06T21:42:36Z","27074327787","1","Render Benchmarks","push","current","current","65114d3f34f6ccd0a5826d0891c40f9863268298","false","master",NA,NA,NA,"bvh_mixed_primitives","/home/runner/work/rayrender/rayrender/tools/benchmarks/scenes/bvh_mixed_primitives.R","{""width"":50,""height"":50,""samples"":32,""seed"":1,""threads"":1,""time_build"":true,""write_artifact"":false,""sphere_count"":3000,""object_count"":3000}","2","3","1","1","50","50","32","1","TRUE","o3_native_simd_sse","error in running command","gcc -std=gnu2x","g++ -std=gnu++20","-O3 -march=native -DRAYSIMD -DHAS_SSE","-O3 -march=native -DRAYSIMD -DHAS_SSE","-O3 -march=native -DRAYSIMD -DHAS_SSE",NA,NA,"{}","TRUE","TRUE","TRUE","FALSE","Linux","Linux","6.17.0-1015-azure","x86_64",NA,"4",NA,"R version 4.6.0 (2026-04-24)","rayrender","0.41.1","254.221000",NA,"2.371",NA,"1.076","3.447",NA,"4.090000","0.480000","173712","169.640625","254.221000",NA,"ok",NA,"3b949af2755eb4dce15a1790d1175a40",NA,"/home/runner/work/_temp/rayrender-benchmark-workdirs/rayrender-bench-root-310c56e7a302/rayrender-current-o3_native_simd_sse-310c7c6cd292/logs/R-CMD-INSTALL.log","/home/runner/work/_temp/rayrender-benchmark-workdirs/rayrender-bench-root-310c56e7a302/rayrender-current-o3_native_simd_sse-310c7c6cd292/logs/bvh_mixed_primitives-2.log","/home/runner/work/_temp/rayrender-benchmark-workdirs/rayrender-bench-root-310c56e7a302/rayrender-current-o3_native_simd_sse-310c7c6cd292/logs/bvh_mixed_primitives-2.time.log","/home/runner/work/_temp/rayrender-benchmark-workdirs/rayrender-bench-root-310c56e7a302/rayrender-current-o3_native_simd_sse-310c7c6cd292"
"2026-06-06T21:42:41Z","27074327787","1","Render Benchmarks","push","current","current","65114d3f34f6ccd0a5826d0891c40f9863268298","false","master",NA,NA,NA,"bvh_mixed_primitives","/home/runner/work/rayrender/rayrender/tools/benchmarks/scenes/bvh_mixed_primitives.R","{""width"":50,""height"":50,""samples"":32,""seed"":1,""threads"":1,""time_build"":true,""write_artifact"":false,""sphere_count"":3000,""object_count"":3000}","3","3","1","1","50","50","32","1","TRUE","o3_native_simd_sse","error in running command","gcc -std=gnu2x","g++ -std=gnu++20","-O3 -march=native -DRAYSIMD -DHAS_SSE","-O3 -march=native -DRAYSIMD -DHAS_SSE","-O3 -march=native -DRAYSIMD -DHAS_SSE",NA,NA,"{}","TRUE","TRUE","TRUE","FALSE","Linux","Linux","6.17.0-1015-azure","x86_64",NA,"4",NA,"R version 4.6.0 (2026-04-24)","rayrender","0.41.1","254.221000",NA,"2.405",NA,"1.062","3.467",NA,"4.110000","0.470000","173916","169.839844","254.221000",NA,"ok",NA,"3b949af2755eb4dce15a1790d1175a40",NA,"/home/runner/work/_temp/rayrender-benchmark-workdirs/rayrender-bench-root-310c56e7a302/rayrender-current-o3_native_simd_sse-310c7c6cd292/logs/R-CMD-INSTALL.log","/home/runner/work/_temp/rayrender-benchmark-workdirs/rayrender-bench-root-310c56e7a302/rayrender-current-o3_native_simd_sse-310c7c6cd292/logs/bvh_mixed_primitives-3.log","/home/runner/work/_temp/rayrender-benchmark-workdirs/rayrender-bench-root-310c56e7a302/rayrender-current-o3_native_simd_sse-310c7c6cd292/logs/bvh_mixed_primitives-3.time.log","/home/runner/work/_temp/rayrender-benchmark-workdirs/rayrender-bench-root-310c56e7a302/rayrender-current-o3_native_simd_sse-310c7c6cd292"
"2026-06-16T00:36:21Z","27585387020","1","Render Benchmarks","push","current","current","e9df48a78c5bf0599163db0c6f74c63c00080fd3","false","master",NA,NA,NA,"bvh_many_spheres","/home/runner/work/rayrender/rayrender/tools/benchmarks/scenes/bvh_many_spheres.R","{""width"":50,""height"":50,""samples"":32,""seed"":1,""threads"":1,""time_build"":true,""write_artifact"":false,""sphere_count"":3000,""object_count"":3000}",NA,"3","1","1","50","50","32","1","TRUE","o3_native_no_simd","error in running command","gcc -std=gnu2x","g++ -std=gnu++20","-O3 -march=native","-O3 -march=native","-O3 -march=native",NA,NA,"{""RAYRENDER_DISABLE_SIMD"":""true""}","FALSE","FALSE","FALSE","FALSE","Linux","Linux","6.17.0-1018-azure","x86_64",NA,"4",NA,"R version 4.6.0 (2026-04-24)","rayrender","0.41.1","3.736000",NA,NA,NA,NA,NA,NA,NA,NA,NA,NA,"3.736000",NA,"build_failed","/_temp/Library/libimath/lib/x86_64 -Wl,-rpath,/home/runner/work/_temp/Library/libimath/lib/x86_64 -Wl,-rpath-link,/home/runner/work/_temp/Library/libimath/lib/x86_64 -lImath-3_2
--------------------------------------------------
** finished configure for package 'rayrender'
** libs
specified C++20
using C++ compiler: ‘g++ (Ubuntu 13.3.0-6ubuntu2~24.04.1) 13.3.0’
using C++20
g++ -std=gnu++20 -I""/opt/R/4.6.0/lib/R/include"" -DNDEBUG -I/home/runner/work/_temp/Library/libopenexr/include/OpenEXR -I/home/runner/work/_temp/Library/libimath/include/Imath  -I'/home/runner/work/_temp/Library/Rcpp/include' -I'/home/runner/work/_temp/Library/RcppThread/include' -I'/home/runner/work/_temp/Library/progress/include' -I'/home/runner/work/_temp/Library/spacefillr/include' -I'/home/runner/work/_temp/Library/testthat/include' -I'/home/runner/work/_temp/Library/libopenexr/include' -I'/home/runner/work/_temp/Library/libimath/include' -I/usr/local/include   -DRAY_REPRODUCE_PERLIN -DSTRICT_R_HEADERS -DRAY_HAS_X11 -ffp-contract=off -fvisibility=hidden -fvisibility-inlines-hidden -fpic  -g -O2   -c PrintClassSizes.cpp -o PrintClassSizes.o
In file included from hitables/../math/../core/../math/vec3.h:7,
                 from hitables/../math/../core/ray.h:5,
                 from hitables/../math/aabb.h:4,
                 from hitables/hitable.h:4,
                 from PrintClassSizes.cpp:2:
hitables/../math/../core/../math/../math/simd.h: In function ‘IVec4 simd_sgn(const IVec4&)’:
hitables/../math/../core/../math/../math/simd.h:715:5: error: ‘__m128i’ was not declared in this scope
  715 |     __m128i zero = _mm_setzero_si128();
      |     ^~~~~~~
hitables/../math/../core/../math/../math/simd.h:716:12: error: expected ‘;’ before ‘one’
  716 |     __m128i one = _mm_set1_epi32(1);
      |            ^~~~
      |            ;
hitables/../math/../core/../math/../math/simd.h:717:12: error: expected ‘;’ before ‘neg_one’
  717 |     __m128i neg_one = _mm_set1_epi32(-1);
      |            ^~~~~~~~
      |            ;
hitables/../math/../core/../math/../math/simd.h:719:12: error: expected ‘;’ before ‘gt_mask’
  719 |     __m128i gt_mask = _mm_cmpgt_epi32(a.v, zero);  // x > 0
      |            ^~~~~~~~
      |            ;
hitables/../math/../core/../math/../math/simd.h:720:12: error: expected ‘;’ before ‘lt_mask’
  720 |     __m128i lt_mask = _mm_cmpgt_epi32(zero, a.v);  // x < 0
      |            ^~~~~~~~
      |            ;
hitables/../math/../core/../math/../math/simd.h:722:12: error: expected ‘;’ before ‘pos_result’
  722 |     __m128i pos_result = _mm_and_si128(gt_mask, one);     // 1 where x > 0
      |            ^~~~~~~~~~~
      |            ;
hitables/../math/../core/../math/../math/simd.h:723:12: error: expected ‘;’ before ‘neg_result’
  723 |     __m128i neg_result = _mm_and_si128(lt_mask, neg_one); // -1 where x < 0
      |            ^~~~~~~~~~~
      |            ;
hitables/../math/../core/../math/../math/simd.h:725:30: error: ‘pos_result’ was not declared in this scope; did you mean ‘result’?
  725 |     result.v = _mm_add_epi32(pos_result, neg_result);
      |                              ^~~~~~~~~~
      |                              result
hitables/../math/../core/../math/../math/simd.h:725:42: error: ‘neg_result’ was not declared in this scope; did you mean ‘result’?
  725 |     result.v = _mm_add_epi32(pos_result, neg_result);
      |                                          ^~~~~~~~~~
      |                                          result
hitables/../math/../core/../math/../math/simd.h:725:16: error: ‘_mm_add_epi32’ was not declared in this scope
  725 |     result.v = _mm_add_epi32(pos_result, neg_result);
      |                ^~~~~~~~~~~~~
make: *** [/opt/R/4.6.0/lib/R/etc/Makeconf:199: PrintClassSizes.o] Error 1
ERROR: compilation failed for package ‘rayrender’
* removing ‘/home/runner/work/_temp/rayrender-benchmark-workdirs/rayrender-bench-root-32792476d885/rayrender-current-o3_native_no_simd-3279196fc986/r-lib/rayrender’",NA,NA,"/home/runner/work/_temp/rayrender-benchmark-workdirs/rayrender-bench-root-32792476d885/rayrender-current-o3_native_no_simd-3279196fc986/logs/R-CMD-INSTALL.log",NA,NA,"/home/runner/work/_temp/rayrender-benchmark-workdirs/rayrender-bench-root-32792476d885/rayrender-current-o3_native_no_simd-3279196fc986"
"2026-06-16T00:36:22Z","27585387020","1","Render Benchmarks","push","current","current","e9df48a78c5bf0599163db0c6f74c63c00080fd3","false","master",NA,NA,NA,"bvh_mixed_primitives","/home/runner/work/rayrender/rayrender/tools/benchmarks/scenes/bvh_mixed_primitives.R","{""width"":50,""height"":50,""samples"":32,""seed"":1,""threads"":1,""time_build"":true,""write_artifact"":false,""sphere_count"":3000,""object_count"":3000}",NA,"3","1","1","50","50","32","1","TRUE","o3_native_no_simd","error in running command","gcc -std=gnu2x","g++ -std=gnu++20","-O3 -march=native","-O3 -march=native","-O3 -march=native",NA,NA,"{""RAYRENDER_DISABLE_SIMD"":""true""}","FALSE","FALSE","FALSE","FALSE","Linux","Linux","6.17.0-1018-azure","x86_64",NA,"4",NA,"R version 4.6.0 (2026-04-24)","rayrender","0.41.1","3.736000",NA,NA,NA,NA,NA,NA,NA,NA,NA,NA,"3.736000",NA,"build_failed","/_temp/Library/libimath/lib/x86_64 -Wl,-rpath,/home/runner/work/_temp/Library/libimath/lib/x86_64 -Wl,-rpath-link,/home/runner/work/_temp/Library/libimath/lib/x86_64 -lImath-3_2
--------------------------------------------------
** finished configure for package 'rayrender'
** libs
specified C++20
using C++ compiler: ‘g++ (Ubuntu 13.3.0-6ubuntu2~24.04.1) 13.3.0’
using C++20
g++ -std=gnu++20 -I""/opt/R/4.6.0/lib/R/include"" -DNDEBUG -I/home/runner/work/_temp/Library/libopenexr/include/OpenEXR -I/home/runner/work/_temp/Library/libimath/include/Imath  -I'/home/runner/work/_temp/Library/Rcpp/include' -I'/home/runner/work/_temp/Library/RcppThread/include' -I'/home/runner/work/_temp/Library/progress/include' -I'/home/runner/work/_temp/Library/spacefillr/include' -I'/home/runner/work/_temp/Library/testthat/include' -I'/home/runner/work/_temp/Library/libopenexr/include' -I'/home/runner/work/_temp/Library/libimath/include' -I/usr/local/include   -DRAY_REPRODUCE_PERLIN -DSTRICT_R_HEADERS -DRAY_HAS_X11 -ffp-contract=off -fvisibility=hidden -fvisibility-inlines-hidden -fpic  -g -O2   -c PrintClassSizes.cpp -o PrintClassSizes.o
In file included from hitables/../math/../core/../math/vec3.h:7,
                 from hitables/../math/../core/ray.h:5,
                 from hitables/../math/aabb.h:4,
                 from hitables/hitable.h:4,
                 from PrintClassSizes.cpp:2:
hitables/../math/../core/../math/../math/simd.h: In function ‘IVec4 simd_sgn(const IVec4&)’:
hitables/../math/../core/../math/../math/simd.h:715:5: error: ‘__m128i’ was not declared in this scope
  715 |     __m128i zero = _mm_setzero_si128();
      |     ^~~~~~~
hitables/../math/../core/../math/../math/simd.h:716:12: error: expected ‘;’ before ‘one’
  716 |     __m128i one = _mm_set1_epi32(1);
      |            ^~~~
      |            ;
hitables/../math/../core/../math/../math/simd.h:717:12: error: expected ‘;’ before ‘neg_one’
  717 |     __m128i neg_one = _mm_set1_epi32(-1);
      |            ^~~~~~~~
      |            ;
hitables/../math/../core/../math/../math/simd.h:719:12: error: expected ‘;’ before ‘gt_mask’
  719 |     __m128i gt_mask = _mm_cmpgt_epi32(a.v, zero);  // x > 0
      |            ^~~~~~~~
      |            ;
hitables/../math/../core/../math/../math/simd.h:720:12: error: expected ‘;’ before ‘lt_mask’
  720 |     __m128i lt_mask = _mm_cmpgt_epi32(zero, a.v);  // x < 0
      |            ^~~~~~~~
      |            ;
hitables/../math/../core/../math/../math/simd.h:722:12: error: expected ‘;’ before ‘pos_result’
  722 |     __m128i pos_result = _mm_and_si128(gt_mask, one);     // 1 where x > 0
      |            ^~~~~~~~~~~
      |            ;
hitables/../math/../core/../math/../math/simd.h:723:12: error: expected ‘;’ before ‘neg_result’
  723 |     __m128i neg_result = _mm_and_si128(lt_mask, neg_one); // -1 where x < 0
      |            ^~~~~~~~~~~
      |            ;
hitables/../math/../core/../math/../math/simd.h:725:30: error: ‘pos_result’ was not declared in this scope; did you mean ‘result’?
  725 |     result.v = _mm_add_epi32(pos_result, neg_result);
      |                              ^~~~~~~~~~
      |                              result
hitables/../math/../core/../math/../math/simd.h:725:42: error: ‘neg_result’ was not declared in this scope; did you mean ‘result’?
  725 |     result.v = _mm_add_epi32(pos_result, neg_result);
      |                                          ^~~~~~~~~~
      |                                          result
hitables/../math/../core/../math/../math/simd.h:725:16: error: ‘_mm_add_epi32’ was not declared in this scope
  725 |     result.v = _mm_add_epi32(pos_result, neg_result);
      |                ^~~~~~~~~~~~~
make: *** [/opt/R/4.6.0/lib/R/etc/Makeconf:199: PrintClassSizes.o] Error 1
ERROR: compilation failed for package ‘rayrender’
* removing ‘/home/runner/work/_temp/rayrender-benchmark-workdirs/rayrender-bench-root-32792476d885/rayrender-current-o3_native_no_simd-3279196fc986/r-lib/rayrender’",NA,NA,"/home/runner/work/_temp/rayrender-benchmark-workdirs/rayrender-bench-root-32792476d885/rayrender-current-o3_native_no_simd-3279196fc986/logs/R-CMD-INSTALL.log",NA,NA,"/home/runner/work/_temp/rayrender-benchmark-workdirs/rayrender-bench-root-32792476d885/rayrender-current-o3_native_no_simd-3279196fc986"
"2026-06-16T00:40:49Z","27585387020","1","Render Benchmarks","push","current","current","e9df48a78c5bf0599163db0c6f74c63c00080fd3","false","master",NA,NA,NA,"bvh_many_spheres","/home/runner/work/rayrender/rayrender/tools/benchmarks/scenes/bvh_many_spheres.R","{""width"":50,""height"":50,""samples"":32,""seed"":1,""threads"":1,""time_build"":true,""write_artifact"":false,""sphere_count"":3000,""object_count"":3000}","1","3","1","1","50","50","32","1","TRUE","o3_native_simd_sse","error in running command","gcc -std=gnu2x","g++ -std=gnu++20","-O3 -march=native -DRAYSIMD -DHAS_SSE","-O3 -march=native -DRAYSIMD -DHAS_SSE","-O3 -march=native -DRAYSIMD -DHAS_SSE",NA,NA,"{}","TRUE","TRUE","TRUE","FALSE","Linux","Linux","6.17.0-1018-azure","x86_64",NA,"4",NA,"R version 4.6.0 (2026-04-24)","rayrender","0.41.1","263.944000",NA,"2.619",NA,"0.741","3.36",NA,"4.080000","0.430000","173448","169.382812","263.944000",NA,"ok",NA,"7ab4bddb9095698e3ffa5b9259fc38d2",NA,"/home/runner/work/_temp/rayrender-benchmark-workdirs/rayrender-bench-root-328dfd6e421/rayrender-current-o3_native_simd_sse-328d377c798f/logs/R-CMD-INSTALL.log","/home/runner/work/_temp/rayrender-benchmark-workdirs/rayrender-bench-root-328dfd6e421/rayrender-current-o3_native_simd_sse-328d377c798f/logs/bvh_many_spheres-1.log","/home/runner/work/_temp/rayrender-benchmark-workdirs/rayrender-bench-root-328dfd6e421/rayrender-current-o3_native_simd_sse-328d377c798f/logs/bvh_many_spheres-1.time.log","/home/runner/work/_temp/rayrender-benchmark-workdirs/rayrender-bench-root-328dfd6e421/rayrender-current-o3_native_simd_sse-328d377c798f"
"2026-06-16T00:40:53Z","27585387020","1","Render Benchmarks","push","current","current","e9df48a78c5bf0599163db0c6f74c63c00080fd3","false","master",NA,NA,NA,"bvh_many_spheres","/home/runner/work/rayrender/rayrender/tools/benchmarks/scenes/bvh_many_spheres.R","{""width"":50,""height"":50,""samples"":32,""seed"":1,""threads"":1,""time_build"":true,""write_artifact"":false,""sphere_count"":3000,""object_count"":3000}","2","3","1","1","50","50","32","1","TRUE","o3_native_simd_sse","error in running command","gcc -std=gnu2x","g++ -std=gnu++20","-O3 -march=native -DRAYSIMD -DHAS_SSE","-O3 -march=native -DRAYSIMD -DHAS_SSE","-O3 -march=native -DRAYSIMD -DHAS_SSE",NA,NA,"{}","TRUE","TRUE","TRUE","FALSE","Linux","Linux","6.17.0-1018-azure","x86_64",NA,"4",NA,"R version 4.6.0 (2026-04-24)","rayrender","0.41.1","263.944000",NA,"2.664",NA,"0.754999999999999","3.419",NA,"4.140000","0.430000","173900","169.824219","263.944000",NA,"ok",NA,"7ab4bddb9095698e3ffa5b9259fc38d2",NA,"/home/runner/work/_temp/rayrender-benchmark-workdirs/rayrender-bench-root-328dfd6e421/rayrender-current-o3_native_simd_sse-328d377c798f/logs/R-CMD-INSTALL.log","/home/runner/work/_temp/rayrender-benchmark-workdirs/rayrender-bench-root-328dfd6e421/rayrender-current-o3_native_simd_sse-328d377c798f/logs/bvh_many_spheres-2.log","/home/runner/work/_temp/rayrender-benchmark-workdirs/rayrender-bench-root-328dfd6e421/rayrender-current-o3_native_simd_sse-328d377c798f/logs/bvh_many_spheres-2.time.log","/home/runner/work/_temp/rayrender-benchmark-workdirs/rayrender-bench-root-328dfd6e421/rayrender-current-o3_native_simd_sse-328d377c798f"
"2026-06-16T00:40:57Z","27585387020","1","Render Benchmarks","push","current","current","e9df48a78c5bf0599163db0c6f74c63c00080fd3","false","master",NA,NA,NA,"bvh_many_spheres","/home/runner/work/rayrender/rayrender/tools/benchmarks/scenes/bvh_many_spheres.R","{""width"":50,""height"":50,""samples"":32,""seed"":1,""threads"":1,""time_build"":true,""write_artifact"":false,""sphere_count"":3000,""object_count"":3000}","3","3","1","1","50","50","32","1","TRUE","o3_native_simd_sse","error in running command","gcc -std=gnu2x","g++ -std=gnu++20","-O3 -march=native -DRAYSIMD -DHAS_SSE","-O3 -march=native -DRAYSIMD -DHAS_SSE","-O3 -march=native -DRAYSIMD -DHAS_SSE",NA,NA,"{}","TRUE","TRUE","TRUE","FALSE","Linux","Linux","6.17.0-1018-azure","x86_64",NA,"4",NA,"R version 4.6.0 (2026-04-24)","rayrender","0.41.1","263.944000",NA,"2.62",NA,"0.75","3.37",NA,"4.090000","0.430000","173668","169.597656","263.944000",NA,"ok",NA,"7ab4bddb9095698e3ffa5b9259fc38d2",NA,"/home/runner/work/_temp/rayrender-benchmark-workdirs/rayrender-bench-root-328dfd6e421/rayrender-current-o3_native_simd_sse-328d377c798f/logs/R-CMD-INSTALL.log","/home/runner/work/_temp/rayrender-benchmark-workdirs/rayrender-bench-root-328dfd6e421/rayrender-current-o3_native_simd_sse-328d377c798f/logs/bvh_many_spheres-3.log","/home/runner/work/_temp/rayrender-benchmark-workdirs/rayrender-bench-root-328dfd6e421/rayrender-current-o3_native_simd_sse-328d377c798f/logs/bvh_many_spheres-3.time.log","/home/runner/work/_temp/rayrender-benchmark-workdirs/rayrender-bench-root-328dfd6e421/rayrender-current-o3_native_simd_sse-328d377c798f"
"2026-06-16T00:41:07Z","27585387020","1","Render Benchmarks","push","current","current","e9df48a78c5bf0599163db0c6f74c63c00080fd3","false","master",NA,NA,NA,"bvh_mixed_primitives","/home/runner/work/rayrender/rayrender/tools/benchmarks/scenes/bvh_mixed_primitives.R","{""width"":50,""height"":50,""samples"":32,""seed"":1,""threads"":1,""time_build"":true,""write_artifact"":false,""sphere_count"":3000,""object_count"":3000}","1","3","1","1","50","50","32","1","TRUE","o3_native_simd_sse","error in running command","gcc -std=gnu2x","g++ -std=gnu++20","-O3 -march=native -DRAYSIMD -DHAS_SSE","-O3 -march=native -DRAYSIMD -DHAS_SSE","-O3 -march=native -DRAYSIMD -DHAS_SSE",NA,NA,"{}","TRUE","TRUE","TRUE","FALSE","Linux","Linux","6.17.0-1018-azure","x86_64",NA,"4",NA,"R version 4.6.0 (2026-04-24)","rayrender","0.41.1","263.944000",NA,"2.687",NA,"1.022","3.709",NA,"4.350000","0.470000","173608","169.539062","263.944000",NA,"ok",NA,"3b949af2755eb4dce15a1790d1175a40",NA,"/home/runner/work/_temp/rayrender-benchmark-workdirs/rayrender-bench-root-328dfd6e421/rayrender-current-o3_native_simd_sse-328d377c798f/logs/R-CMD-INSTALL.log","/home/runner/work/_temp/rayrender-benchmark-workdirs/rayrender-bench-root-328dfd6e421/rayrender-current-o3_native_simd_sse-328d377c798f/logs/bvh_mixed_primitives-1.log","/home/runner/work/_temp/rayrender-benchmark-workdirs/rayrender-bench-root-328dfd6e421/rayrender-current-o3_native_simd_sse-328d377c798f/logs/bvh_mixed_primitives-1.time.log","/home/runner/work/_temp/rayrender-benchmark-workdirs/rayrender-bench-root-328dfd6e421/rayrender-current-o3_native_simd_sse-328d377c798f"
"2026-06-16T00:41:11Z","27585387020","1","Render Benchmarks","push","current","current","e9df48a78c5bf0599163db0c6f74c63c00080fd3","false","master",NA,NA,NA,"bvh_mixed_primitives","/home/runner/work/rayrender/rayrender/tools/benchmarks/scenes/bvh_mixed_primitives.R","{""width"":50,""height"":50,""samples"":32,""seed"":1,""threads"":1,""time_build"":true,""write_artifact"":false,""sphere_count"":3000,""object_count"":3000}","2","3","1","1","50","50","32","1","TRUE","o3_native_simd_sse","error in running command","gcc -std=gnu2x","g++ -std=gnu++20","-O3 -march=native -DRAYSIMD -DHAS_SSE","-O3 -march=native -DRAYSIMD -DHAS_SSE","-O3 -march=native -DRAYSIMD -DHAS_SSE",NA,NA,"{}","TRUE","TRUE","TRUE","FALSE","Linux","Linux","6.17.0-1018-azure","x86_64",NA,"4",NA,"R version 4.6.0 (2026-04-24)","rayrender","0.41.1","263.944000",NA,"2.693",NA,"1.039","3.732",NA,"4.420000","0.490000","173384","169.320312","263.944000",NA,"ok",NA,"3b949af2755eb4dce15a1790d1175a40",NA,"/home/runner/work/_temp/rayrender-benchmark-workdirs/rayrender-bench-root-328dfd6e421/rayrender-current-o3_native_simd_sse-328d377c798f/logs/R-CMD-INSTALL.log","/home/runner/work/_temp/rayrender-benchmark-workdirs/rayrender-bench-root-328dfd6e421/rayrender-current-o3_native_simd_sse-328d377c798f/logs/bvh_mixed_primitives-2.log","/home/runner/work/_temp/rayrender-benchmark-workdirs/rayrender-bench-root-328dfd6e421/rayrender-current-o3_native_simd_sse-328d377c798f/logs/bvh_mixed_primitives-2.time.log","/home/runner/work/_temp/rayrender-benchmark-workdirs/rayrender-bench-root-328dfd6e421/rayrender-current-o3_native_simd_sse-328d377c798f"
"2026-06-16T00:41:16Z","27585387020","1","Render Benchmarks","push","current","current","e9df48a78c5bf0599163db0c6f74c63c00080fd3","false","master",NA,NA,NA,"bvh_mixed_primitives","/home/runner/work/rayrender/rayrender/tools/benchmarks/scenes/bvh_mixed_primitives.R","{""width"":50,""height"":50,""samples"":32,""seed"":1,""threads"":1,""time_build"":true,""write_artifact"":false,""sphere_count"":3000,""object_count"":3000}","3","3","1","1","50","50","32","1","TRUE","o3_native_simd_sse","error in running command","gcc -std=gnu2x","g++ -std=gnu++20","-O3 -march=native -DRAYSIMD -DHAS_SSE","-O3 -march=native -DRAYSIMD -DHAS_SSE","-O3 -march=native -DRAYSIMD -DHAS_SSE",NA,NA,"{}","TRUE","TRUE","TRUE","FALSE","Linux","Linux","6.17.0-1018-azure","x86_64",NA,"4",NA,"R version 4.6.0 (2026-04-24)","rayrender","0.41.1","263.944000",NA,"2.694",NA,"1.031","3.725",NA,"4.400000","0.480000","173412","169.347656","263.944000",NA,"ok",NA,"3b949af2755eb4dce15a1790d1175a40",NA,"/home/runner/work/_temp/rayrender-benchmark-workdirs/rayrender-bench-root-328dfd6e421/rayrender-current-o3_native_simd_sse-328d377c798f/logs/R-CMD-INSTALL.log","/home/runner/work/_temp/rayrender-benchmark-workdirs/rayrender-bench-root-328dfd6e421/rayrender-current-o3_native_simd_sse-328d377c798f/logs/bvh_mixed_primitives-3.log","/home/runner/work/_temp/rayrender-benchmark-workdirs/rayrender-bench-root-328dfd6e421/rayrender-current-o3_native_simd_sse-328d377c798f/logs/bvh_mixed_primitives-3.time.log","/home/runner/work/_temp/rayrender-benchmark-workdirs/rayrender-bench-root-328dfd6e421/rayrender-current-o3_native_simd_sse-328d377c798f"
"2026-06-16T01:00:24Z","27585466456","1","Render Benchmarks","push","current","current","03865a510b5ee0a52cead7d09366edbec8107e05","false","master",NA,NA,NA,"bvh_many_spheres","/home/runner/work/rayrender/rayrender/tools/benchmarks/scenes/bvh_many_spheres.R","{""width"":50,""height"":50,""samples"":32,""seed"":1,""threads"":1,""time_build"":true,""write_artifact"":false,""sphere_count"":3000,""object_count"":3000}",NA,"3","1","1","50","50","32","1","TRUE","o3_native_no_simd","error in running command","gcc -std=gnu2x","g++ -std=gnu++20","-O3 -march=native","-O3 -march=native","-O3 -march=native",NA,NA,"{""RAYRENDER_DISABLE_SIMD"":""true""}","FALSE","FALSE","FALSE","FALSE","Linux","Linux","6.17.0-1018-azure","x86_64",NA,"4",NA,"R version 4.6.0 (2026-04-24)","rayrender","0.41.2","3.666000",NA,NA,NA,NA,NA,NA,NA,NA,NA,NA,"3.666000",NA,"build_failed","k/_temp/Library/libimath/lib/x86_64 -Wl,-rpath,/home/runner/work/_temp/Library/libimath/lib/x86_64 -Wl,-rpath-link,/home/runner/work/_temp/Library/libimath/lib/x86_64 -lImath-3_2
--------------------------------------------------
** finished configure for package 'rayrender'
** libs
specified C++20
using C++ compiler: ‘g++ (Ubuntu 13.3.0-6ubuntu2~24.04.1) 13.3.0’
using C++20
g++ -std=gnu++20 -I""/opt/R/4.6.0/lib/R/include"" -DNDEBUG -I/home/runner/work/_temp/Library/libopenexr/include/OpenEXR -I/home/runner/work/_temp/Library/libimath/include/Imath  -I'/home/runner/work/_temp/Library/Rcpp/include' -I'/home/runner/work/_temp/Library/RcppThread/include' -I'/home/runner/work/_temp/Library/progress/include' -I'/home/runner/work/_temp/Library/spacefillr/include' -I'/home/runner/work/_temp/Library/testthat/include' -I'/home/runner/work/_temp/Library/libopenexr/include' -I'/home/runner/work/_temp/Library/libimath/include' -I/usr/local/include   -DRAY_REPRODUCE_PERLIN -DSTRICT_R_HEADERS -DRAY_HAS_X11 -ffp-contract=off -fvisibility=hidden -fvisibility-inlines-hidden -fpic  -g -O2   -c PrintClassSizes.cpp -o PrintClassSizes.o
In file included from hitables/../math/../core/../math/vec3.h:7,
                 from hitables/../math/../core/ray.h:5,
                 from hitables/../math/aabb.h:4,
                 from hitables/hitable.h:4,
                 from PrintClassSizes.cpp:2:
hitables/../math/../core/../math/../math/simd.h: In function ‘IVec4 simd_sgn(const IVec4&)’:
hitables/../math/../core/../math/../math/simd.h:715:5: error: ‘__m128i’ was not declared in this scope
  715 |     __m128i zero = _mm_setzero_si128();
      |     ^~~~~~~
hitables/../math/../core/../math/../math/simd.h:716:12: error: expected ‘;’ before ‘one’
  716 |     __m128i one = _mm_set1_epi32(1);
      |            ^~~~
      |            ;
hitables/../math/../core/../math/../math/simd.h:717:12: error: expected ‘;’ before ‘neg_one’
  717 |     __m128i neg_one = _mm_set1_epi32(-1);
      |            ^~~~~~~~
      |            ;
hitables/../math/../core/../math/../math/simd.h:719:12: error: expected ‘;’ before ‘gt_mask’
  719 |     __m128i gt_mask = _mm_cmpgt_epi32(a.v, zero);  // x > 0
      |            ^~~~~~~~
      |            ;
hitables/../math/../core/../math/../math/simd.h:720:12: error: expected ‘;’ before ‘lt_mask’
  720 |     __m128i lt_mask = _mm_cmpgt_epi32(zero, a.v);  // x < 0
      |            ^~~~~~~~
      |            ;
hitables/../math/../core/../math/../math/simd.h:722:12: error: expected ‘;’ before ‘pos_result’
  722 |     __m128i pos_result = _mm_and_si128(gt_mask, one);     // 1 where x > 0
      |            ^~~~~~~~~~~
      |            ;
hitables/../math/../core/../math/../math/simd.h:723:12: error: expected ‘;’ before ‘neg_result’
  723 |     __m128i neg_result = _mm_and_si128(lt_mask, neg_one); // -1 where x < 0
      |            ^~~~~~~~~~~
      |            ;
hitables/../math/../core/../math/../math/simd.h:725:30: error: ‘pos_result’ was not declared in this scope; did you mean ‘result’?
  725 |     result.v = _mm_add_epi32(pos_result, neg_result);
      |                              ^~~~~~~~~~
      |                              result
hitables/../math/../core/../math/../math/simd.h:725:42: error: ‘neg_result’ was not declared in this scope; did you mean ‘result’?
  725 |     result.v = _mm_add_epi32(pos_result, neg_result);
      |                                          ^~~~~~~~~~
      |                                          result
hitables/../math/../core/../math/../math/simd.h:725:16: error: ‘_mm_add_epi32’ was not declared in this scope
  725 |     result.v = _mm_add_epi32(pos_result, neg_result);
      |                ^~~~~~~~~~~~~
make: *** [/opt/R/4.6.0/lib/R/etc/Makeconf:199: PrintClassSizes.o] Error 1
ERROR: compilation failed for package ‘rayrender’
* removing ‘/home/runner/work/_temp/rayrender-benchmark-workdirs/rayrender-bench-root-2799e25fbb1/rayrender-current-o3_native_no_simd-27992e56a316/r-lib/rayrender’",NA,NA,"/home/runner/work/_temp/rayrender-benchmark-workdirs/rayrender-bench-root-2799e25fbb1/rayrender-current-o3_native_no_simd-27992e56a316/logs/R-CMD-INSTALL.log",NA,NA,"/home/runner/work/_temp/rayrender-benchmark-workdirs/rayrender-bench-root-2799e25fbb1/rayrender-current-o3_native_no_simd-27992e56a316"
"2026-06-16T01:00:25Z","27585466456","1","Render Benchmarks","push","current","current","03865a510b5ee0a52cead7d09366edbec8107e05","false","master",NA,NA,NA,"bvh_mixed_primitives","/home/runner/work/rayrender/rayrender/tools/benchmarks/scenes/bvh_mixed_primitives.R","{""width"":50,""height"":50,""samples"":32,""seed"":1,""threads"":1,""time_build"":true,""write_artifact"":false,""sphere_count"":3000,""object_count"":3000}",NA,"3","1","1","50","50","32","1","TRUE","o3_native_no_simd","error in running command","gcc -std=gnu2x","g++ -std=gnu++20","-O3 -march=native","-O3 -march=native","-O3 -march=native",NA,NA,"{""RAYRENDER_DISABLE_SIMD"":""true""}","FALSE","FALSE","FALSE","FALSE","Linux","Linux","6.17.0-1018-azure","x86_64",NA,"4",NA,"R version 4.6.0 (2026-04-24)","rayrender","0.41.2","3.666000",NA,NA,NA,NA,NA,NA,NA,NA,NA,NA,"3.666000",NA,"build_failed","k/_temp/Library/libimath/lib/x86_64 -Wl,-rpath,/home/runner/work/_temp/Library/libimath/lib/x86_64 -Wl,-rpath-link,/home/runner/work/_temp/Library/libimath/lib/x86_64 -lImath-3_2
--------------------------------------------------
** finished configure for package 'rayrender'
** libs
specified C++20
using C++ compiler: ‘g++ (Ubuntu 13.3.0-6ubuntu2~24.04.1) 13.3.0’
using C++20
g++ -std=gnu++20 -I""/opt/R/4.6.0/lib/R/include"" -DNDEBUG -I/home/runner/work/_temp/Library/libopenexr/include/OpenEXR -I/home/runner/work/_temp/Library/libimath/include/Imath  -I'/home/runner/work/_temp/Library/Rcpp/include' -I'/home/runner/work/_temp/Library/RcppThread/include' -I'/home/runner/work/_temp/Library/progress/include' -I'/home/runner/work/_temp/Library/spacefillr/include' -I'/home/runner/work/_temp/Library/testthat/include' -I'/home/runner/work/_temp/Library/libopenexr/include' -I'/home/runner/work/_temp/Library/libimath/include' -I/usr/local/include   -DRAY_REPRODUCE_PERLIN -DSTRICT_R_HEADERS -DRAY_HAS_X11 -ffp-contract=off -fvisibility=hidden -fvisibility-inlines-hidden -fpic  -g -O2   -c PrintClassSizes.cpp -o PrintClassSizes.o
In file included from hitables/../math/../core/../math/vec3.h:7,
                 from hitables/../math/../core/ray.h:5,
                 from hitables/../math/aabb.h:4,
                 from hitables/hitable.h:4,
                 from PrintClassSizes.cpp:2:
hitables/../math/../core/../math/../math/simd.h: In function ‘IVec4 simd_sgn(const IVec4&)’:
hitables/../math/../core/../math/../math/simd.h:715:5: error: ‘__m128i’ was not declared in this scope
  715 |     __m128i zero = _mm_setzero_si128();
      |     ^~~~~~~
hitables/../math/../core/../math/../math/simd.h:716:12: error: expected ‘;’ before ‘one’
  716 |     __m128i one = _mm_set1_epi32(1);
      |            ^~~~
      |            ;
hitables/../math/../core/../math/../math/simd.h:717:12: error: expected ‘;’ before ‘neg_one’
  717 |     __m128i neg_one = _mm_set1_epi32(-1);
      |            ^~~~~~~~
      |            ;
hitables/../math/../core/../math/../math/simd.h:719:12: error: expected ‘;’ before ‘gt_mask’
  719 |     __m128i gt_mask = _mm_cmpgt_epi32(a.v, zero);  // x > 0
      |            ^~~~~~~~
      |            ;
hitables/../math/../core/../math/../math/simd.h:720:12: error: expected ‘;’ before ‘lt_mask’
  720 |     __m128i lt_mask = _mm_cmpgt_epi32(zero, a.v);  // x < 0
      |            ^~~~~~~~
      |            ;
hitables/../math/../core/../math/../math/simd.h:722:12: error: expected ‘;’ before ‘pos_result’
  722 |     __m128i pos_result = _mm_and_si128(gt_mask, one);     // 1 where x > 0
      |            ^~~~~~~~~~~
      |            ;
hitables/../math/../core/../math/../math/simd.h:723:12: error: expected ‘;’ before ‘neg_result’
  723 |     __m128i neg_result = _mm_and_si128(lt_mask, neg_one); // -1 where x < 0
      |            ^~~~~~~~~~~
      |            ;
hitables/../math/../core/../math/../math/simd.h:725:30: error: ‘pos_result’ was not declared in this scope; did you mean ‘result’?
  725 |     result.v = _mm_add_epi32(pos_result, neg_result);
      |                              ^~~~~~~~~~
      |                              result
hitables/../math/../core/../math/../math/simd.h:725:42: error: ‘neg_result’ was not declared in this scope; did you mean ‘result’?
  725 |     result.v = _mm_add_epi32(pos_result, neg_result);
      |                                          ^~~~~~~~~~
      |                                          result
hitables/../math/../core/../math/../math/simd.h:725:16: error: ‘_mm_add_epi32’ was not declared in this scope
  725 |     result.v = _mm_add_epi32(pos_result, neg_result);
      |                ^~~~~~~~~~~~~
make: *** [/opt/R/4.6.0/lib/R/etc/Makeconf:199: PrintClassSizes.o] Error 1
ERROR: compilation failed for package ‘rayrender’
* removing ‘/home/runner/work/_temp/rayrender-benchmark-workdirs/rayrender-bench-root-2799e25fbb1/rayrender-current-o3_native_no_simd-27992e56a316/r-lib/rayrender’",NA,NA,"/home/runner/work/_temp/rayrender-benchmark-workdirs/rayrender-bench-root-2799e25fbb1/rayrender-current-o3_native_no_simd-27992e56a316/logs/R-CMD-INSTALL.log",NA,NA,"/home/runner/work/_temp/rayrender-benchmark-workdirs/rayrender-bench-root-2799e25fbb1/rayrender-current-o3_native_no_simd-27992e56a316"
"2026-06-16T01:05:28Z","27585466456","1","Render Benchmarks","push","current","current","03865a510b5ee0a52cead7d09366edbec8107e05","false","master",NA,NA,NA,"bvh_many_spheres","/home/runner/work/rayrender/rayrender/tools/benchmarks/scenes/bvh_many_spheres.R","{""width"":50,""height"":50,""samples"":32,""seed"":1,""threads"":1,""time_build"":true,""write_artifact"":false,""sphere_count"":3000,""object_count"":3000}","1","3","1","1","50","50","32","1","TRUE","o3_native_simd_sse","error in running command","gcc -std=gnu2x","g++ -std=gnu++20","-O3 -march=native -DRAYSIMD -DHAS_SSE","-O3 -march=native -DRAYSIMD -DHAS_SSE","-O3 -march=native -DRAYSIMD -DHAS_SSE",NA,NA,"{}","TRUE","TRUE","TRUE","FALSE","Linux","Linux","6.17.0-1018-azure","x86_64",NA,"4",NA,"R version 4.6.0 (2026-04-24)","rayrender","0.41.2","262.188000",NA,"2.643",NA,"0.743","3.386",NA,"4.110000","0.420000","173580","169.511719","262.188000",NA,"ok",NA,"7ab4bddb9095698e3ffa5b9259fc38d2",NA,"/home/runner/work/_temp/rayrender-benchmark-workdirs/rayrender-bench-root-27aa1b89115f/rayrender-current-o3_native_simd_sse-27aa5bfc6856/logs/R-CMD-INSTALL.log","/home/runner/work/_temp/rayrender-benchmark-workdirs/rayrender-bench-root-27aa1b89115f/rayrender-current-o3_native_simd_sse-27aa5bfc6856/logs/bvh_many_spheres-1.log","/home/runner/work/_temp/rayrender-benchmark-workdirs/rayrender-bench-root-27aa1b89115f/rayrender-current-o3_native_simd_sse-27aa5bfc6856/logs/bvh_many_spheres-1.time.log","/home/runner/work/_temp/rayrender-benchmark-workdirs/rayrender-bench-root-27aa1b89115f/rayrender-current-o3_native_simd_sse-27aa5bfc6856"
"2026-06-16T01:05:33Z","27585466456","1","Render Benchmarks","push","current","current","03865a510b5ee0a52cead7d09366edbec8107e05","false","master",NA,NA,NA,"bvh_many_spheres","/home/runner/work/rayrender/rayrender/tools/benchmarks/scenes/bvh_many_spheres.R","{""width"":50,""height"":50,""samples"":32,""seed"":1,""threads"":1,""time_build"":true,""write_artifact"":false,""sphere_count"":3000,""object_count"":3000}","2","3","1","1","50","50","32","1","TRUE","o3_native_simd_sse","error in running command","gcc -std=gnu2x","g++ -std=gnu++20","-O3 -march=native -DRAYSIMD -DHAS_SSE","-O3 -march=native -DRAYSIMD -DHAS_SSE","-O3 -march=native -DRAYSIMD -DHAS_SSE",NA,NA,"{}","TRUE","TRUE","TRUE","FALSE","Linux","Linux","6.17.0-1018-azure","x86_64",NA,"4",NA,"R version 4.6.0 (2026-04-24)","rayrender","0.41.2","262.188000",NA,"2.648",NA,"0.744","3.392",NA,"4.110000","0.430000","173188","169.128906","262.188000",NA,"ok",NA,"7ab4bddb9095698e3ffa5b9259fc38d2",NA,"/home/runner/work/_temp/rayrender-benchmark-workdirs/rayrender-bench-root-27aa1b89115f/rayrender-current-o3_native_simd_sse-27aa5bfc6856/logs/R-CMD-INSTALL.log","/home/runner/work/_temp/rayrender-benchmark-workdirs/rayrender-bench-root-27aa1b89115f/rayrender-current-o3_native_simd_sse-27aa5bfc6856/logs/bvh_many_spheres-2.log","/home/runner/work/_temp/rayrender-benchmark-workdirs/rayrender-bench-root-27aa1b89115f/rayrender-current-o3_native_simd_sse-27aa5bfc6856/logs/bvh_many_spheres-2.time.log","/home/runner/work/_temp/rayrender-benchmark-workdirs/rayrender-bench-root-27aa1b89115f/rayrender-current-o3_native_simd_sse-27aa5bfc6856"
"2026-06-16T01:05:37Z","27585466456","1","Render Benchmarks","push","current","current","03865a510b5ee0a52cead7d09366edbec8107e05","false","master",NA,NA,NA,"bvh_many_spheres","/home/runner/work/rayrender/rayrender/tools/benchmarks/scenes/bvh_many_spheres.R","{""width"":50,""height"":50,""samples"":32,""seed"":1,""threads"":1,""time_build"":true,""write_artifact"":false,""sphere_count"":3000,""object_count"":3000}","3","3","1","1","50","50","32","1","TRUE","o3_native_simd_sse","error in running command","gcc -std=gnu2x","g++ -std=gnu++20","-O3 -march=native -DRAYSIMD -DHAS_SSE","-O3 -march=native -DRAYSIMD -DHAS_SSE","-O3 -march=native -DRAYSIMD -DHAS_SSE",NA,NA,"{}","TRUE","TRUE","TRUE","FALSE","Linux","Linux","6.17.0-1018-azure","x86_64",NA,"4",NA,"R version 4.6.0 (2026-04-24)","rayrender","0.41.2","262.188000",NA,"2.632",NA,"0.745","3.377",NA,"4.080000","0.430000","173712","169.640625","262.188000",NA,"ok",NA,"7ab4bddb9095698e3ffa5b9259fc38d2",NA,"/home/runner/work/_temp/rayrender-benchmark-workdirs/rayrender-bench-root-27aa1b89115f/rayrender-current-o3_native_simd_sse-27aa5bfc6856/logs/R-CMD-INSTALL.log","/home/runner/work/_temp/rayrender-benchmark-workdirs/rayrender-bench-root-27aa1b89115f/rayrender-current-o3_native_simd_sse-27aa5bfc6856/logs/bvh_many_spheres-3.log","/home/runner/work/_temp/rayrender-benchmark-workdirs/rayrender-bench-root-27aa1b89115f/rayrender-current-o3_native_simd_sse-27aa5bfc6856/logs/bvh_many_spheres-3.time.log","/home/runner/work/_temp/rayrender-benchmark-workdirs/rayrender-bench-root-27aa1b89115f/rayrender-current-o3_native_simd_sse-27aa5bfc6856"
"2026-06-16T01:05:46Z","27585466456","1","Render Benchmarks","push","current","current","03865a510b5ee0a52cead7d09366edbec8107e05","false","master",NA,NA,NA,"bvh_mixed_primitives","/home/runner/work/rayrender/rayrender/tools/benchmarks/scenes/bvh_mixed_primitives.R","{""width"":50,""height"":50,""samples"":32,""seed"":1,""threads"":1,""time_build"":true,""write_artifact"":false,""sphere_count"":3000,""object_count"":3000}","1","3","1","1","50","50","32","1","TRUE","o3_native_simd_sse","error in running command","gcc -std=gnu2x","g++ -std=gnu++20","-O3 -march=native -DRAYSIMD -DHAS_SSE","-O3 -march=native -DRAYSIMD -DHAS_SSE","-O3 -march=native -DRAYSIMD -DHAS_SSE",NA,NA,"{}","TRUE","TRUE","TRUE","FALSE","Linux","Linux","6.17.0-1018-azure","x86_64",NA,"4",NA,"R version 4.6.0 (2026-04-24)","rayrender","0.41.2","262.188000",NA,"2.681",NA,"1.037","3.718",NA,"4.380000","0.500000","173444","169.378906","262.188000",NA,"ok",NA,"3b949af2755eb4dce15a1790d1175a40",NA,"/home/runner/work/_temp/rayrender-benchmark-workdirs/rayrender-bench-root-27aa1b89115f/rayrender-current-o3_native_simd_sse-27aa5bfc6856/logs/R-CMD-INSTALL.log","/home/runner/work/_temp/rayrender-benchmark-workdirs/rayrender-bench-root-27aa1b89115f/rayrender-current-o3_native_simd_sse-27aa5bfc6856/logs/bvh_mixed_primitives-1.log","/home/runner/work/_temp/rayrender-benchmark-workdirs/rayrender-bench-root-27aa1b89115f/rayrender-current-o3_native_simd_sse-27aa5bfc6856/logs/bvh_mixed_primitives-1.time.log","/home/runner/work/_temp/rayrender-benchmark-workdirs/rayrender-bench-root-27aa1b89115f/rayrender-current-o3_native_simd_sse-27aa5bfc6856"
"2026-06-16T01:05:51Z","27585466456","1","Render Benchmarks","push","current","current","03865a510b5ee0a52cead7d09366edbec8107e05","false","master",NA,NA,NA,"bvh_mixed_primitives","/home/runner/work/rayrender/rayrender/tools/benchmarks/scenes/bvh_mixed_primitives.R","{""width"":50,""height"":50,""samples"":32,""seed"":1,""threads"":1,""time_build"":true,""write_artifact"":false,""sphere_count"":3000,""object_count"":3000}","2","3","1","1","50","50","32","1","TRUE","o3_native_simd_sse","error in running command","gcc -std=gnu2x","g++ -std=gnu++20","-O3 -march=native -DRAYSIMD -DHAS_SSE","-O3 -march=native -DRAYSIMD -DHAS_SSE","-O3 -march=native -DRAYSIMD -DHAS_SSE",NA,NA,"{}","TRUE","TRUE","TRUE","FALSE","Linux","Linux","6.17.0-1018-azure","x86_64",NA,"4",NA,"R version 4.6.0 (2026-04-24)","rayrender","0.41.2","262.188000",NA,"2.677",NA,"1.031","3.708",NA,"4.360000","0.490000","173580","169.511719","262.188000",NA,"ok",NA,"3b949af2755eb4dce15a1790d1175a40",NA,"/home/runner/work/_temp/rayrender-benchmark-workdirs/rayrender-bench-root-27aa1b89115f/rayrender-current-o3_native_simd_sse-27aa5bfc6856/logs/R-CMD-INSTALL.log","/home/runner/work/_temp/rayrender-benchmark-workdirs/rayrender-bench-root-27aa1b89115f/rayrender-current-o3_native_simd_sse-27aa5bfc6856/logs/bvh_mixed_primitives-2.log","/home/runner/work/_temp/rayrender-benchmark-workdirs/rayrender-bench-root-27aa1b89115f/rayrender-current-o3_native_simd_sse-27aa5bfc6856/logs/bvh_mixed_primitives-2.time.log","/home/runner/work/_temp/rayrender-benchmark-workdirs/rayrender-bench-root-27aa1b89115f/rayrender-current-o3_native_simd_sse-27aa5bfc6856"
"2026-06-16T01:05:56Z","27585466456","1","Render Benchmarks","push","current","current","03865a510b5ee0a52cead7d09366edbec8107e05","false","master",NA,NA,NA,"bvh_mixed_primitives","/home/runner/work/rayrender/rayrender/tools/benchmarks/scenes/bvh_mixed_primitives.R","{""width"":50,""height"":50,""samples"":32,""seed"":1,""threads"":1,""time_build"":true,""write_artifact"":false,""sphere_count"":3000,""object_count"":3000}","3","3","1","1","50","50","32","1","TRUE","o3_native_simd_sse","error in running command","gcc -std=gnu2x","g++ -std=gnu++20","-O3 -march=native -DRAYSIMD -DHAS_SSE","-O3 -march=native -DRAYSIMD -DHAS_SSE","-O3 -march=native -DRAYSIMD -DHAS_SSE",NA,NA,"{}","TRUE","TRUE","TRUE","FALSE","Linux","Linux","6.17.0-1018-azure","x86_64",NA,"4",NA,"R version 4.6.0 (2026-04-24)","rayrender","0.41.2","262.188000",NA,"2.622",NA,"1.018","3.64",NA,"4.270000","0.500000","173636","169.566406","262.188000",NA,"ok",NA,"3b949af2755eb4dce15a1790d1175a40",NA,"/home/runner/work/_temp/rayrender-benchmark-workdirs/rayrender-bench-root-27aa1b89115f/rayrender-current-o3_native_simd_sse-27aa5bfc6856/logs/R-CMD-INSTALL.log","/home/runner/work/_temp/rayrender-benchmark-workdirs/rayrender-bench-root-27aa1b89115f/rayrender-current-o3_native_simd_sse-27aa5bfc6856/logs/bvh_mixed_primitives-3.log","/home/runner/work/_temp/rayrender-benchmark-workdirs/rayrender-bench-root-27aa1b89115f/rayrender-current-o3_native_simd_sse-27aa5bfc6856/logs/bvh_mixed_primitives-3.time.log","/home/runner/work/_temp/rayrender-benchmark-workdirs/rayrender-bench-root-27aa1b89115f/rayrender-current-o3_native_simd_sse-27aa5bfc6856"
"2026-07-22T04:45:06Z","29891664620","1","Render Benchmarks","push","current","current","55c98fd7bbde49f85591a27b67f1ec32a898addd","false","camera",NA,NA,NA,"bvh_many_spheres","/home/runner/work/rayrender/rayrender/tools/benchmarks/scenes/bvh_many_spheres.R","{""width"":50,""height"":50,""samples"":32,""seed"":1,""threads"":1,""time_build"":true,""write_artifact"":false,""sphere_count"":3000,""object_count"":3000}",NA,"3","1","1","50","50","32","1","TRUE","o3_native_no_simd","error in running command","gcc -std=gnu2x","g++ -std=gnu++20","-O3 -march=native","-O3 -march=native","-O3 -march=native",NA,NA,"{""RAYRENDER_DISABLE_SIMD"":""true""}","FALSE","FALSE","FALSE","FALSE","Linux","Linux","6.17.0-1020-azure","x86_64",NA,"4",NA,"R version 4.6.1 (2026-06-24)","rayrender","0.41.5","4.068000",NA,NA,NA,NA,NA,NA,NA,NA,NA,NA,"4.068000",NA,"build_failed","-----------------------------------------------
Configuration for rayrender
  cppflags: -I/usr/local/include -DRAY_REPRODUCE_PERLIN -DSTRICT_R_HEADERS -DRAY_HAS_X11
  cxxflags: -ffp-contract=off -fvisibility=hidden -fvisibility-inlines-hidden
  includes: -I/home/runner/work/_temp/Library/libopenexr/include/OpenEXR -I/home/runner/work/_temp/Library/libimath/include/Imath
  libs:     -lX11 -L/home/runner/work/_temp/Library/libopenexr/lib/x86_64 -Wl,-rpath,/home/runner/work/_temp/Library/libopenexr/lib/x86_64 -Wl,-rpath-link,/home/runner/work/_temp/Library/libopenexr/lib/x86_64 -lOpenEXR-4_0 -lOpenEXRUtil-4_0 -lOpenEXRCore-4_0 -lIex-4_0 -lIlmThread-4_0 /home/runner/work/_temp/Library/libopenexr/lib/x86_64/libopenjph.a -L/home/runner/work/_temp/Library/libimath/lib/x86_64 -Wl,-rpath,/home/runner/work/_temp/Library/libimath/lib/x86_64 -Wl,-rpath-link,/home/runner/work/_temp/Library/libimath/lib/x86_64 -lImath-3_2
--------------------------------------------------
** finished configure for package 'rayrender'
** libs
specified C++20
using C++ compiler: ‘g++ (Ubuntu 13.3.0-6ubuntu2~24.04.1) 13.3.0’
using C++20
g++ -std=gnu++20 -I""/opt/R/4.6.1/lib/R/include"" -DNDEBUG -I/home/runner/work/_temp/Library/libopenexr/include/OpenEXR -I/home/runner/work/_temp/Library/libimath/include/Imath  -I'/home/runner/work/_temp/Library/Rcpp/include' -I'/home/runner/work/_temp/Library/RcppThread/include' -I'/home/runner/work/_temp/Library/progress/include' -I'/home/runner/work/_temp/Library/spacefillr/include' -I'/home/runner/work/_temp/Library/testthat/include' -I'/home/runner/work/_temp/Library/libopenexr/include' -I'/home/runner/work/_temp/Library/libimath/include' -I/usr/local/include   -DRAY_REPRODUCE_PERLIN -DSTRICT_R_HEADERS -DRAY_HAS_X11 -ffp-contract=off -fvisibility=hidden -fvisibility-inlines-hidden -fpic  -g -O2   -c PrintClassSizes.cpp -o PrintClassSizes.o
In file included from hitables/../math/../core/../math/vec3.h:7,
                 from hitables/../math/../core/ray.h:5,
                 from hitables/../math/aabb.h:4,
                 from hitables/hitable.h:4,
                 from PrintClassSizes.cpp:2:
hitables/../math/../core/../math/../math/simd.h: In function ‘IVec4 simd_sgn(const IVec4&)’:
hitables/../math/../core/../math/../math/simd.h:736:41: error: cannot convert ‘const int*’ to ‘__m128i’
  736 |     __m128i gt_mask = _mm_cmpgt_epi32(a.v, zero);  // x > 0
      |                                       ~~^
      |                                         |
      |                                         const int*
In file included from hitables/../math/../core/../math/../math/simd.h:51:
/usr/lib/gcc/x86_64-linux-gnu/13/include/emmintrin.h:1387:26: note:   initializing argument 1 of ‘__m128i _mm_cmpgt_epi32(__m128i, __m128i)’
 1387 | _mm_cmpgt_epi32 (__m128i __A, __m128i __B)
      |                  ~~~~~~~~^~~
hitables/../math/../core/../math/../math/simd.h:737:47: error: cannot convert ‘const int*’ to ‘__m128i’
  737 |     __m128i lt_mask = _mm_cmpgt_epi32(zero, a.v);  // x < 0
      |                                             ~~^
      |                                               |
      |                                               const int*
/usr/lib/gcc/x86_64-linux-gnu/13/include/emmintrin.h:1387:39: note:   initializing argument 2 of ‘__m128i _mm_cmpgt_epi32(__m128i, __m128i)’
 1387 | _mm_cmpgt_epi32 (__m128i __A, __m128i __B)
      |                               ~~~~~~~~^~~
hitables/../math/../core/../math/../math/simd.h:742:14: error: incompatible types in assignment of ‘__m128i’ to ‘ivec4’ {aka ‘int [4]’}
  742 |     result.v = _mm_add_epi32(pos_result, neg_result);
      |     ~~~~~~~~~^~~~~~~~~~~~~~~~~~~~~~~~~~~~~~~~~~~~~~~
make: *** [/opt/R/4.6.1/lib/R/etc/Makeconf:199: PrintClassSizes.o] Error 1
ERROR: compilation failed for package ‘rayrender’
* removing ‘/home/runner/work/_temp/rayrender-benchmark-workdirs/rayrender-bench-root-2504579680b5/rayrender-current-o3_native_no_simd-25044607dbe6/r-lib/rayrender’",NA,NA,"/home/runner/work/_temp/rayrender-benchmark-workdirs/rayrender-bench-root-2504579680b5/rayrender-current-o3_native_no_simd-25044607dbe6/logs/R-CMD-INSTALL.log",NA,NA,"/home/runner/work/_temp/rayrender-benchmark-workdirs/rayrender-bench-root-2504579680b5/rayrender-current-o3_native_no_simd-25044607dbe6"
"2026-07-22T04:45:06Z","29891664620","1","Render Benchmarks","push","current","current","55c98fd7bbde49f85591a27b67f1ec32a898addd","false","camera",NA,NA,NA,"bvh_mixed_primitives","/home/runner/work/rayrender/rayrender/tools/benchmarks/scenes/bvh_mixed_primitives.R","{""width"":50,""height"":50,""samples"":32,""seed"":1,""threads"":1,""time_build"":true,""write_artifact"":false,""sphere_count"":3000,""object_count"":3000}",NA,"3","1","1","50","50","32","1","TRUE","o3_native_no_simd","error in running command","gcc -std=gnu2x","g++ -std=gnu++20","-O3 -march=native","-O3 -march=native","-O3 -march=native",NA,NA,"{""RAYRENDER_DISABLE_SIMD"":""true""}","FALSE","FALSE","FALSE","FALSE","Linux","Linux","6.17.0-1020-azure","x86_64",NA,"4",NA,"R version 4.6.1 (2026-06-24)","rayrender","0.41.5","4.068000",NA,NA,NA,NA,NA,NA,NA,NA,NA,NA,"4.068000",NA,"build_failed","-----------------------------------------------
Configuration for rayrender
  cppflags: -I/usr/local/include -DRAY_REPRODUCE_PERLIN -DSTRICT_R_HEADERS -DRAY_HAS_X11
  cxxflags: -ffp-contract=off -fvisibility=hidden -fvisibility-inlines-hidden
  includes: -I/home/runner/work/_temp/Library/libopenexr/include/OpenEXR -I/home/runner/work/_temp/Library/libimath/include/Imath
  libs:     -lX11 -L/home/runner/work/_temp/Library/libopenexr/lib/x86_64 -Wl,-rpath,/home/runner/work/_temp/Library/libopenexr/lib/x86_64 -Wl,-rpath-link,/home/runner/work/_temp/Library/libopenexr/lib/x86_64 -lOpenEXR-4_0 -lOpenEXRUtil-4_0 -lOpenEXRCore-4_0 -lIex-4_0 -lIlmThread-4_0 /home/runner/work/_temp/Library/libopenexr/lib/x86_64/libopenjph.a -L/home/runner/work/_temp/Library/libimath/lib/x86_64 -Wl,-rpath,/home/runner/work/_temp/Library/libimath/lib/x86_64 -Wl,-rpath-link,/home/runner/work/_temp/Library/libimath/lib/x86_64 -lImath-3_2
--------------------------------------------------
** finished configure for package 'rayrender'
** libs
specified C++20
using C++ compiler: ‘g++ (Ubuntu 13.3.0-6ubuntu2~24.04.1) 13.3.0’
using C++20
g++ -std=gnu++20 -I""/opt/R/4.6.1/lib/R/include"" -DNDEBUG -I/home/runner/work/_temp/Library/libopenexr/include/OpenEXR -I/home/runner/work/_temp/Library/libimath/include/Imath  -I'/home/runner/work/_temp/Library/Rcpp/include' -I'/home/runner/work/_temp/Library/RcppThread/include' -I'/home/runner/work/_temp/Library/progress/include' -I'/home/runner/work/_temp/Library/spacefillr/include' -I'/home/runner/work/_temp/Library/testthat/include' -I'/home/runner/work/_temp/Library/libopenexr/include' -I'/home/runner/work/_temp/Library/libimath/include' -I/usr/local/include   -DRAY_REPRODUCE_PERLIN -DSTRICT_R_HEADERS -DRAY_HAS_X11 -ffp-contract=off -fvisibility=hidden -fvisibility-inlines-hidden -fpic  -g -O2   -c PrintClassSizes.cpp -o PrintClassSizes.o
In file included from hitables/../math/../core/../math/vec3.h:7,
                 from hitables/../math/../core/ray.h:5,
                 from hitables/../math/aabb.h:4,
                 from hitables/hitable.h:4,
                 from PrintClassSizes.cpp:2:
hitables/../math/../core/../math/../math/simd.h: In function ‘IVec4 simd_sgn(const IVec4&)’:
hitables/../math/../core/../math/../math/simd.h:736:41: error: cannot convert ‘const int*’ to ‘__m128i’
  736 |     __m128i gt_mask = _mm_cmpgt_epi32(a.v, zero);  // x > 0
      |                                       ~~^
      |                                         |
      |                                         const int*
In file included from hitables/../math/../core/../math/../math/simd.h:51:
/usr/lib/gcc/x86_64-linux-gnu/13/include/emmintrin.h:1387:26: note:   initializing argument 1 of ‘__m128i _mm_cmpgt_epi32(__m128i, __m128i)’
 1387 | _mm_cmpgt_epi32 (__m128i __A, __m128i __B)
      |                  ~~~~~~~~^~~
hitables/../math/../core/../math/../math/simd.h:737:47: error: cannot convert ‘const int*’ to ‘__m128i’
  737 |     __m128i lt_mask = _mm_cmpgt_epi32(zero, a.v);  // x < 0
      |                                             ~~^
      |                                               |
      |                                               const int*
/usr/lib/gcc/x86_64-linux-gnu/13/include/emmintrin.h:1387:39: note:   initializing argument 2 of ‘__m128i _mm_cmpgt_epi32(__m128i, __m128i)’
 1387 | _mm_cmpgt_epi32 (__m128i __A, __m128i __B)
      |                               ~~~~~~~~^~~
hitables/../math/../core/../math/../math/simd.h:742:14: error: incompatible types in assignment of ‘__m128i’ to ‘ivec4’ {aka ‘int [4]’}
  742 |     result.v = _mm_add_epi32(pos_result, neg_result);
      |     ~~~~~~~~~^~~~~~~~~~~~~~~~~~~~~~~~~~~~~~~~~~~~~~~
make: *** [/opt/R/4.6.1/lib/R/etc/Makeconf:199: PrintClassSizes.o] Error 1
ERROR: compilation failed for package ‘rayrender’
* removing ‘/home/runner/work/_temp/rayrender-benchmark-workdirs/rayrender-bench-root-2504579680b5/rayrender-current-o3_native_no_simd-25044607dbe6/r-lib/rayrender’",NA,NA,"/home/runner/work/_temp/rayrender-benchmark-workdirs/rayrender-bench-root-2504579680b5/rayrender-current-o3_native_no_simd-25044607dbe6/logs/R-CMD-INSTALL.log",NA,NA,"/home/runner/work/_temp/rayrender-benchmark-workdirs/rayrender-bench-root-2504579680b5/rayrender-current-o3_native_no_simd-25044607dbe6"
"2026-07-22T04:49:37Z","29891664620","1","Render Benchmarks","push","current","current","55c98fd7bbde49f85591a27b67f1ec32a898addd","false","camera",NA,NA,NA,"bvh_many_spheres","/home/runner/work/rayrender/rayrender/tools/benchmarks/scenes/bvh_many_spheres.R","{""width"":50,""height"":50,""samples"":32,""seed"":1,""threads"":1,""time_build"":true,""write_artifact"":false,""sphere_count"":3000,""object_count"":3000}","1","3","1","1","50","50","32","1","TRUE","o3_native_simd_sse","error in running command","gcc -std=gnu2x","g++ -std=gnu++20","-O3 -march=native -DRAYSIMD -DHAS_SSE","-O3 -march=native -DRAYSIMD -DHAS_SSE","-O3 -march=native -DRAYSIMD -DHAS_SSE",NA,NA,"{}","TRUE","TRUE","TRUE","FALSE","Linux","Linux","6.17.0-1020-azure","x86_64",NA,"4",NA,"R version 4.6.1 (2026-06-24)","rayrender","0.41.5","266.807000",NA,"2.641",NA,"0.972","3.613",NA,"4.100000","0.430000","173972","169.894531","266.807000",NA,"ok",NA,"b65c2ea8a3206baba5f72b3521b0f1c5",NA,"/home/runner/work/_temp/rayrender-benchmark-workdirs/rayrender-bench-root-24da5e38099a/rayrender-current-o3_native_simd_sse-24da2815855c/logs/R-CMD-INSTALL.log","/home/runner/work/_temp/rayrender-benchmark-workdirs/rayrender-bench-root-24da5e38099a/rayrender-current-o3_native_simd_sse-24da2815855c/logs/bvh_many_spheres-1.log","/home/runner/work/_temp/rayrender-benchmark-workdirs/rayrender-bench-root-24da5e38099a/rayrender-current-o3_native_simd_sse-24da2815855c/logs/bvh_many_spheres-1.time.log","/home/runner/work/_temp/rayrender-benchmark-workdirs/rayrender-bench-root-24da5e38099a/rayrender-current-o3_native_simd_sse-24da2815855c"
"2026-07-22T04:49:42Z","29891664620","1","Render Benchmarks","push","current","current","55c98fd7bbde49f85591a27b67f1ec32a898addd","false","camera",NA,NA,NA,"bvh_many_spheres","/home/runner/work/rayrender/rayrender/tools/benchmarks/scenes/bvh_many_spheres.R","{""width"":50,""height"":50,""samples"":32,""seed"":1,""threads"":1,""time_build"":true,""write_artifact"":false,""sphere_count"":3000,""object_count"":3000}","2","3","1","1","50","50","32","1","TRUE","o3_native_simd_sse","error in running command","gcc -std=gnu2x","g++ -std=gnu++20","-O3 -march=native -DRAYSIMD -DHAS_SSE","-O3 -march=native -DRAYSIMD -DHAS_SSE","-O3 -march=native -DRAYSIMD -DHAS_SSE",NA,NA,"{}","TRUE","TRUE","TRUE","FALSE","Linux","Linux","6.17.0-1020-azure","x86_64",NA,"4",NA,"R version 4.6.1 (2026-06-24)","rayrender","0.41.5","266.807000",NA,"2.646",NA,"0.954","3.6",NA,"4.140000","0.450000","173680","169.609375","266.807000",NA,"ok",NA,"b65c2ea8a3206baba5f72b3521b0f1c5",NA,"/home/runner/work/_temp/rayrender-benchmark-workdirs/rayrender-bench-root-24da5e38099a/rayrender-current-o3_native_simd_sse-24da2815855c/logs/R-CMD-INSTALL.log","/home/runner/work/_temp/rayrender-benchmark-workdirs/rayrender-bench-root-24da5e38099a/rayrender-current-o3_native_simd_sse-24da2815855c/logs/bvh_many_spheres-2.log","/home/runner/work/_temp/rayrender-benchmark-workdirs/rayrender-bench-root-24da5e38099a/rayrender-current-o3_native_simd_sse-24da2815855c/logs/bvh_many_spheres-2.time.log","/home/runner/work/_temp/rayrender-benchmark-workdirs/rayrender-bench-root-24da5e38099a/rayrender-current-o3_native_simd_sse-24da2815855c"
"2026-07-22T04:49:47Z","29891664620","1","Render Benchmarks","push","current","current","55c98fd7bbde49f85591a27b67f1ec32a898addd","false","camera",NA,NA,NA,"bvh_many_spheres","/home/runner/work/rayrender/rayrender/tools/benchmarks/scenes/bvh_many_spheres.R","{""width"":50,""height"":50,""samples"":32,""seed"":1,""threads"":1,""time_build"":true,""write_artifact"":false,""sphere_count"":3000,""object_count"":3000}","3","3","1","1","50","50","32","1","TRUE","o3_native_simd_sse","error in running command","gcc -std=gnu2x","g++ -std=gnu++20","-O3 -march=native -DRAYSIMD -DHAS_SSE","-O3 -march=native -DRAYSIMD -DHAS_SSE","-O3 -march=native -DRAYSIMD -DHAS_SSE",NA,NA,"{}","TRUE","TRUE","TRUE","FALSE","Linux","Linux","6.17.0-1020-azure","x86_64",NA,"4",NA,"R version 4.6.1 (2026-06-24)","rayrender","0.41.5","266.807000",NA,"2.693",NA,"0.971","3.664",NA,"4.140000","0.440000","173932","169.855469","266.807000",NA,"ok",NA,"b65c2ea8a3206baba5f72b3521b0f1c5",NA,"/home/runner/work/_temp/rayrender-benchmark-workdirs/rayrender-bench-root-24da5e38099a/rayrender-current-o3_native_simd_sse-24da2815855c/logs/R-CMD-INSTALL.log","/home/runner/work/_temp/rayrender-benchmark-workdirs/rayrender-bench-root-24da5e38099a/rayrender-current-o3_native_simd_sse-24da2815855c/logs/bvh_many_spheres-3.log","/home/runner/work/_temp/rayrender-benchmark-workdirs/rayrender-bench-root-24da5e38099a/rayrender-current-o3_native_simd_sse-24da2815855c/logs/bvh_many_spheres-3.time.log","/home/runner/work/_temp/rayrender-benchmark-workdirs/rayrender-bench-root-24da5e38099a/rayrender-current-o3_native_simd_sse-24da2815855c"
"2026-07-22T04:49:56Z","29891664620","1","Render Benchmarks","push","current","current","55c98fd7bbde49f85591a27b67f1ec32a898addd","false","camera",NA,NA,NA,"bvh_mixed_primitives","/home/runner/work/rayrender/rayrender/tools/benchmarks/scenes/bvh_mixed_primitives.R","{""width"":50,""height"":50,""samples"":32,""seed"":1,""threads"":1,""time_build"":true,""write_artifact"":false,""sphere_count"":3000,""object_count"":3000}","1","3","1","1","50","50","32","1","TRUE","o3_native_simd_sse","error in running command","gcc -std=gnu2x","g++ -std=gnu++20","-O3 -march=native -DRAYSIMD -DHAS_SSE","-O3 -march=native -DRAYSIMD -DHAS_SSE","-O3 -march=native -DRAYSIMD -DHAS_SSE",NA,NA,"{}","TRUE","TRUE","TRUE","FALSE","Linux","Linux","6.17.0-1020-azure","x86_64",NA,"4",NA,"R version 4.6.1 (2026-06-24)","rayrender","0.41.5","266.807000",NA,"2.716",NA,"1.237","3.953",NA,"4.430000","0.500000","173676","169.605469","266.807000",NA,"ok",NA,"2bdbb0971418a217ea2e08c281be7002",NA,"/home/runner/work/_temp/rayrender-benchmark-workdirs/rayrender-bench-root-24da5e38099a/rayrender-current-o3_native_simd_sse-24da2815855c/logs/R-CMD-INSTALL.log","/home/runner/work/_temp/rayrender-benchmark-workdirs/rayrender-bench-root-24da5e38099a/rayrender-current-o3_native_simd_sse-24da2815855c/logs/bvh_mixed_primitives-1.log","/home/runner/work/_temp/rayrender-benchmark-workdirs/rayrender-bench-root-24da5e38099a/rayrender-current-o3_native_simd_sse-24da2815855c/logs/bvh_mixed_primitives-1.time.log","/home/runner/work/_temp/rayrender-benchmark-workdirs/rayrender-bench-root-24da5e38099a/rayrender-current-o3_native_simd_sse-24da2815855c"
"2026-07-22T04:50:01Z","29891664620","1","Render Benchmarks","push","current","current","55c98fd7bbde49f85591a27b67f1ec32a898addd","false","camera",NA,NA,NA,"bvh_mixed_primitives","/home/runner/work/rayrender/rayrender/tools/benchmarks/scenes/bvh_mixed_primitives.R","{""width"":50,""height"":50,""samples"":32,""seed"":1,""threads"":1,""time_build"":true,""write_artifact"":false,""sphere_count"":3000,""object_count"":3000}","2","3","1","1","50","50","32","1","TRUE","o3_native_simd_sse","error in running command","gcc -std=gnu2x","g++ -std=gnu++20","-O3 -march=native -DRAYSIMD -DHAS_SSE","-O3 -march=native -DRAYSIMD -DHAS_SSE","-O3 -march=native -DRAYSIMD -DHAS_SSE",NA,NA,"{}","TRUE","TRUE","TRUE","FALSE","Linux","Linux","6.17.0-1020-azure","x86_64",NA,"4",NA,"R version 4.6.1 (2026-06-24)","rayrender","0.41.5","266.807000",NA,"2.72",NA,"1.218","3.938",NA,"4.420000","0.480000","173996","169.917969","266.807000",NA,"ok",NA,"2bdbb0971418a217ea2e08c281be7002",NA,"/home/runner/work/_temp/rayrender-benchmark-workdirs/rayrender-bench-root-24da5e38099a/rayrender-current-o3_native_simd_sse-24da2815855c/logs/R-CMD-INSTALL.log","/home/runner/work/_temp/rayrender-benchmark-workdirs/rayrender-bench-root-24da5e38099a/rayrender-current-o3_native_simd_sse-24da2815855c/logs/bvh_mixed_primitives-2.log","/home/runner/work/_temp/rayrender-benchmark-workdirs/rayrender-bench-root-24da5e38099a/rayrender-current-o3_native_simd_sse-24da2815855c/logs/bvh_mixed_primitives-2.time.log","/home/runner/work/_temp/rayrender-benchmark-workdirs/rayrender-bench-root-24da5e38099a/rayrender-current-o3_native_simd_sse-24da2815855c"
"2026-07-22T04:50:06Z","29891664620","1","Render Benchmarks","push","current","current","55c98fd7bbde49f85591a27b67f1ec32a898addd","false","camera",NA,NA,NA,"bvh_mixed_primitives","/home/runner/work/rayrender/rayrender/tools/benchmarks/scenes/bvh_mixed_primitives.R","{""width"":50,""height"":50,""samples"":32,""seed"":1,""threads"":1,""time_build"":true,""write_artifact"":false,""sphere_count"":3000,""object_count"":3000}","3","3","1","1","50","50","32","1","TRUE","o3_native_simd_sse","error in running command","gcc -std=gnu2x","g++ -std=gnu++20","-O3 -march=native -DRAYSIMD -DHAS_SSE","-O3 -march=native -DRAYSIMD -DHAS_SSE","-O3 -march=native -DRAYSIMD -DHAS_SSE",NA,NA,"{}","TRUE","TRUE","TRUE","FALSE","Linux","Linux","6.17.0-1020-azure","x86_64",NA,"4",NA,"R version 4.6.1 (2026-06-24)","rayrender","0.41.5","266.807000",NA,"2.738",NA,"1.21","3.948",NA,"4.480000","0.480000","173656","169.585938","266.807000",NA,"ok",NA,"2bdbb0971418a217ea2e08c281be7002",NA,"/home/runner/work/_temp/rayrender-benchmark-workdirs/rayrender-bench-root-24da5e38099a/rayrender-current-o3_native_simd_sse-24da2815855c/logs/R-CMD-INSTALL.log","/home/runner/work/_temp/rayrender-benchmark-workdirs/rayrender-bench-root-24da5e38099a/rayrender-current-o3_native_simd_sse-24da2815855c/logs/bvh_mixed_primitives-3.log","/home/runner/work/_temp/rayrender-benchmark-workdirs/rayrender-bench-root-24da5e38099a/rayrender-current-o3_native_simd_sse-24da2815855c/logs/bvh_mixed_primitives-3.time.log","/home/runner/work/_temp/rayrender-benchmark-workdirs/rayrender-bench-root-24da5e38099a/rayrender-current-o3_native_simd_sse-24da2815855c"
"2026-09-03T02:01:49Z","33705707373","1","Render Benchmarks","push","current","current","20eae521be146cea69361f28e61512cfb18ed146","false","camera",NA,NA,NA,"bvh_many_spheres","/home/runner/work/rayrender/rayrender/tools/benchmarks/scenes/bvh_many_spheres.R","{""width"":50,""height"":50,""samples"":32,""seed"":1,""threads"":1,""time_build"":true,""write_artifact"":false,""sphere_count"":3000,""object_count"":3000}",NA,"3","1","1","50","50","32","1","TRUE","o3_native_no_simd","error in running command","gcc -std=gnu2x","g++ -std=gnu++20","-O3 -march=native","-O3 -march=native","-O3 -march=native",NA,NA,"{""RAYRENDER_DISABLE_SIMD"":""true""}","FALSE","FALSE","FALSE","FALSE","Linux","Linux","6.17.0-1022-azure","x86_64",NA,"4",NA,"R version 4.6.1 (2026-06-24)","rayrender","0.41.5","5.860000",NA,NA,NA,NA,NA,NA,NA,NA,NA,NA,"5.860000",NA,"build_failed","-------------------------------------------------
Configuration for rayrender
  cppflags: -I/usr/local/include -DRAY_REPRODUCE_PERLIN -DSTRICT_R_HEADERS -DRAY_HAS_X11
  cxxflags: -ffp-contract=off -fvisibility=hidden -fvisibility-inlines-hidden
  includes: -I/home/runner/work/_temp/Library/libopenexr/include/OpenEXR -I/home/runner/work/_temp/Library/libimath/include/Imath
  libs:     -lX11 -L/home/runner/work/_temp/Library/libopenexr/lib/x86_64 -Wl,-rpath,/home/runner/work/_temp/Library/libopenexr/lib/x86_64 -Wl,-rpath-link,/home/runner/work/_temp/Library/libopenexr/lib/x86_64 -lOpenEXR-4_0 -lOpenEXRUtil-4_0 -lOpenEXRCore-4_0 -lIex-4_0 -lIlmThread-4_0 /home/runner/work/_temp/Library/libopenexr/lib/x86_64/libopenjph.a -L/home/runner/work/_temp/Library/libimath/lib/x86_64 -Wl,-rpath,/home/runner/work/_temp/Library/libimath/lib/x86_64 -Wl,-rpath-link,/home/runner/work/_temp/Library/libimath/lib/x86_64 -lImath-3_2
--------------------------------------------------
** finished configure for package 'rayrender'
** libs
specified C++20
using C++ compiler: ‘g++ (Ubuntu 13.3.0-6ubuntu2~24.04.1) 13.3.0’
using C++20
g++ -std=gnu++20 -I""/opt/R/4.6.1/lib/R/include"" -DNDEBUG -I/home/runner/work/_temp/Library/libopenexr/include/OpenEXR -I/home/runner/work/_temp/Library/libimath/include/Imath  -I'/home/runner/work/_temp/Library/Rcpp/include' -I'/home/runner/work/_temp/Library/RcppThread/include' -I'/home/runner/work/_temp/Library/progress/include' -I'/home/runner/work/_temp/Library/spacefillr/include' -I'/home/runner/work/_temp/Library/testthat/include' -I'/home/runner/work/_temp/Library/libopenexr/include' -I'/home/runner/work/_temp/Library/libimath/include' -I/usr/local/include   -DRAY_REPRODUCE_PERLIN -DSTRICT_R_HEADERS -DRAY_HAS_X11 -ffp-contract=off -fvisibility=hidden -fvisibility-inlines-hidden -fpic  -g -O2   -c PrintClassSizes.cpp -o PrintClassSizes.o
In file included from hitables/../math/../core/../math/vec3.h:7,
                 from hitables/../math/../core/ray.h:5,
                 from hitables/../math/aabb.h:4,
                 from hitables/hitable.h:4,
                 from PrintClassSizes.cpp:2:
hitables/../math/../core/../math/../math/simd.h: In function ‘IVec4 simd_sgn(const IVec4&)’:
hitables/../math/../core/../math/../math/simd.h:736:41: error: cannot convert ‘const int*’ to ‘__m128i’
  736 |     __m128i gt_mask = _mm_cmpgt_epi32(a.v, zero);  // x > 0
      |                                       ~~^
      |                                         |
      |                                         const int*
In file included from hitables/../math/../core/../math/../math/simd.h:51:
/usr/lib/gcc/x86_64-linux-gnu/13/include/emmintrin.h:1387:26: note:   initializing argument 1 of ‘__m128i _mm_cmpgt_epi32(__m128i, __m128i)’
 1387 | _mm_cmpgt_epi32 (__m128i __A, __m128i __B)
      |                  ~~~~~~~~^~~
hitables/../math/../core/../math/../math/simd.h:737:47: error: cannot convert ‘const int*’ to ‘__m128i’
  737 |     __m128i lt_mask = _mm_cmpgt_epi32(zero, a.v);  // x < 0
      |                                             ~~^
      |                                               |
      |                                               const int*
/usr/lib/gcc/x86_64-linux-gnu/13/include/emmintrin.h:1387:39: note:   initializing argument 2 of ‘__m128i _mm_cmpgt_epi32(__m128i, __m128i)’
 1387 | _mm_cmpgt_epi32 (__m128i __A, __m128i __B)
      |                               ~~~~~~~~^~~
hitables/../math/../core/../math/../math/simd.h:742:14: error: incompatible types in assignment of ‘__m128i’ to ‘ivec4’ {aka ‘int [4]’}
  742 |     result.v = _mm_add_epi32(pos_result, neg_result);
      |     ~~~~~~~~~^~~~~~~~~~~~~~~~~~~~~~~~~~~~~~~~~~~~~~~
make: *** [/opt/R/4.6.1/lib/R/etc/Makeconf:199: PrintClassSizes.o] Error 1
ERROR: compilation failed for package ‘rayrender’
* removing ‘/home/runner/work/_temp/rayrender-benchmark-workdirs/rayrender-bench-root-27c6d0d076/rayrender-current-o3_native_no_simd-27c64605f848/r-lib/rayrender’",NA,NA,"/home/runner/work/_temp/rayrender-benchmark-workdirs/rayrender-bench-root-27c6d0d076/rayrender-current-o3_native_no_simd-27c64605f848/logs/R-CMD-INSTALL.log",NA,NA,"/home/runner/work/_temp/rayrender-benchmark-workdirs/rayrender-bench-root-27c6d0d076/rayrender-current-o3_native_no_simd-27c64605f848"
"2026-09-03T02:01:49Z","33705707373","1","Render Benchmarks","push","current","current","20eae521be146cea69361f28e61512cfb18ed146","false","camera",NA,NA,NA,"bvh_mixed_primitives","/home/runner/work/rayrender/rayrender/tools/benchmarks/scenes/bvh_mixed_primitives.R","{""width"":50,""height"":50,""samples"":32,""seed"":1,""threads"":1,""time_build"":true,""write_artifact"":false,""sphere_count"":3000,""object_count"":3000}",NA,"3","1","1","50","50","32","1","TRUE","o3_native_no_simd","error in running command","gcc -std=gnu2x","g++ -std=gnu++20","-O3 -march=native","-O3 -march=native","-O3 -march=native",NA,NA,"{""RAYRENDER_DISABLE_SIMD"":""true""}","FALSE","FALSE","FALSE","FALSE","Linux","Linux","6.17.0-1022-azure","x86_64",NA,"4",NA,"R version 4.6.1 (2026-06-24)","rayrender","0.41.5","5.860000",NA,NA,NA,NA,NA,NA,NA,NA,NA,NA,"5.860000",NA,"build_failed","-------------------------------------------------
Configuration for rayrender
  cppflags: -I/usr/local/include -DRAY_REPRODUCE_PERLIN -DSTRICT_R_HEADERS -DRAY_HAS_X11
  cxxflags: -ffp-contract=off -fvisibility=hidden -fvisibility-inlines-hidden
  includes: -I/home/runner/work/_temp/Library/libopenexr/include/OpenEXR -I/home/runner/work/_temp/Library/libimath/include/Imath
  libs:     -lX11 -L/home/runner/work/_temp/Library/libopenexr/lib/x86_64 -Wl,-rpath,/home/runner/work/_temp/Library/libopenexr/lib/x86_64 -Wl,-rpath-link,/home/runner/work/_temp/Library/libopenexr/lib/x86_64 -lOpenEXR-4_0 -lOpenEXRUtil-4_0 -lOpenEXRCore-4_0 -lIex-4_0 -lIlmThread-4_0 /home/runner/work/_temp/Library/libopenexr/lib/x86_64/libopenjph.a -L/home/runner/work/_temp/Library/libimath/lib/x86_64 -Wl,-rpath,/home/runner/work/_temp/Library/libimath/lib/x86_64 -Wl,-rpath-link,/home/runner/work/_temp/Library/libimath/lib/x86_64 -lImath-3_2
--------------------------------------------------
** finished configure for package 'rayrender'
** libs
specified C++20
using C++ compiler: ‘g++ (Ubuntu 13.3.0-6ubuntu2~24.04.1) 13.3.0’
using C++20
g++ -std=gnu++20 -I""/opt/R/4.6.1/lib/R/include"" -DNDEBUG -I/home/runner/work/_temp/Library/libopenexr/include/OpenEXR -I/home/runner/work/_temp/Library/libimath/include/Imath  -I'/home/runner/work/_temp/Library/Rcpp/include' -I'/home/runner/work/_temp/Library/RcppThread/include' -I'/home/runner/work/_temp/Library/progress/include' -I'/home/runner/work/_temp/Library/spacefillr/include' -I'/home/runner/work/_temp/Library/testthat/include' -I'/home/runner/work/_temp/Library/libopenexr/include' -I'/home/runner/work/_temp/Library/libimath/include' -I/usr/local/include   -DRAY_REPRODUCE_PERLIN -DSTRICT_R_HEADERS -DRAY_HAS_X11 -ffp-contract=off -fvisibility=hidden -fvisibility-inlines-hidden -fpic  -g -O2   -c PrintClassSizes.cpp -o PrintClassSizes.o
In file included from hitables/../math/../core/../math/vec3.h:7,
                 from hitables/../math/../core/ray.h:5,
                 from hitables/../math/aabb.h:4,
                 from hitables/hitable.h:4,
                 from PrintClassSizes.cpp:2:
hitables/../math/../core/../math/../math/simd.h: In function ‘IVec4 simd_sgn(const IVec4&)’:
hitables/../math/../core/../math/../math/simd.h:736:41: error: cannot convert ‘const int*’ to ‘__m128i’
  736 |     __m128i gt_mask = _mm_cmpgt_epi32(a.v, zero);  // x > 0
      |                                       ~~^
      |                                         |
      |                                         const int*
In file included from hitables/../math/../core/../math/../math/simd.h:51:
/usr/lib/gcc/x86_64-linux-gnu/13/include/emmintrin.h:1387:26: note:   initializing argument 1 of ‘__m128i _mm_cmpgt_epi32(__m128i, __m128i)’
 1387 | _mm_cmpgt_epi32 (__m128i __A, __m128i __B)
      |                  ~~~~~~~~^~~
hitables/../math/../core/../math/../math/simd.h:737:47: error: cannot convert ‘const int*’ to ‘__m128i’
  737 |     __m128i lt_mask = _mm_cmpgt_epi32(zero, a.v);  // x < 0
      |                                             ~~^
      |                                               |
      |                                               const int*
/usr/lib/gcc/x86_64-linux-gnu/13/include/emmintrin.h:1387:39: note:   initializing argument 2 of ‘__m128i _mm_cmpgt_epi32(__m128i, __m128i)’
 1387 | _mm_cmpgt_epi32 (__m128i __A, __m128i __B)
      |                               ~~~~~~~~^~~
hitables/../math/../core/../math/../math/simd.h:742:14: error: incompatible types in assignment of ‘__m128i’ to ‘ivec4’ {aka ‘int [4]’}
  742 |     result.v = _mm_add_epi32(pos_result, neg_result);
      |     ~~~~~~~~~^~~~~~~~~~~~~~~~~~~~~~~~~~~~~~~~~~~~~~~
make: *** [/opt/R/4.6.1/lib/R/etc/Makeconf:199: PrintClassSizes.o] Error 1
ERROR: compilation failed for package ‘rayrender’
* removing ‘/home/runner/work/_temp/rayrender-benchmark-workdirs/rayrender-bench-root-27c6d0d076/rayrender-current-o3_native_no_simd-27c64605f848/r-lib/rayrender’",NA,NA,"/home/runner/work/_temp/rayrender-benchmark-workdirs/rayrender-bench-root-27c6d0d076/rayrender-current-o3_native_no_simd-27c64605f848/logs/R-CMD-INSTALL.log",NA,NA,"/home/runner/work/_temp/rayrender-benchmark-workdirs/rayrender-bench-root-27c6d0d076/rayrender-current-o3_native_no_simd-27c64605f848"
"2026-09-03T02:05:25Z","33705707373","1","Render Benchmarks","push","current","current","20eae521be146cea69361f28e61512cfb18ed146","false","camera",NA,NA,NA,"bvh_many_spheres","/home/runner/work/rayrender/rayrender/tools/benchmarks/scenes/bvh_many_spheres.R","{""width"":50,""height"":50,""samples"":32,""seed"":1,""threads"":1,""time_build"":true,""write_artifact"":false,""sphere_count"":3000,""object_count"":3000}","1","3","1","1","50","50","32","1","TRUE","o3_native_simd_sse","error in running command","gcc -std=gnu2x","g++ -std=gnu++20","-O3 -march=native -DRAYSIMD -DHAS_SSE","-O3 -march=native -DRAYSIMD -DHAS_SSE","-O3 -march=native -DRAYSIMD -DHAS_SSE",NA,NA,"{}","TRUE","TRUE","TRUE","FALSE","Linux","Linux","6.17.0-1022-azure","x86_64",NA,"4",NA,"R version 4.6.1 (2026-06-24)","rayrender","0.41.5","228.438000",NA,"1.88",NA,"0.897","2.777",NA,"3.020000","0.420000","174192","170.109375","228.438000",NA,"ok",NA,"b65c2ea8a3206baba5f72b3521b0f1c5",NA,"/home/runner/work/_temp/rayrender-benchmark-workdirs/rayrender-bench-root-26ea6e1717ba/rayrender-current-o3_native_simd_sse-26ea661a3ad8/logs/R-CMD-INSTALL.log","/home/runner/work/_temp/rayrender-benchmark-workdirs/rayrender-bench-root-26ea6e1717ba/rayrender-current-o3_native_simd_sse-26ea661a3ad8/logs/bvh_many_spheres-1.log","/home/runner/work/_temp/rayrender-benchmark-workdirs/rayrender-bench-root-26ea6e1717ba/rayrender-current-o3_native_simd_sse-26ea661a3ad8/logs/bvh_many_spheres-1.time.log","/home/runner/work/_temp/rayrender-benchmark-workdirs/rayrender-bench-root-26ea6e1717ba/rayrender-current-o3_native_simd_sse-26ea661a3ad8"
"2026-09-03T02:05:28Z","33705707373","1","Render Benchmarks","push","current","current","20eae521be146cea69361f28e61512cfb18ed146","false","camera",NA,NA,NA,"bvh_many_spheres","/home/runner/work/rayrender/rayrender/tools/benchmarks/scenes/bvh_many_spheres.R","{""width"":50,""height"":50,""samples"":32,""seed"":1,""threads"":1,""time_build"":true,""write_artifact"":false,""sphere_count"":3000,""object_count"":3000}","2","3","1","1","50","50","32","1","TRUE","o3_native_simd_sse","error in running command","gcc -std=gnu2x","g++ -std=gnu++20","-O3 -march=native -DRAYSIMD -DHAS_SSE","-O3 -march=native -DRAYSIMD -DHAS_SSE","-O3 -march=native -DRAYSIMD -DHAS_SSE",NA,NA,"{}","TRUE","TRUE","TRUE","FALSE","Linux","Linux","6.17.0-1022-azure","x86_64",NA,"4",NA,"R version 4.6.1 (2026-06-24)","rayrender","0.41.5","228.438000",NA,"1.883",NA,"0.893","2.776",NA,"3.020000","0.410000","174284","170.199219","228.438000",NA,"ok",NA,"b65c2ea8a3206baba5f72b3521b0f1c5",NA,"/home/runner/work/_temp/rayrender-benchmark-workdirs/rayrender-bench-root-26ea6e1717ba/rayrender-current-o3_native_simd_sse-26ea661a3ad8/logs/R-CMD-INSTALL.log","/home/runner/work/_temp/rayrender-benchmark-workdirs/rayrender-bench-root-26ea6e1717ba/rayrender-current-o3_native_simd_sse-26ea661a3ad8/logs/bvh_many_spheres-2.log","/home/runner/work/_temp/rayrender-benchmark-workdirs/rayrender-bench-root-26ea6e1717ba/rayrender-current-o3_native_simd_sse-26ea661a3ad8/logs/bvh_many_spheres-2.time.log","/home/runner/work/_temp/rayrender-benchmark-workdirs/rayrender-bench-root-26ea6e1717ba/rayrender-current-o3_native_simd_sse-26ea661a3ad8"
"2026-09-03T02:05:32Z","33705707373","1","Render Benchmarks","push","current","current","20eae521be146cea69361f28e61512cfb18ed146","false","camera",NA,NA,NA,"bvh_many_spheres","/home/runner/work/rayrender/rayrender/tools/benchmarks/scenes/bvh_many_spheres.R","{""width"":50,""height"":50,""samples"":32,""seed"":1,""threads"":1,""time_build"":true,""write_artifact"":false,""sphere_count"":3000,""object_count"":3000}","3","3","1","1","50","50","32","1","TRUE","o3_native_simd_sse","error in running command","gcc -std=gnu2x","g++ -std=gnu++20","-O3 -march=native -DRAYSIMD -DHAS_SSE","-O3 -march=native -DRAYSIMD -DHAS_SSE","-O3 -march=native -DRAYSIMD -DHAS_SSE",NA,NA,"{}","TRUE","TRUE","TRUE","FALSE","Linux","Linux","6.17.0-1022-azure","x86_64",NA,"4",NA,"R version 4.6.1 (2026-06-24)","rayrender","0.41.5","228.438000",NA,"1.906",NA,"0.898","2.804",NA,"3.070000","0.410000","174232","170.148438","228.438000",NA,"ok",NA,"b65c2ea8a3206baba5f72b3521b0f1c5",NA,"/home/runner/work/_temp/rayrender-benchmark-workdirs/rayrender-bench-root-26ea6e1717ba/rayrender-current-o3_native_simd_sse-26ea661a3ad8/logs/R-CMD-INSTALL.log","/home/runner/work/_temp/rayrender-benchmark-workdirs/rayrender-bench-root-26ea6e1717ba/rayrender-current-o3_native_simd_sse-26ea661a3ad8/logs/bvh_many_spheres-3.log","/home/runner/work/_temp/rayrender-benchmark-workdirs/rayrender-bench-root-26ea6e1717ba/rayrender-current-o3_native_simd_sse-26ea661a3ad8/logs/bvh_many_spheres-3.time.log","/home/runner/work/_temp/rayrender-benchmark-workdirs/rayrender-bench-root-26ea6e1717ba/rayrender-current-o3_native_simd_sse-26ea661a3ad8"
"2026-09-03T02:05:39Z","33705707373","1","Render Benchmarks","push","current","current","20eae521be146cea69361f28e61512cfb18ed146","false","camera",NA,NA,NA,"bvh_mixed_primitives","/home/runner/work/rayrender/rayrender/tools/benchmarks/scenes/bvh_mixed_primitives.R","{""width"":50,""height"":50,""samples"":32,""seed"":1,""threads"":1,""time_build"":true,""write_artifact"":false,""sphere_count"":3000,""object_count"":3000}","1","3","1","1","50","50","32","1","TRUE","o3_native_simd_sse","error in running command","gcc -std=gnu2x","g++ -std=gnu++20","-O3 -march=native -DRAYSIMD -DHAS_SSE","-O3 -march=native -DRAYSIMD -DHAS_SSE","-O3 -march=native -DRAYSIMD -DHAS_SSE",NA,NA,"{}","TRUE","TRUE","TRUE","FALSE","Linux","Linux","6.17.0-1022-azure","x86_64",NA,"4",NA,"R version 4.6.1 (2026-06-24)","rayrender","0.41.5","228.438000",NA,"1.927",NA,"1.087","3.014",NA,"3.300000","0.450000","174596","170.503906","228.438000",NA,"ok",NA,"2bdbb0971418a217ea2e08c281be7002",NA,"/home/runner/work/_temp/rayrender-benchmark-workdirs/rayrender-bench-root-26ea6e1717ba/rayrender-current-o3_native_simd_sse-26ea661a3ad8/logs/R-CMD-INSTALL.log","/home/runner/work/_temp/rayrender-benchmark-workdirs/rayrender-bench-root-26ea6e1717ba/rayrender-current-o3_native_simd_sse-26ea661a3ad8/logs/bvh_mixed_primitives-1.log","/home/runner/work/_temp/rayrender-benchmark-workdirs/rayrender-bench-root-26ea6e1717ba/rayrender-current-o3_native_simd_sse-26ea661a3ad8/logs/bvh_mixed_primitives-1.time.log","/home/runner/work/_temp/rayrender-benchmark-workdirs/rayrender-bench-root-26ea6e1717ba/rayrender-current-o3_native_simd_sse-26ea661a3ad8"
"2026-09-03T02:05:43Z","33705707373","1","Render Benchmarks","push","current","current","20eae521be146cea69361f28e61512cfb18ed146","false","camera",NA,NA,NA,"bvh_mixed_primitives","/home/runner/work/rayrender/rayrender/tools/benchmarks/scenes/bvh_mixed_primitives.R","{""width"":50,""height"":50,""samples"":32,""seed"":1,""threads"":1,""time_build"":true,""write_artifact"":false,""sphere_count"":3000,""object_count"":3000}","2","3","1","1","50","50","32","1","TRUE","o3_native_simd_sse","error in running command","gcc -std=gnu2x","g++ -std=gnu++20","-O3 -march=native -DRAYSIMD -DHAS_SSE","-O3 -march=native -DRAYSIMD -DHAS_SSE","-O3 -march=native -DRAYSIMD -DHAS_SSE",NA,NA,"{}","TRUE","TRUE","TRUE","FALSE","Linux","Linux","6.17.0-1022-azure","x86_64",NA,"4",NA,"R version 4.6.1 (2026-06-24)","rayrender","0.41.5","228.438000",NA,"2",NA,"1.092","3.092",NA,"3.400000","0.460000","174604","170.511719","228.438000",NA,"ok",NA,"2bdbb0971418a217ea2e08c281be7002",NA,"/home/runner/work/_temp/rayrender-benchmark-workdirs/rayrender-bench-root-26ea6e1717ba/rayrender-current-o3_native_simd_sse-26ea661a3ad8/logs/R-CMD-INSTALL.log","/home/runner/work/_temp/rayrender-benchmark-workdirs/rayrender-bench-root-26ea6e1717ba/rayrender-current-o3_native_simd_sse-26ea661a3ad8/logs/bvh_mixed_primitives-2.log","/home/runner/work/_temp/rayrender-benchmark-workdirs/rayrender-bench-root-26ea6e1717ba/rayrender-current-o3_native_simd_sse-26ea661a3ad8/logs/bvh_mixed_primitives-2.time.log","/home/runner/work/_temp/rayrender-benchmark-workdirs/rayrender-bench-root-26ea6e1717ba/rayrender-current-o3_native_simd_sse-26ea661a3ad8"
"2026-09-03T02:05:47Z","33705707373","1","Render Benchmarks","push","current","current","20eae521be146cea69361f28e61512cfb18ed146","false","camera",NA,NA,NA,"bvh_mixed_primitives","/home/runner/work/rayrender/rayrender/tools/benchmarks/scenes/bvh_mixed_primitives.R","{""width"":50,""height"":50,""samples"":32,""seed"":1,""threads"":1,""time_build"":true,""write_artifact"":false,""sphere_count"":3000,""object_count"":3000}","3","3","1","1","50","50","32","1","TRUE","o3_native_simd_sse","error in running command","gcc -std=gnu2x","g++ -std=gnu++20","-O3 -march=native -DRAYSIMD -DHAS_SSE","-O3 -march=native -DRAYSIMD -DHAS_SSE","-O3 -march=native -DRAYSIMD -DHAS_SSE",NA,NA,"{}","TRUE","TRUE","TRUE","FALSE","Linux","Linux","6.17.0-1022-azure","x86_64",NA,"4",NA,"R version 4.6.1 (2026-06-24)","rayrender","0.41.5","228.438000",NA,"1.941",NA,"1.088","3.029",NA,"3.330000","0.440000","174552","170.460938","228.438000",NA,"ok",NA,"2bdbb0971418a217ea2e08c281be7002",NA,"/home/runner/work/_temp/rayrender-benchmark-workdirs/rayrender-bench-root-26ea6e1717ba/rayrender-current-o3_native_simd_sse-26ea661a3ad8/logs/R-CMD-INSTALL.log","/home/runner/work/_temp/rayrender-benchmark-workdirs/rayrender-bench-root-26ea6e1717ba/rayrender-current-o3_native_simd_sse-26ea661a3ad8/logs/bvh_mixed_primitives-3.log","/home/runner/work/_temp/rayrender-benchmark-workdirs/rayrender-bench-root-26ea6e1717ba/rayrender-current-o3_native_simd_sse-26ea661a3ad8/logs/bvh_mixed_primitives-3.time.log","/home/runner/work/_temp/rayrender-benchmark-workdirs/rayrender-bench-root-26ea6e1717ba/rayrender-current-o3_native_simd_sse-26ea661a3ad8"
"2026-09-05T19:51:20Z","33988197902","1","Render Benchmarks","push","current","current","dc6d6569c7c0d37e63c55dcdc40724775aeb2944","false","camera",NA,NA,NA,"bvh_many_spheres","/home/runner/work/rayrender/rayrender/tools/benchmarks/scenes/bvh_many_spheres.R","{""width"":50,""height"":50,""samples"":32,""seed"":1,""threads"":1,""time_build"":true,""write_artifact"":false,""sphere_count"":3000,""object_count"":3000}",NA,"3","1","1","50","50","32","1","TRUE","o3_native_no_simd","error in running command","gcc -std=gnu2x","g++ -std=gnu++20","-O3 -march=native","-O3 -march=native","-O3 -march=native",NA,NA,"{""RAYRENDER_DISABLE_SIMD"":""true""}","FALSE","FALSE","FALSE","FALSE","Linux","Linux","6.17.0-1022-azure","x86_64",NA,"4",NA,"R version 4.6.1 (2026-06-24)","rayrender","0.41.5","4.653000",NA,NA,NA,NA,NA,NA,NA,NA,NA,NA,"4.653000",NA,"build_failed","-----------------------------------------------
Configuration for rayrender
  cppflags: -I/usr/local/include -DRAY_REPRODUCE_PERLIN -DSTRICT_R_HEADERS -DRAY_HAS_X11
  cxxflags: -ffp-contract=off -fvisibility=hidden -fvisibility-inlines-hidden
  includes: -I/home/runner/work/_temp/Library/libopenexr/include/OpenEXR -I/home/runner/work/_temp/Library/libimath/include/Imath
  libs:     -lX11 -L/home/runner/work/_temp/Library/libopenexr/lib/x86_64 -Wl,-rpath,/home/runner/work/_temp/Library/libopenexr/lib/x86_64 -Wl,-rpath-link,/home/runner/work/_temp/Library/libopenexr/lib/x86_64 -lOpenEXR-4_0 -lOpenEXRUtil-4_0 -lOpenEXRCore-4_0 -lIex-4_0 -lIlmThread-4_0 /home/runner/work/_temp/Library/libopenexr/lib/x86_64/libopenjph.a -L/home/runner/work/_temp/Library/libimath/lib/x86_64 -Wl,-rpath,/home/runner/work/_temp/Library/libimath/lib/x86_64 -Wl,-rpath-link,/home/runner/work/_temp/Library/libimath/lib/x86_64 -lImath-3_2
--------------------------------------------------
** finished configure for package 'rayrender'
** libs
specified C++20
using C++ compiler: ‘g++ (Ubuntu 13.3.0-6ubuntu2~24.04.1) 13.3.0’
using C++20
g++ -std=gnu++20 -I""/opt/R/4.6.1/lib/R/include"" -DNDEBUG -I/home/runner/work/_temp/Library/libopenexr/include/OpenEXR -I/home/runner/work/_temp/Library/libimath/include/Imath  -I'/home/runner/work/_temp/Library/Rcpp/include' -I'/home/runner/work/_temp/Library/RcppThread/include' -I'/home/runner/work/_temp/Library/progress/include' -I'/home/runner/work/_temp/Library/spacefillr/include' -I'/home/runner/work/_temp/Library/testthat/include' -I'/home/runner/work/_temp/Library/libopenexr/include' -I'/home/runner/work/_temp/Library/libimath/include' -I/usr/local/include   -DRAY_REPRODUCE_PERLIN -DSTRICT_R_HEADERS -DRAY_HAS_X11 -ffp-contract=off -fvisibility=hidden -fvisibility-inlines-hidden -fpic  -g -O2   -c PrintClassSizes.cpp -o PrintClassSizes.o
In file included from hitables/../math/../core/../math/vec3.h:7,
                 from hitables/../math/../core/ray.h:5,
                 from hitables/../math/aabb.h:4,
                 from hitables/hitable.h:4,
                 from PrintClassSizes.cpp:2:
hitables/../math/../core/../math/../math/simd.h: In function ‘IVec4 simd_sgn(const IVec4&)’:
hitables/../math/../core/../math/../math/simd.h:736:41: error: cannot convert ‘const int*’ to ‘__m128i’
  736 |     __m128i gt_mask = _mm_cmpgt_epi32(a.v, zero);  // x > 0
      |                                       ~~^
      |                                         |
      |                                         const int*
In file included from hitables/../math/../core/../math/../math/simd.h:51:
/usr/lib/gcc/x86_64-linux-gnu/13/include/emmintrin.h:1387:26: note:   initializing argument 1 of ‘__m128i _mm_cmpgt_epi32(__m128i, __m128i)’
 1387 | _mm_cmpgt_epi32 (__m128i __A, __m128i __B)
      |                  ~~~~~~~~^~~
hitables/../math/../core/../math/../math/simd.h:737:47: error: cannot convert ‘const int*’ to ‘__m128i’
  737 |     __m128i lt_mask = _mm_cmpgt_epi32(zero, a.v);  // x < 0
      |                                             ~~^
      |                                               |
      |                                               const int*
/usr/lib/gcc/x86_64-linux-gnu/13/include/emmintrin.h:1387:39: note:   initializing argument 2 of ‘__m128i _mm_cmpgt_epi32(__m128i, __m128i)’
 1387 | _mm_cmpgt_epi32 (__m128i __A, __m128i __B)
      |                               ~~~~~~~~^~~
hitables/../math/../core/../math/../math/simd.h:742:14: error: incompatible types in assignment of ‘__m128i’ to ‘ivec4’ {aka ‘int [4]’}
  742 |     result.v = _mm_add_epi32(pos_result, neg_result);
      |     ~~~~~~~~~^~~~~~~~~~~~~~~~~~~~~~~~~~~~~~~~~~~~~~~
make: *** [/opt/R/4.6.1/lib/R/etc/Makeconf:199: PrintClassSizes.o] Error 1
ERROR: compilation failed for package ‘rayrender’
* removing ‘/home/runner/work/_temp/rayrender-benchmark-workdirs/rayrender-bench-root-227d6fb7e146/rayrender-current-o3_native_no_simd-227d387d07fd/r-lib/rayrender’",NA,NA,"/home/runner/work/_temp/rayrender-benchmark-workdirs/rayrender-bench-root-227d6fb7e146/rayrender-current-o3_native_no_simd-227d387d07fd/logs/R-CMD-INSTALL.log",NA,NA,"/home/runner/work/_temp/rayrender-benchmark-workdirs/rayrender-bench-root-227d6fb7e146/rayrender-current-o3_native_no_simd-227d387d07fd"
"2026-09-05T19:51:20Z","33988197902","1","Render Benchmarks","push","current","current","dc6d6569c7c0d37e63c55dcdc40724775aeb2944","false","camera",NA,NA,NA,"bvh_mixed_primitives","/home/runner/work/rayrender/rayrender/tools/benchmarks/scenes/bvh_mixed_primitives.R","{""width"":50,""height"":50,""samples"":32,""seed"":1,""threads"":1,""time_build"":true,""write_artifact"":false,""sphere_count"":3000,""object_count"":3000}",NA,"3","1","1","50","50","32","1","TRUE","o3_native_no_simd","error in running command","gcc -std=gnu2x","g++ -std=gnu++20","-O3 -march=native","-O3 -march=native","-O3 -march=native",NA,NA,"{""RAYRENDER_DISABLE_SIMD"":""true""}","FALSE","FALSE","FALSE","FALSE","Linux","Linux","6.17.0-1022-azure","x86_64",NA,"4",NA,"R version 4.6.1 (2026-06-24)","rayrender","0.41.5","4.653000",NA,NA,NA,NA,NA,NA,NA,NA,NA,NA,"4.653000",NA,"build_failed","-----------------------------------------------
Configuration for rayrender
  cppflags: -I/usr/local/include -DRAY_REPRODUCE_PERLIN -DSTRICT_R_HEADERS -DRAY_HAS_X11
  cxxflags: -ffp-contract=off -fvisibility=hidden -fvisibility-inlines-hidden
  includes: -I/home/runner/work/_temp/Library/libopenexr/include/OpenEXR -I/home/runner/work/_temp/Library/libimath/include/Imath
  libs:     -lX11 -L/home/runner/work/_temp/Library/libopenexr/lib/x86_64 -Wl,-rpath,/home/runner/work/_temp/Library/libopenexr/lib/x86_64 -Wl,-rpath-link,/home/runner/work/_temp/Library/libopenexr/lib/x86_64 -lOpenEXR-4_0 -lOpenEXRUtil-4_0 -lOpenEXRCore-4_0 -lIex-4_0 -lIlmThread-4_0 /home/runner/work/_temp/Library/libopenexr/lib/x86_64/libopenjph.a -L/home/runner/work/_temp/Library/libimath/lib/x86_64 -Wl,-rpath,/home/runner/work/_temp/Library/libimath/lib/x86_64 -Wl,-rpath-link,/home/runner/work/_temp/Library/libimath/lib/x86_64 -lImath-3_2
--------------------------------------------------
** finished configure for package 'rayrender'
** libs
specified C++20
using C++ compiler: ‘g++ (Ubuntu 13.3.0-6ubuntu2~24.04.1) 13.3.0’
using C++20
g++ -std=gnu++20 -I""/opt/R/4.6.1/lib/R/include"" -DNDEBUG -I/home/runner/work/_temp/Library/libopenexr/include/OpenEXR -I/home/runner/work/_temp/Library/libimath/include/Imath  -I'/home/runner/work/_temp/Library/Rcpp/include' -I'/home/runner/work/_temp/Library/RcppThread/include' -I'/home/runner/work/_temp/Library/progress/include' -I'/home/runner/work/_temp/Library/spacefillr/include' -I'/home/runner/work/_temp/Library/testthat/include' -I'/home/runner/work/_temp/Library/libopenexr/include' -I'/home/runner/work/_temp/Library/libimath/include' -I/usr/local/include   -DRAY_REPRODUCE_PERLIN -DSTRICT_R_HEADERS -DRAY_HAS_X11 -ffp-contract=off -fvisibility=hidden -fvisibility-inlines-hidden -fpic  -g -O2   -c PrintClassSizes.cpp -o PrintClassSizes.o
In file included from hitables/../math/../core/../math/vec3.h:7,
                 from hitables/../math/../core/ray.h:5,
                 from hitables/../math/aabb.h:4,
                 from hitables/hitable.h:4,
                 from PrintClassSizes.cpp:2:
hitables/../math/../core/../math/../math/simd.h: In function ‘IVec4 simd_sgn(const IVec4&)’:
hitables/../math/../core/../math/../math/simd.h:736:41: error: cannot convert ‘const int*’ to ‘__m128i’
  736 |     __m128i gt_mask = _mm_cmpgt_epi32(a.v, zero);  // x > 0
      |                                       ~~^
      |                                         |
      |                                         const int*
In file included from hitables/../math/../core/../math/../math/simd.h:51:
/usr/lib/gcc/x86_64-linux-gnu/13/include/emmintrin.h:1387:26: note:   initializing argument 1 of ‘__m128i _mm_cmpgt_epi32(__m128i, __m128i)’
 1387 | _mm_cmpgt_epi32 (__m128i __A, __m128i __B)
      |                  ~~~~~~~~^~~
hitables/../math/../core/../math/../math/simd.h:737:47: error: cannot convert ‘const int*’ to ‘__m128i’
  737 |     __m128i lt_mask = _mm_cmpgt_epi32(zero, a.v);  // x < 0
      |                                             ~~^
      |                                               |
      |                                               const int*
/usr/lib/gcc/x86_64-linux-gnu/13/include/emmintrin.h:1387:39: note:   initializing argument 2 of ‘__m128i _mm_cmpgt_epi32(__m128i, __m128i)’
 1387 | _mm_cmpgt_epi32 (__m128i __A, __m128i __B)
      |                               ~~~~~~~~^~~
hitables/../math/../core/../math/../math/simd.h:742:14: error: incompatible types in assignment of ‘__m128i’ to ‘ivec4’ {aka ‘int [4]’}
  742 |     result.v = _mm_add_epi32(pos_result, neg_result);
      |     ~~~~~~~~~^~~~~~~~~~~~~~~~~~~~~~~~~~~~~~~~~~~~~~~
make: *** [/opt/R/4.6.1/lib/R/etc/Makeconf:199: PrintClassSizes.o] Error 1
ERROR: compilation failed for package ‘rayrender’
* removing ‘/home/runner/work/_temp/rayrender-benchmark-workdirs/rayrender-bench-root-227d6fb7e146/rayrender-current-o3_native_no_simd-227d387d07fd/r-lib/rayrender’",NA,NA,"/home/runner/work/_temp/rayrender-benchmark-workdirs/rayrender-bench-root-227d6fb7e146/rayrender-current-o3_native_no_simd-227d387d07fd/logs/R-CMD-INSTALL.log",NA,NA,"/home/runner/work/_temp/rayrender-benchmark-workdirs/rayrender-bench-root-227d6fb7e146/rayrender-current-o3_native_no_simd-227d387d07fd"
"2026-09-05T19:56:20Z","33988197902","1","Render Benchmarks","push","current","current","dc6d6569c7c0d37e63c55dcdc40724775aeb2944","false","camera",NA,NA,NA,"bvh_many_spheres","/home/runner/work/rayrender/rayrender/tools/benchmarks/scenes/bvh_many_spheres.R","{""width"":50,""height"":50,""samples"":32,""seed"":1,""threads"":1,""time_build"":true,""write_artifact"":false,""sphere_count"":3000,""object_count"":3000}","1","3","1","1","50","50","32","1","TRUE","o3_native_simd_sse","error in running command","gcc -std=gnu2x","g++ -std=gnu++20","-O3 -march=native -DRAYSIMD -DHAS_SSE","-O3 -march=native -DRAYSIMD -DHAS_SSE","-O3 -march=native -DRAYSIMD -DHAS_SSE",NA,NA,"{}","TRUE","TRUE","TRUE","FALSE","Linux","Linux","6.17.0-1022-azure","x86_64",NA,"4",NA,"R version 4.6.1 (2026-06-24)","rayrender","0.41.5","264.553000",NA,"2.61",NA,"0.958","3.568",NA,"4.030000","0.430000","174404","170.316406","264.553000",NA,"ok",NA,"b65c2ea8a3206baba5f72b3521b0f1c5",NA,"/home/runner/work/_temp/rayrender-benchmark-workdirs/rayrender-bench-root-23607a60f36d/rayrender-current-o3_native_simd_sse-236066914e56/logs/R-CMD-INSTALL.log","/home/runner/work/_temp/rayrender-benchmark-workdirs/rayrender-bench-root-23607a60f36d/rayrender-current-o3_native_simd_sse-236066914e56/logs/bvh_many_spheres-1.log","/home/runner/work/_temp/rayrender-benchmark-workdirs/rayrender-bench-root-23607a60f36d/rayrender-current-o3_native_simd_sse-236066914e56/logs/bvh_many_spheres-1.time.log","/home/runner/work/_temp/rayrender-benchmark-workdirs/rayrender-bench-root-23607a60f36d/rayrender-current-o3_native_simd_sse-236066914e56"
"2026-09-05T19:56:25Z","33988197902","1","Render Benchmarks","push","current","current","dc6d6569c7c0d37e63c55dcdc40724775aeb2944","false","camera",NA,NA,NA,"bvh_many_spheres","/home/runner/work/rayrender/rayrender/tools/benchmarks/scenes/bvh_many_spheres.R","{""width"":50,""height"":50,""samples"":32,""seed"":1,""threads"":1,""time_build"":true,""write_artifact"":false,""sphere_count"":3000,""object_count"":3000}","2","3","1","1","50","50","32","1","TRUE","o3_native_simd_sse","error in running command","gcc -std=gnu2x","g++ -std=gnu++20","-O3 -march=native -DRAYSIMD -DHAS_SSE","-O3 -march=native -DRAYSIMD -DHAS_SSE","-O3 -march=native -DRAYSIMD -DHAS_SSE",NA,NA,"{}","TRUE","TRUE","TRUE","FALSE","Linux","Linux","6.17.0-1022-azure","x86_64",NA,"4",NA,"R version 4.6.1 (2026-06-24)","rayrender","0.41.5","264.553000",NA,"2.628",NA,"0.958","3.586",NA,"4.030000","0.440000","174184","170.101562","264.553000",NA,"ok",NA,"b65c2ea8a3206baba5f72b3521b0f1c5",NA,"/home/runner/work/_temp/rayrender-benchmark-workdirs/rayrender-bench-root-23607a60f36d/rayrender-current-o3_native_simd_sse-236066914e56/logs/R-CMD-INSTALL.log","/home/runner/work/_temp/rayrender-benchmark-workdirs/rayrender-bench-root-23607a60f36d/rayrender-current-o3_native_simd_sse-236066914e56/logs/bvh_many_spheres-2.log","/home/runner/work/_temp/rayrender-benchmark-workdirs/rayrender-bench-root-23607a60f36d/rayrender-current-o3_native_simd_sse-236066914e56/logs/bvh_many_spheres-2.time.log","/home/runner/work/_temp/rayrender-benchmark-workdirs/rayrender-bench-root-23607a60f36d/rayrender-current-o3_native_simd_sse-236066914e56"
"2026-09-05T19:56:29Z","33988197902","1","Render Benchmarks","push","current","current","dc6d6569c7c0d37e63c55dcdc40724775aeb2944","false","camera",NA,NA,NA,"bvh_many_spheres","/home/runner/work/rayrender/rayrender/tools/benchmarks/scenes/bvh_many_spheres.R","{""width"":50,""height"":50,""samples"":32,""seed"":1,""threads"":1,""time_build"":true,""write_artifact"":false,""sphere_count"":3000,""object_count"":3000}","3","3","1","1","50","50","32","1","TRUE","o3_native_simd_sse","error in running command","gcc -std=gnu2x","g++ -std=gnu++20","-O3 -march=native -DRAYSIMD -DHAS_SSE","-O3 -march=native -DRAYSIMD -DHAS_SSE","-O3 -march=native -DRAYSIMD -DHAS_SSE",NA,NA,"{}","TRUE","TRUE","TRUE","FALSE","Linux","Linux","6.17.0-1022-azure","x86_64",NA,"4",NA,"R version 4.6.1 (2026-06-24)","rayrender","0.41.5","264.553000",NA,"2.635",NA,"0.96","3.595",NA,"4.070000","0.440000","174224","170.140625","264.553000",NA,"ok",NA,"b65c2ea8a3206baba5f72b3521b0f1c5",NA,"/home/runner/work/_temp/rayrender-benchmark-workdirs/rayrender-bench-root-23607a60f36d/rayrender-current-o3_native_simd_sse-236066914e56/logs/R-CMD-INSTALL.log","/home/runner/work/_temp/rayrender-benchmark-workdirs/rayrender-bench-root-23607a60f36d/rayrender-current-o3_native_simd_sse-236066914e56/logs/bvh_many_spheres-3.log","/home/runner/work/_temp/rayrender-benchmark-workdirs/rayrender-bench-root-23607a60f36d/rayrender-current-o3_native_simd_sse-236066914e56/logs/bvh_many_spheres-3.time.log","/home/runner/work/_temp/rayrender-benchmark-workdirs/rayrender-bench-root-23607a60f36d/rayrender-current-o3_native_simd_sse-236066914e56"
"2026-09-05T19:56:39Z","33988197902","1","Render Benchmarks","push","current","current","dc6d6569c7c0d37e63c55dcdc40724775aeb2944","false","camera",NA,NA,NA,"bvh_mixed_primitives","/home/runner/work/rayrender/rayrender/tools/benchmarks/scenes/bvh_mixed_primitives.R","{""width"":50,""height"":50,""samples"":32,""seed"":1,""threads"":1,""time_build"":true,""write_artifact"":false,""sphere_count"":3000,""object_count"":3000}","1","3","1","1","50","50","32","1","TRUE","o3_native_simd_sse","error in running command","gcc -std=gnu2x","g++ -std=gnu++20","-O3 -march=native -DRAYSIMD -DHAS_SSE","-O3 -march=native -DRAYSIMD -DHAS_SSE","-O3 -march=native -DRAYSIMD -DHAS_SSE",NA,NA,"{}","TRUE","TRUE","TRUE","FALSE","Linux","Linux","6.17.0-1022-azure","x86_64",NA,"4",NA,"R version 4.6.1 (2026-06-24)","rayrender","0.41.5","264.553000",NA,"2.625",NA,"1.194","3.819",NA,"4.260000","0.510000","174388","170.300781","264.553000",NA,"ok",NA,"2bdbb0971418a217ea2e08c281be7002",NA,"/home/runner/work/_temp/rayrender-benchmark-workdirs/rayrender-bench-root-23607a60f36d/rayrender-current-o3_native_simd_sse-236066914e56/logs/R-CMD-INSTALL.log","/home/runner/work/_temp/rayrender-benchmark-workdirs/rayrender-bench-root-23607a60f36d/rayrender-current-o3_native_simd_sse-236066914e56/logs/bvh_mixed_primitives-1.log","/home/runner/work/_temp/rayrender-benchmark-workdirs/rayrender-bench-root-23607a60f36d/rayrender-current-o3_native_simd_sse-236066914e56/logs/bvh_mixed_primitives-1.time.log","/home/runner/work/_temp/rayrender-benchmark-workdirs/rayrender-bench-root-23607a60f36d/rayrender-current-o3_native_simd_sse-236066914e56"
"2026-09-05T19:56:43Z","33988197902","1","Render Benchmarks","push","current","current","dc6d6569c7c0d37e63c55dcdc40724775aeb2944","false","camera",NA,NA,NA,"bvh_mixed_primitives","/home/runner/work/rayrender/rayrender/tools/benchmarks/scenes/bvh_mixed_primitives.R","{""width"":50,""height"":50,""samples"":32,""seed"":1,""threads"":1,""time_build"":true,""write_artifact"":false,""sphere_count"":3000,""object_count"":3000}","2","3","1","1","50","50","32","1","TRUE","o3_native_simd_sse","error in running command","gcc -std=gnu2x","g++ -std=gnu++20","-O3 -march=native -DRAYSIMD -DHAS_SSE","-O3 -march=native -DRAYSIMD -DHAS_SSE","-O3 -march=native -DRAYSIMD -DHAS_SSE",NA,NA,"{}","TRUE","TRUE","TRUE","FALSE","Linux","Linux","6.17.0-1022-azure","x86_64",NA,"4",NA,"R version 4.6.1 (2026-06-24)","rayrender","0.41.5","264.553000",NA,"2.635",NA,"1.2","3.835",NA,"4.260000","0.480000","174564","170.472656","264.553000",NA,"ok",NA,"2bdbb0971418a217ea2e08c281be7002",NA,"/home/runner/work/_temp/rayrender-benchmark-workdirs/rayrender-bench-root-23607a60f36d/rayrender-current-o3_native_simd_sse-236066914e56/logs/R-CMD-INSTALL.log","/home/runner/work/_temp/rayrender-benchmark-workdirs/rayrender-bench-root-23607a60f36d/rayrender-current-o3_native_simd_sse-236066914e56/logs/bvh_mixed_primitives-2.log","/home/runner/work/_temp/rayrender-benchmark-workdirs/rayrender-bench-root-23607a60f36d/rayrender-current-o3_native_simd_sse-236066914e56/logs/bvh_mixed_primitives-2.time.log","/home/runner/work/_temp/rayrender-benchmark-workdirs/rayrender-bench-root-23607a60f36d/rayrender-current-o3_native_simd_sse-236066914e56"
"2026-09-05T19:56:48Z","33988197902","1","Render Benchmarks","push","current","current","dc6d6569c7c0d37e63c55dcdc40724775aeb2944","false","camera",NA,NA,NA,"bvh_mixed_primitives","/home/runner/work/rayrender/rayrender/tools/benchmarks/scenes/bvh_mixed_primitives.R","{""width"":50,""height"":50,""samples"":32,""seed"":1,""threads"":1,""time_build"":true,""write_artifact"":false,""sphere_count"":3000,""object_count"":3000}","3","3","1","1","50","50","32","1","TRUE","o3_native_simd_sse","error in running command","gcc -std=gnu2x","g++ -std=gnu++20","-O3 -march=native -DRAYSIMD -DHAS_SSE","-O3 -march=native -DRAYSIMD -DHAS_SSE","-O3 -march=native -DRAYSIMD -DHAS_SSE",NA,NA,"{}","TRUE","TRUE","TRUE","FALSE","Linux","Linux","6.17.0-1022-azure","x86_64",NA,"4",NA,"R version 4.6.1 (2026-06-24)","rayrender","0.41.5","264.553000",NA,"2.638",NA,"1.207","3.845",NA,"4.260000","0.480000","174528","170.437500","264.553000",NA,"ok",NA,"2bdbb0971418a217ea2e08c281be7002",NA,"/home/runner/work/_temp/rayrender-benchmark-workdirs/rayrender-bench-root-23607a60f36d/rayrender-current-o3_native_simd_sse-236066914e56/logs/R-CMD-INSTALL.log","/home/runner/work/_temp/rayrender-benchmark-workdirs/rayrender-bench-root-23607a60f36d/rayrender-current-o3_native_simd_sse-236066914e56/logs/bvh_mixed_primitives-3.log","/home/runner/work/_temp/rayrender-benchmark-workdirs/rayrender-bench-root-23607a60f36d/rayrender-current-o3_native_simd_sse-236066914e56/logs/bvh_mixed_primitives-3.time.log","/home/runner/work/_temp/rayrender-benchmark-workdirs/rayrender-bench-root-23607a60f36d/rayrender-current-o3_native_simd_sse-236066914e56"
